timestamp,event_type,order_id,side,price,quantity
0,ADD_ORDER,1,SELL,99.98,5
0,MARKET_ORDER,2,BUY,,3
0,ADD_ORDER,3,SELL,99.97,2
0,ADD_ORDER,4,BUY,99.99,1
0,CANCEL_ORDER,4,,,
0,ADD_ORDER,5,BUY,100.00,3
0,CANCEL_ORDER,5,,,
0,MARKET_ORDER,6,SELL,,1
1,ADD_ORDER,7,SELL,100.03,2
1,ADD_ORDER,8,BUY,100.02,4
1,ADD_ORDER,9,SELL,99.97,2
1,CANCEL_ORDER,3,,,
1,ADD_ORDER,10,SELL,99.97,2
1,CANCEL_ORDER,10,,,
1,ADD_ORDER,11,BUY,100.00,2
1,ADD_ORDER,12,SELL,100.00,1
2,ADD_ORDER,13,SELL,99.98,5
2,MARKET_ORDER,14,SELL,,2
2,ADD_ORDER,15,SELL,99.99,5
2,ADD_ORDER,16,BUY,99.99,3
2,ADD_ORDER,17,BUY,100.01,2
2,ADD_ORDER,18,SELL,99.99,5
3,ADD_ORDER,19,SELL,100.02,3
3,ADD_ORDER,20,SELL,100.01,4
3,ADD_ORDER,21,BUY,100.05,1
3,ADD_ORDER,22,BUY,100.07,5
3,ADD_ORDER,23,BUY,100.01,3
3,ADD_ORDER,24,SELL,100.06,1
4,ADD_ORDER,25,BUY,99.95,1
4,ADD_ORDER,26,SELL,99.96,2
4,CANCEL_ORDER,24,,,
4,ADD_ORDER,27,SELL,99.97,5
4,ADD_ORDER,28,SELL,99.95,1
4,MARKET_ORDER,29,BUY,,4
4,ADD_ORDER,30,BUY,99.98,4
5,MARKET_ORDER,31,SELL,,1
5,ADD_ORDER,32,SELL,99.99,3
5,MARKET_ORDER,33,BUY,,1
5,ADD_ORDER,34,SELL,99.97,3
5,ADD_ORDER,35,SELL,100.04,1
5,ADD_ORDER,36,SELL,99.99,3
6,MARKET_ORDER,37,BUY,,1
6,ADD_ORDER,38,BUY,100.00,3
6,ADD_ORDER,39,SELL,100.01,5
6,ADD_ORDER,40,SELL,100.00,4
6,ADD_ORDER,41,BUY,100.08,3
6,ADD_ORDER,42,SELL,99.99,5
7,ADD_ORDER,43,BUY,100.01,5
7,ADD_ORDER,44,BUY,100.04,1
7,ADD_ORDER,45,SELL,100.07,3
7,ADD_ORDER,46,BUY,100.02,2
7,ADD_ORDER,47,SELL,100.04,2
7,ADD_ORDER,48,BUY,100.01,1
8,ADD_ORDER,49,BUY,100.00,2
8,ADD_ORDER,50,BUY,99.98,2
8,ADD_ORDER,51,SELL,99.98,4
8,ADD_ORDER,52,BUY,99.97,3
8,ADD_ORDER,53,SELL,99.98,3
8,ADD_ORDER,54,BUY,100.01,2
9,ADD_ORDER,55,BUY,100.05,2
9,ADD_ORDER,56,BUY,100.01,5
9,ADD_ORDER,57,BUY,100.10,3
9,CANCEL_ORDER,42,,,
9,ADD_ORDER,58,SELL,100.08,4
9,ADD_ORDER,59,BUY,100.04,1
9,ADD_ORDER,60,SELL,100.09,2
10,MARKET_ORDER,61,BUY,,2
10,ADD_ORDER,62,SELL,100.07,4
10,ADD_ORDER,63,SELL,100.06,4
10,MARKET_ORDER,64,BUY,,4
10,CANCEL_ORDER,48,,,
10,ADD_ORDER,65,BUY,100.06,2
10,ADD_ORDER,66,BUY,100.05,4
11,ADD_ORDER,67,SELL,100.03,5
11,ADD_ORDER,68,SELL,100.09,1
11,ADD_ORDER,69,BUY,100.07,5
11,ADD_ORDER,70,BUY,100.03,1
11,ADD_ORDER,71,BUY,100.07,4
11,ADD_ORDER,72,SELL,100.03,4
12,ADD_ORDER,73,BUY,100.03,5
12,ADD_ORDER,74,SELL,100.05,2
12,ADD_ORDER,75,SELL,100.03,1
12,ADD_ORDER,76,BUY,100.06,2
12,CANCEL_ORDER,51,,,
12,ADD_ORDER,77,BUY,100.07,5
12,MARKET_ORDER,78,BUY,,4
13,ADD_ORDER,79,SELL,100.03,3
13,ADD_ORDER,80,BUY,100.05,2
13,ADD_ORDER,81,SELL,100.05,4
13,CANCEL_ORDER,46,,,
13,MARKET_ORDER,82,BUY,,2
13,MARKET_ORDER,83,BUY,,5
13,ADD_ORDER,84,SELL,100.04,4
14,ADD_ORDER,85,SELL,100.09,3
14,MARKET_ORDER,86,BUY,,4
14,ADD_ORDER,87,BUY,100.03,4
14,ADD_ORDER,88,BUY,100.04,4
14,ADD_ORDER,89,BUY,100.02,5
14,ADD_ORDER,90,SELL,100.03,5
15,ADD_ORDER,91,BUY,100.03,1
15,ADD_ORDER,92,SELL,99.99,1
15,CANCEL_ORDER,1,,,
15,ADD_ORDER,93,BUY,100.01,4
15,ADD_ORDER,94,SELL,99.99,5
15,ADD_ORDER,95,BUY,100.03,3
15,ADD_ORDER,96,SELL,100.06,4
16,ADD_ORDER,97,SELL,100.06,4
16,ADD_ORDER,98,BUY,100.04,5
16,ADD_ORDER,99,SELL,100.04,2
16,CANCEL_ORDER,71,,,
16,ADD_ORDER,100,SELL,100.05,1
16,ADD_ORDER,101,SELL,100.06,4
16,ADD_ORDER,102,BUY,100.04,2
17,ADD_ORDER,103,BUY,100.04,1
17,CANCEL_ORDER,16,,,
17,ADD_ORDER,104,BUY,100.04,4
17,ADD_ORDER,105,SELL,100.12,5
17,ADD_ORDER,106,BUY,100.03,5
17,ADD_ORDER,107,BUY,100.08,2
17,ADD_ORDER,108,SELL,100.09,3
18,ADD_ORDER,109,SELL,100.05,2
18,ADD_ORDER,110,BUY,100.04,3
18,ADD_ORDER,111,BUY,100.06,2
18,ADD_ORDER,112,BUY,100.11,1
18,ADD_ORDER,113,BUY,100.02,1
18,ADD_ORDER,114,SELL,100.03,2
19,CANCEL_ORDER,59,,,
19,ADD_ORDER,115,BUY,100.04,4
19,MARKET_ORDER,116,SELL,,1
19,ADD_ORDER,117,BUY,100.08,4
19,CANCEL_ORDER,47,,,
19,ADD_ORDER,118,BUY,100.03,4
19,ADD_ORDER,119,SELL,100.06,1
19,ADD_ORDER,120,SELL,100.05,2
20,ADD_ORDER,121,BUY,100.00,1
20,ADD_ORDER,122,SELL,100.07,5
20,ADD_ORDER,123,SELL,100.03,2
20,CANCEL_ORDER,90,,,
20,MARKET_ORDER,124,SELL,,1
20,ADD_ORDER,125,SELL,100.01,3
20,ADD_ORDER,126,BUY,100.02,3
21,ADD_ORDER,127,SELL,100.02,4
21,ADD_ORDER,128,SELL,99.98,3
21,ADD_ORDER,129,SELL,99.98,1
21,ADD_ORDER,130,SELL,99.99,1
21,ADD_ORDER,131,SELL,99.98,3
21,ADD_ORDER,132,BUY,99.97,4
22,ADD_ORDER,133,SELL,99.98,5
22,ADD_ORDER,134,SELL,100.07,3
22,CANCEL_ORDER,130,,,
22,ADD_ORDER,135,BUY,99.97,4
22,ADD_ORDER,136,BUY,99.99,5
22,ADD_ORDER,137,SELL,100.00,3
22,ADD_ORDER,138,BUY,99.97,2
23,CANCEL_ORDER,110,,,
23,ADD_ORDER,139,SELL,100.09,4
23,ADD_ORDER,140,BUY,100.04,2
23,ADD_ORDER,141,SELL,100.00,1
23,ADD_ORDER,142,SELL,100.02,1
23,ADD_ORDER,143,BUY,100.04,1
23,CANCEL_ORDER,62,,,
23,ADD_ORDER,144,BUY,100.03,4
24,ADD_ORDER,145,SELL,100.03,3
24,ADD_ORDER,146,BUY,100.00,1
24,CANCEL_ORDER,115,,,
24,ADD_ORDER,147,SELL,100.06,1
24,ADD_ORDER,148,BUY,99.99,1
24,ADD_ORDER,149,SELL,99.99,5
24,CANCEL_ORDER,107,,,
24,ADD_ORDER,150,SELL,100.00,2
25,ADD_ORDER,151,SELL,99.93,4
25,ADD_ORDER,152,BUY,100.00,2
25,ADD_ORDER,153,SELL,99.93,1
25,ADD_ORDER,154,SELL,99.95,1
25,ADD_ORDER,155,SELL,99.93,3
25,ADD_ORDER,156,SELL,99.94,5
26,ADD_ORDER,157,SELL,99.95,5
26,ADD_ORDER,158,BUY,99.96,4
26,ADD_ORDER,159,BUY,99.96,4
26,ADD_ORDER,160,BUY,99.96,1
26,MARKET_ORDER,161,SELL,,1
26,ADD_ORDER,162,SELL,99.92,2
27,CANCEL_ORDER,28,,,
27,ADD_ORDER,163,SELL,99.94,2
27,ADD_ORDER,164,BUY,100.00,4
27,ADD_ORDER,165,BUY,99.94,3
27,ADD_ORDER,166,SELL,99.93,1
27,ADD_ORDER,167,BUY,99.98,3
27,ADD_ORDER,168,BUY,99.92,3
28,ADD_ORDER,169,BUY,99.92,1
28,ADD_ORDER,170,BUY,99.93,3
28,ADD_ORDER,171,BUY,99.93,1
28,ADD_ORDER,172,BUY,99.93,2
28,CANCEL_ORDER,137,,,
28,ADD_ORDER,173,BUY,99.94,3
28,ADD_ORDER,174,BUY,99.90,3
29,ADD_ORDER,175,SELL,99.93,1
29,ADD_ORDER,176,SELL,99.94,2
29,ADD_ORDER,177,SELL,99.94,5
29,ADD_ORDER,178,SELL,99.94,4
29,ADD_ORDER,179,SELL,99.93,3
29,ADD_ORDER,180,BUY,99.92,4
30,ADD_ORDER,181,SELL,99.92,2
30,ADD_ORDER,182,BUY,99.92,5
30,CANCEL_ORDER,70,,,
30,ADD_ORDER,183,BUY,99.94,1
30,ADD_ORDER,184,BUY,99.91,1
30,ADD_ORDER,185,BUY,99.93,3
30,ADD_ORDER,186,BUY,99.94,1
31,CANCEL_ORDER,159,,,
31,ADD_ORDER,187,SELL,99.92,4
31,CANCEL_ORDER,60,,,
31,ADD_ORDER,188,SELL,99.93,3
31,CANCEL_ORDER,104,,,
31,ADD_ORDER,189,SELL,100.00,5
31,CANCEL_ORDER,9,,,
31,MARKET_ORDER,190,SELL,,5
31,ADD_ORDER,191,SELL,99.94,3
31,ADD_ORDER,192,SELL,99.92,1
32,ADD_ORDER,193,SELL,99.94,2
32,CANCEL_ORDER,180,,,
32,ADD_ORDER,194,BUY,99.96,2
32,ADD_ORDER,195,BUY,99.92,4
32,CANCEL_ORDER,191,,,
32,MARKET_ORDER,196,BUY,,4
32,ADD_ORDER,197,SELL,99.92,2
32,ADD_ORDER,198,SELL,99.96,2
33,ADD_ORDER,199,SELL,99.93,4
33,ADD_ORDER,200,BUY,99.90,5
33,CANCEL_ORDER,73,,,
33,ADD_ORDER,201,SELL,99.97,3
33,ADD_ORDER,202,SELL,99.89,2
33,ADD_ORDER,203,BUY,99.93,5
33,CANCEL_ORDER,140,,,
33,ADD_ORDER,204,SELL,99.96,5
34,MARKET_ORDER,205,BUY,,5
34,ADD_ORDER,206,SELL,99.92,2
34,CANCEL_ORDER,184,,,
34,MARKET_ORDER,207,BUY,,2
34,ADD_ORDER,208,SELL,99.92,5
34,ADD_ORDER,209,BUY,99.93,3
34,ADD_ORDER,210,BUY,99.95,2
35,CANCEL_ORDER,65,,,
35,ADD_ORDER,211,SELL,99.94,5
35,ADD_ORDER,212,BUY,99.92,3
35,CANCEL_ORDER,36,,,
35,ADD_ORDER,213,SELL,99.95,5
35,ADD_ORDER,214,BUY,99.91,2
35,ADD_ORDER,215,SELL,99.93,4
35,MARKET_ORDER,216,BUY,,1
36,MARKET_ORDER,217,BUY,,5
36,CANCEL_ORDER,96,,,
36,ADD_ORDER,218,SELL,99.95,4
36,ADD_ORDER,219,BUY,99.91,1
36,ADD_ORDER,220,SELL,100.01,3
36,CANCEL_ORDER,101,,,
36,ADD_ORDER,221,BUY,99.95,3
36,CANCEL_ORDER,133,,,
36,ADD_ORDER,222,BUY,100.00,4
37,ADD_ORDER,223,SELL,99.93,2
37,MARKET_ORDER,224,BUY,,5
37,ADD_ORDER,225,BUY,99.92,2
37,CANCEL_ORDER,81,,,
37,ADD_ORDER,226,SELL,99.95,5
37,CANCEL_ORDER,220,,,
37,ADD_ORDER,227,BUY,99.90,4
37,ADD_ORDER,228,SELL,99.92,3
38,CANCEL_ORDER,155,,,
38,MARKET_ORDER,229,BUY,,2
38,ADD_ORDER,230,BUY,99.90,5
38,ADD_ORDER,231,SELL,99.92,5
38,CANCEL_ORDER,209,,,
38,ADD_ORDER,232,BUY,99.97,1
38,ADD_ORDER,233,BUY,99.89,1
38,ADD_ORDER,234,SELL,99.90,4
39,ADD_ORDER,235,SELL,99.92,3
39,ADD_ORDER,236,SELL,99.94,2
39,ADD_ORDER,237,SELL,99.92,4
39,ADD_ORDER,238,BUY,99.93,4
39,ADD_ORDER,239,SELL,99.93,5
39,ADD_ORDER,240,SELL,99.98,1
40,ADD_ORDER,241,SELL,100.03,1
40,MARKET_ORDER,242,BUY,,2
40,CANCEL_ORDER,142,,,
40,ADD_ORDER,243,BUY,99.95,1
40,ADD_ORDER,244,BUY,99.93,4
40,ADD_ORDER,245,SELL,99.94,4
40,MARKET_ORDER,246,BUY,,2
41,MARKET_ORDER,247,BUY,,1
41,MARKET_ORDER,248,SELL,,5
41,ADD_ORDER,249,SELL,99.95,4
41,CANCEL_ORDER,85,,,
41,ADD_ORDER,250,SELL,99.94,3
41,CANCEL_ORDER,181,,,
41,ADD_ORDER,251,BUY,99.96,2
41,CANCEL_ORDER,18,,,
41,ADD_ORDER,252,BUY,99.97,5
42,MARKET_ORDER,253,SELL,,1
42,ADD_ORDER,254,SELL,99.93,1
42,ADD_ORDER,255,SELL,99.97,4
42,ADD_ORDER,256,SELL,99.97,5
42,CANCEL_ORDER,150,,,
42,ADD_ORDER,257,BUY,99.96,4
42,ADD_ORDER,258,BUY,99.99,5
43,ADD_ORDER,259,SELL,99.98,2
43,ADD_ORDER,260,SELL,100.05,1
43,ADD_ORDER,261,SELL,99.97,2
43,MARKET_ORDER,262,SELL,,4
43,ADD_ORDER,263,BUY,99.98,2
43,ADD_ORDER,264,SELL,99.97,2
44,ADD_ORDER,265,SELL,100.01,4
44,CANCEL_ORDER,173,,,
44,ADD_ORDER,266,BUY,100.01,3
44,ADD_ORDER,267,SELL,100.00,1
44,CANCEL_ORDER,164,,,
44,ADD_ORDER,268,BUY,100.02,5
44,ADD_ORDER,269,BUY,100.04,4
44,MARKET_ORDER,270,SELL,,3
45,ADD_ORDER,271,SELL,100.02,4
45,CANCEL_ORDER,179,,,
45,ADD_ORDER,272,SELL,100.02,1
45,ADD_ORDER,273,SELL,100.02,2
45,ADD_ORDER,274,SELL,99.99,1
45,CANCEL_ORDER,254,,,
45,ADD_ORDER,275,BUY,100.02,3
45,ADD_ORDER,276,SELL,100.01,1
46,ADD_ORDER,277,BUY,100.03,1
46,ADD_ORDER,278,SELL,100.03,2
46,CANCEL_ORDER,149,,,
46,ADD_ORDER,279,SELL,100.06,1
46,MARKET_ORDER,280,BUY,,4
46,ADD_ORDER,281,BUY,100.04,5
46,ADD_ORDER,282,BUY,100.11,3
47,ADD_ORDER,283,SELL,100.05,2
47,CANCEL_ORDER,279,,,
47,ADD_ORDER,284,BUY,100.08,1
47,ADD_ORDER,285,BUY,100.04,4
47,CANCEL_ORDER,174,,,
47,ADD_ORDER,286,BUY,100.08,5
47,ADD_ORDER,287,SELL,100.04,2
47,MARKET_ORDER,288,SELL,,2
48,ADD_ORDER,289,BUY,100.05,2
48,ADD_ORDER,290,BUY,100.05,2
48,ADD_ORDER,291,SELL,100.07,4
48,CANCEL_ORDER,129,,,
48,ADD_ORDER,292,SELL,100.04,2
48,ADD_ORDER,293,BUY,100.06,3
48,ADD_ORDER,294,SELL,100.09,2
49,ADD_ORDER,295,BUY,100.06,5
49,MARKET_ORDER,296,BUY,,5
49,CANCEL_ORDER,112,,,
49,ADD_ORDER,297,BUY,100.02,4
49,MARKET_ORDER,298,SELL,,5
49,ADD_ORDER,299,BUY,100.04,2
49,MARKET_ORDER,300,BUY,,1
50,CANCEL_ORDER,275,,,
50,ADD_ORDER,301,BUY,100.05,4
50,ADD_ORDER,302,BUY,100.04,5
50,CANCEL_ORDER,178,,,
50,ADD_ORDER,303,BUY,100.01,5
50,MARKET_ORDER,304,SELL,,2
50,ADD_ORDER,305,SELL,100.11,5
50,ADD_ORDER,306,BUY,100.01,2
51,ADD_ORDER,307,BUY,100.00,3
51,MARKET_ORDER,308,BUY,,2
51,ADD_ORDER,309,BUY,100.01,2
51,ADD_ORDER,310,BUY,100.04,2
51,ADD_ORDER,311,SELL,100.03,2
51,ADD_ORDER,312,BUY,100.02,5
52,ADD_ORDER,313,BUY,100.01,5
52,ADD_ORDER,314,BUY,99.99,1
52,CANCEL_ORDER,230,,,
52,ADD_ORDER,315,BUY,99.98,4
52,ADD_ORDER,316,SELL,99.97,3
52,MARKET_ORDER,317,SELL,,2
52,CANCEL_ORDER,316,,,
52,ADD_ORDER,318,SELL,99.99,1
53,CANCEL_ORDER,195,,,
53,ADD_ORDER,319,BUY,99.99,1
53,ADD_ORDER,320,BUY,99.96,3
53,ADD_ORDER,321,SELL,100.02,4
53,ADD_ORDER,322,BUY,99.99,1
53,MARKET_ORDER,323,SELL,,4
53,CANCEL_ORDER,260,,,
53,ADD_ORDER,324,BUY,100.00,5
54,MARKET_ORDER,325,BUY,,4
54,ADD_ORDER,326,SELL,100.04,1
54,CANCEL_ORDER,311,,,
54,ADD_ORDER,327,SELL,99.98,3
54,ADD_ORDER,328,SELL,99.99,5
54,CANCEL_ORDER,53,,,
54,ADD_ORDER,329,SELL,100.00,1
54,ADD_ORDER,330,SELL,99.99,4
55,ADD_ORDER,331,SELL,99.96,3
55,CANCEL_ORDER,256,,,
55,ADD_ORDER,332,BUY,100.01,1
55,ADD_ORDER,333,SELL,99.96,1
55,ADD_ORDER,334,SELL,99.94,3
55,MARKET_ORDER,335,SELL,,3
55,MARKET_ORDER,336,BUY,,5
56,ADD_ORDER,337,BUY,99.93,4
56,MARKET_ORDER,338,SELL,,4
56,ADD_ORDER,339,SELL,99.97,3
56,ADD_ORDER,340,BUY,99.93,5
56,MARKET_ORDER,341,SELL,,5
56,ADD_ORDER,342,BUY,100.02,2
57,ADD_ORDER,343,SELL,99.93,4
57,ADD_ORDER,344,BUY,99.92,4
57,CANCEL_ORDER,103,,,
57,MARKET_ORDER,345,SELL,,3
57,CANCEL_ORDER,187,,,
57,ADD_ORDER,346,BUY,99.94,1
57,ADD_ORDER,347,BUY,99.93,3
57,ADD_ORDER,348,BUY,99.95,5
58,CANCEL_ORDER,74,,,
58,MARKET_ORDER,349,BUY,,4
58,ADD_ORDER,350,SELL,100.01,1
58,CANCEL_ORDER,143,,,
58,ADD_ORDER,351,BUY,99.95,3
58,ADD_ORDER,352,SELL,99.96,2
58,ADD_ORDER,353,BUY,99.92,4
58,ADD_ORDER,354,BUY,99.92,2
59,CANCEL_ORDER,351,,,
59,ADD_ORDER,355,SELL,99.92,1
59,ADD_ORDER,356,BUY,99.93,1
59,ADD_ORDER,357,BUY,99.96,2
59,ADD_ORDER,358,SELL,99.93,1
59,ADD_ORDER,359,BUY,99.99,1
59,ADD_ORDER,360,BUY,99.95,2
60,ADD_ORDER,361,SELL,99.89,4
60,ADD_ORDER,362,BUY,99.88,5
60,ADD_ORDER,363,BUY,99.89,5
60,ADD_ORDER,364,SELL,99.93,4
60,CANCEL_ORDER,210,,,
60,ADD_ORDER,365,SELL,99.88,1
60,ADD_ORDER,366,BUY,99.88,3
61,ADD_ORDER,367,BUY,99.89,4
61,ADD_ORDER,368,SELL,99.86,2
61,CANCEL_ORDER,134,,,
61,ADD_ORDER,369,SELL,99.89,3
61,ADD_ORDER,370,BUY,99.85,5
61,ADD_ORDER,371,SELL,99.89,3
61,ADD_ORDER,372,SELL,99.86,5
62,CANCEL_ORDER,49,,,
62,ADD_ORDER,373,SELL,99.88,3
62,ADD_ORDER,374,BUY,99.86,3
62,ADD_ORDER,375,BUY,99.86,4
62,ADD_ORDER,376,BUY,99.88,2
62,MARKET_ORDER,377,BUY,,2
62,ADD_ORDER,378,BUY,99.87,1
63,ADD_ORDER,379,SELL,99.89,1
63,ADD_ORDER,380,BUY,99.88,2
63,ADD_ORDER,381,BUY,99.89,4
63,MARKET_ORDER,382,SELL,,5
63,ADD_ORDER,383,SELL,99.89,4
63,CANCEL_ORDER,315,,,
63,ADD_ORDER,384,BUY,99.95,1
64,ADD_ORDER,385,SELL,99.89,3
64,ADD_ORDER,386,BUY,99.93,2
64,ADD_ORDER,387,SELL,99.87,2
64,ADD_ORDER,388,SELL,99.89,3
64,ADD_ORDER,389,BUY,99.93,5
64,CANCEL_ORDER,151,,,
64,ADD_ORDER,390,SELL,99.91,5
65,CANCEL_ORDER,119,,,
65,ADD_ORDER,391,SELL,99.89,2
65,ADD_ORDER,392,SELL,99.86,5
65,ADD_ORDER,393,SELL,99.86,2
65,MARKET_ORDER,394,BUY,,5
65,MARKET_ORDER,395,SELL,,1
65,ADD_ORDER,396,BUY,99.89,4
66,CANCEL_ORDER,39,,,
66,ADD_ORDER,397,SELL,99.84,4
66,CANCEL_ORDER,132,,,
66,ADD_ORDER,398,BUY,99.87,4
66,MARKET_ORDER,399,SELL,,1
66,CANCEL_ORDER,388,,,
66,ADD_ORDER,400,BUY,99.83,3
66,ADD_ORDER,401,SELL,99.87,3
66,ADD_ORDER,402,BUY,99.92,1
67,ADD_ORDER,403,BUY,99.84,5
67,CANCEL_ORDER,357,,,
67,ADD_ORDER,404,BUY,99.82,5
67,MARKET_ORDER,405,SELL,,1
67,MARKET_ORDER,406,BUY,,3
67,ADD_ORDER,407,BUY,99.82,4
67,ADD_ORDER,408,SELL,99.85,1
68,CANCEL_ORDER,257,,,
68,ADD_ORDER,409,BUY,99.87,1
68,ADD_ORDER,410,SELL,99.93,4
68,MARKET_ORDER,411,SELL,,4
68,ADD_ORDER,412,SELL,99.86,5
68,ADD_ORDER,413,SELL,99.85,3
68,CANCEL_ORDER,251,,,
68,MARKET_ORDER,414,SELL,,5
69,ADD_ORDER,415,BUY,99.87,1
69,ADD_ORDER,416,SELL,99.89,2
69,ADD_ORDER,417,SELL,99.86,4
69,ADD_ORDER,418,BUY,99.86,5
69,ADD_ORDER,419,SELL,99.87,4
69,MARKET_ORDER,420,BUY,,1
70,MARKET_ORDER,421,BUY,,4
70,MARKET_ORDER,422,SELL,,3
70,ADD_ORDER,423,SELL,99.88,3
70,ADD_ORDER,424,SELL,99.87,5
70,MARKET_ORDER,425,BUY,,1
70,ADD_ORDER,426,BUY,99.93,3
71,CANCEL_ORDER,361,,,
71,MARKET_ORDER,427,BUY,,3
71,MARKET_ORDER,428,BUY,,2
71,ADD_ORDER,429,BUY,99.81,4
71,MARKET_ORDER,430,SELL,,4
71,ADD_ORDER,431,SELL,99.84,5
71,CANCEL_ORDER,79,,,
71,ADD_ORDER,432,SELL,99.90,5
72,ADD_ORDER,433,BUY,99.85,5
72,ADD_ORDER,434,SELL,99.87,3
72,MARKET_ORDER,435,BUY,,5
72,MARKET_ORDER,436,SELL,,3
72,ADD_ORDER,437,SELL,99.91,5
72,ADD_ORDER,438,BUY,99.89,4
73,ADD_ORDER,439,SELL,99.85,4
73,ADD_ORDER,440,SELL,99.85,3
73,ADD_ORDER,441,SELL,99.83,3
73,MARKET_ORDER,442,BUY,,1
73,CANCEL_ORDER,352,,,
73,ADD_ORDER,443,SELL,99.82,3
73,ADD_ORDER,444,SELL,99.84,2
74,ADD_ORDER,445,SELL,99.86,4
74,ADD_ORDER,446,SELL,99.84,2
74,MARKET_ORDER,447,SELL,,1
74,CANCEL_ORDER,227,,,
74,ADD_ORDER,448,SELL,99.85,1
74,CANCEL_ORDER,43,,,
74,ADD_ORDER,449,BUY,99.90,4
74,ADD_ORDER,450,SELL,99.92,5
75,CANCEL_ORDER,30,,,
75,ADD_ORDER,451,SELL,99.85,1
75,CANCEL_ORDER,25,,,
75,ADD_ORDER,452,SELL,99.86,4
75,CANCEL_ORDER,365,,,
75,ADD_ORDER,453,BUY,99.84,1
75,ADD_ORDER,454,BUY,99.87,1
75,ADD_ORDER,455,SELL,99.87,4
75,MARKET_ORDER,456,SELL,,4
76,ADD_ORDER,457,BUY,99.87,2
76,ADD_ORDER,458,BUY,99.89,1
76,CANCEL_ORDER,407,,,
76,ADD_ORDER,459,BUY,99.92,5
76,CANCEL_ORDER,122,,,
76,ADD_ORDER,460,BUY,99.84,1
76,ADD_ORDER,461,SELL,99.84,3
76,ADD_ORDER,462,BUY,99.87,2
77,ADD_ORDER,463,BUY,99.89,5
77,ADD_ORDER,464,BUY,99.85,4
77,MARKET_ORDER,465,SELL,,5
77,ADD_ORDER,466,SELL,99.88,4
77,MARKET_ORDER,467,SELL,,1
77,ADD_ORDER,468,BUY,99.89,5
78,ADD_ORDER,469,BUY,99.90,5
78,CANCEL_ORDER,408,,,
78,ADD_ORDER,470,BUY,99.84,3
78,ADD_ORDER,471,BUY,99.86,1
78,ADD_ORDER,472,SELL,99.91,2
78,CANCEL_ORDER,276,,,
78,MARKET_ORDER,473,SELL,,2
78,CANCEL_ORDER,236,,,
78,ADD_ORDER,474,BUY,99.85,3
79,CANCEL_ORDER,286,,,
79,ADD_ORDER,475,SELL,99.89,2
79,ADD_ORDER,476,BUY,99.90,1
79,MARKET_ORDER,477,BUY,,1
79,ADD_ORDER,478,BUY,99.89,5
79,ADD_ORDER,479,SELL,99.89,3
79,ADD_ORDER,480,BUY,99.88,3
80,CANCEL_ORDER,267,,,
80,ADD_ORDER,481,BUY,99.94,4
80,CANCEL_ORDER,165,,,
80,ADD_ORDER,482,SELL,99.87,5
80,ADD_ORDER,483,BUY,99.88,1
80,ADD_ORDER,484,SELL,99.95,3
80,ADD_ORDER,485,SELL,99.86,4
80,ADD_ORDER,486,SELL,99.88,1
81,ADD_ORDER,487,SELL,99.88,4
81,ADD_ORDER,488,SELL,99.87,5
81,ADD_ORDER,489,BUY,99.85,3
81,ADD_ORDER,490,SELL,99.86,1
81,ADD_ORDER,491,SELL,99.86,1
81,ADD_ORDER,492,SELL,99.87,3
82,ADD_ORDER,493,BUY,99.89,4
82,CANCEL_ORDER,162,,,
82,ADD_ORDER,494,SELL,99.92,5
82,ADD_ORDER,495,BUY,99.88,4
82,ADD_ORDER,496,SELL,99.85,3
82,ADD_ORDER,497,SELL,99.87,2
82,ADD_ORDER,498,BUY,99.86,1
83,CANCEL_ORDER,171,,,
83,ADD_ORDER,499,SELL,99.89,1
83,ADD_ORDER,500,BUY,99.89,4
83,ADD_ORDER,501,BUY,99.93,5
83,ADD_ORDER,502,BUY,99.95,2
83,ADD_ORDER,503,BUY,99.86,3
83,ADD_ORDER,504,BUY,99.88,4
84,ADD_ORDER,505,BUY,99.89,2
84,ADD_ORDER,506,SELL,99.88,4
84,MARKET_ORDER,507,SELL,,3
84,ADD_ORDER,508,BUY,99.88,4
84,ADD_ORDER,509,SELL,99.85,1
84,CANCEL_ORDER,403,,,
84,MARKET_ORDER,510,SELL,,1
85,ADD_ORDER,511,SELL,99.87,5
85,MARKET_ORDER,512,BUY,,3
85,CANCEL_ORDER,504,,,
85,ADD_ORDER,513,BUY,99.90,4
85,ADD_ORDER,514,BUY,99.91,1
85,ADD_ORDER,515,SELL,99.87,4
85,ADD_ORDER,516,BUY,99.89,3
86,ADD_ORDER,517,SELL,99.91,1
86,CANCEL_ORDER,188,,,
86,ADD_ORDER,518,SELL,99.90,1
86,ADD_ORDER,519,SELL,99.94,3
86,MARKET_ORDER,520,SELL,,1
86,CANCEL_ORDER,138,,,
86,ADD_ORDER,521,BUY,99.91,4
86,ADD_ORDER,522,SELL,99.88,1
87,MARKET_ORDER,523,SELL,,2
87,ADD_ORDER,524,BUY,99.85,2
87,ADD_ORDER,525,SELL,99.84,1
87,ADD_ORDER,526,SELL,99.86,5
87,ADD_ORDER,527,BUY,99.85,2
87,ADD_ORDER,528,SELL,99.92,3
88,CANCEL_ORDER,206,,,
88,ADD_ORDER,529,BUY,99.86,5
88,ADD_ORDER,530,BUY,99.90,4
88,ADD_ORDER,531,BUY,99.85,1
88,ADD_ORDER,532,BUY,99.84,1
88,ADD_ORDER,533,SELL,99.85,4
88,ADD_ORDER,534,BUY,99.89,5
89,CANCEL_ORDER,493,,,
89,ADD_ORDER,535,SELL,99.86,2
89,ADD_ORDER,536,BUY,99.87,3
89,ADD_ORDER,537,SELL,99.94,2
89,MARKET_ORDER,538,BUY,,1
89,ADD_ORDER,539,SELL,99.92,2
89,ADD_ORDER,540,SELL,99.88,1
90,CANCEL_ORDER,123,,,
90,ADD_ORDER,541,BUY,99.83,1
90,ADD_ORDER,542,BUY,99.82,4
90,ADD_ORDER,543,BUY,99.84,1
90,ADD_ORDER,544,SELL,99.85,2
90,MARKET_ORDER,545,SELL,,2
90,ADD_ORDER,546,SELL,99.83,4
91,ADD_ORDER,547,BUY,99.85,4
91,ADD_ORDER,548,BUY,99.91,1
91,CANCEL_ORDER,120,,,
91,MARKET_ORDER,549,BUY,,5
91,ADD_ORDER,550,BUY,99.84,2
91,ADD_ORDER,551,BUY,99.83,2
91,ADD_ORDER,552,SELL,99.84,3
92,ADD_ORDER,553,SELL,99.82,3
92,ADD_ORDER,554,SELL,99.81,2
92,ADD_ORDER,555,SELL,99.83,2
92,ADD_ORDER,556,BUY,99.84,2
92,CANCEL_ORDER,424,,,
92,ADD_ORDER,557,SELL,99.90,5
92,CANCEL_ORDER,489,,,
92,ADD_ORDER,558,SELL,99.81,2
93,CANCEL_ORDER,240,,,
93,ADD_ORDER,559,SELL,99.81,4
93,ADD_ORDER,560,BUY,99.82,4
93,ADD_ORDER,561,SELL,99.82,1
93,ADD_ORDER,562,SELL,99.84,5
93,MARKET_ORDER,563,BUY,,1
93,ADD_ORDER,564,SELL,99.81,3
94,MARKET_ORDER,565,SELL,,1
94,ADD_ORDER,566,BUY,99.83,5
94,CANCEL_ORDER,198,,,
94,ADD_ORDER,567,SELL,99.87,5
94,ADD_ORDER,568,BUY,99.92,2
94,ADD_ORDER,569,BUY,99.85,2
94,ADD_ORDER,570,SELL,99.87,3
95,ADD_ORDER,571,SELL,99.86,2
95,ADD_ORDER,572,SELL,99.90,5
95,ADD_ORDER,573,SELL,99.91,2
95,ADD_ORDER,574,BUY,99.88,1
95,ADD_ORDER,575,SELL,99.87,3
95,ADD_ORDER,576,BUY,99.84,4
96,ADD_ORDER,577,BUY,99.87,1
96,MARKET_ORDER,578,SELL,,3
96,ADD_ORDER,579,SELL,99.86,2
96,CANCEL_ORDER,551,,,
96,ADD_ORDER,580,SELL,99.88,4
96,ADD_ORDER,581,SELL,99.85,4
96,ADD_ORDER,582,BUY,99.86,3
97,ADD_ORDER,583,SELL,99.89,3
97,ADD_ORDER,584,BUY,99.92,4
97,ADD_ORDER,585,BUY,99.89,2
97,ADD_ORDER,586,BUY,99.87,3
97,CANCEL_ORDER,370,,,
97,ADD_ORDER,587,BUY,99.88,2
97,ADD_ORDER,588,SELL,99.89,2
98,ADD_ORDER,589,BUY,99.88,3
98,ADD_ORDER,590,SELL,99.88,4
98,ADD_ORDER,591,BUY,99.89,2
98,ADD_ORDER,592,SELL,99.89,3
98,ADD_ORDER,593,SELL,99.86,5
98,ADD_ORDER,594,BUY,99.86,5
99,ADD_ORDER,595,SELL,99.92,1
99,ADD_ORDER,596,BUY,99.86,5
99,ADD_ORDER,597,SELL,99.85,5
99,MARKET_ORDER,598,BUY,,5
99,CANCEL_ORDER,452,,,
99,ADD_ORDER,599,SELL,99.85,5
99,CANCEL_ORDER,537,,,
99,ADD_ORDER,600,BUY,99.84,5
100,ADD_ORDER,601,BUY,99.92,5
100,MARKET_ORDER,602,BUY,,3
100,ADD_ORDER,603,BUY,99.85,5
100,ADD_ORDER,604,SELL,99.86,2
100,ADD_ORDER,605,SELL,99.85,3
100,ADD_ORDER,606,BUY,99.89,5
101,ADD_ORDER,607,SELL,99.86,3
101,ADD_ORDER,608,BUY,99.88,3
101,ADD_ORDER,609,SELL,99.85,2
101,ADD_ORDER,610,BUY,99.87,2
101,CANCEL_ORDER,212,,,
101,ADD_ORDER,611,BUY,99.85,3
101,ADD_ORDER,612,SELL,99.84,2
102,CANCEL_ORDER,146,,,
102,MARKET_ORDER,613,SELL,,3
102,CANCEL_ORDER,480,,,
102,ADD_ORDER,614,BUY,99.87,1
102,ADD_ORDER,615,SELL,99.89,3
102,ADD_ORDER,616,BUY,99.89,2
102,ADD_ORDER,617,SELL,99.86,4
102,MARKET_ORDER,618,SELL,,5
103,ADD_ORDER,619,BUY,99.90,4
103,ADD_ORDER,620,BUY,99.87,4
103,ADD_ORDER,621,SELL,99.87,4
103,ADD_ORDER,622,BUY,99.88,4
103,ADD_ORDER,623,SELL,99.90,2
103,ADD_ORDER,624,SELL,99.89,5
104,ADD_ORDER,625,BUY,99.87,2
104,ADD_ORDER,626,SELL,99.87,4
104,MARKET_ORDER,627,SELL,,4
104,ADD_ORDER,628,BUY,99.89,1
104,MARKET_ORDER,629,BUY,,2
104,ADD_ORDER,630,BUY,99.89,5
105,ADD_ORDER,631,SELL,99.89,4
105,ADD_ORDER,632,BUY,99.91,4
105,CANCEL_ORDER,380,,,
105,ADD_ORDER,633,SELL,99.93,5
105,ADD_ORDER,634,BUY,99.95,2
105,ADD_ORDER,635,SELL,99.93,5
105,ADD_ORDER,636,SELL,99.89,4
106,CANCEL_ORDER,354,,,
106,ADD_ORDER,637,BUY,99.96,4
106,MARKET_ORDER,638,BUY,,3
106,ADD_ORDER,639,BUY,99.92,2
106,ADD_ORDER,640,SELL,99.92,2
106,ADD_ORDER,641,BUY,100.02,2
106,CANCEL_ORDER,532,,,
106,ADD_ORDER,642,SELL,99.93,4
107,ADD_ORDER,643,BUY,99.99,4
107,ADD_ORDER,644,BUY,99.96,3
107,ADD_ORDER,645,BUY,99.96,1
107,ADD_ORDER,646,SELL,100.01,3
107,ADD_ORDER,647,SELL,99.98,5
107,ADD_ORDER,648,SELL,99.97,3
108,ADD_ORDER,649,BUY,99.94,3
108,CANCEL_ORDER,57,,,
108,ADD_ORDER,650,SELL,99.95,5
108,MARKET_ORDER,651,BUY,,5
108,ADD_ORDER,652,SELL,99.94,4
108,CANCEL_ORDER,326,,,
108,MARKET_ORDER,653,BUY,,1
108,ADD_ORDER,654,SELL,99.93,4
109,CANCEL_ORDER,621,,,
109,ADD_ORDER,655,BUY,99.91,4
109,MARKET_ORDER,656,SELL,,2
109,CANCEL_ORDER,145,,,
109,ADD_ORDER,657,SELL,99.93,2
109,ADD_ORDER,658,BUY,99.94,3
109,ADD_ORDER,659,SELL,99.95,2
109,ADD_ORDER,660,SELL,99.95,3
110,ADD_ORDER,661,BUY,99.91,5
110,ADD_ORDER,662,SELL,99.92,1
110,ADD_ORDER,663,SELL,99.98,4
110,ADD_ORDER,664,SELL,99.91,3
110,CANCEL_ORDER,356,,,
110,MARKET_ORDER,665,SELL,,5
110,CANCEL_ORDER,77,,,
110,ADD_ORDER,666,BUY,99.92,5
111,ADD_ORDER,667,SELL,99.92,4
111,CANCEL_ORDER,177,,,
111,ADD_ORDER,668,SELL,99.95,5
111,CANCEL_ORDER,332,,,
111,MARKET_ORDER,669,BUY,,2
111,CANCEL_ORDER,154,,,
111,ADD_ORDER,670,SELL,99.94,5
111,MARKET_ORDER,671,SELL,,1
111,ADD_ORDER,672,SELL,99.95,1
112,ADD_ORDER,673,SELL,99.90,5
112,MARKET_ORDER,674,BUY,,3
112,ADD_ORDER,675,BUY,99.93,1
112,ADD_ORDER,676,BUY,99.90,2
112,ADD_ORDER,677,BUY,99.98,3
112,CANCEL_ORDER,619,,,
112,ADD_ORDER,678,BUY,99.90,3
113,MARKET_ORDER,679,SELL,,2
113,ADD_ORDER,680,BUY,99.93,2
113,ADD_ORDER,681,BUY,99.92,4
113,ADD_ORDER,682,BUY,99.95,3
113,ADD_ORDER,683,SELL,99.94,3
113,CANCEL_ORDER,398,,,
113,ADD_ORDER,684,SELL,99.95,5
114,ADD_ORDER,685,SELL,100.01,2
114,ADD_ORDER,686,BUY,99.95,2
114,ADD_ORDER,687,SELL,99.93,3
114,ADD_ORDER,688,SELL,99.93,4
114,ADD_ORDER,689,BUY,99.95,3
114,ADD_ORDER,690,SELL,99.95,1
115,CANCEL_ORDER,168,,,
115,ADD_ORDER,691,SELL,99.96,5
115,CANCEL_ORDER,415,,,
115,ADD_ORDER,692,SELL,99.95,1
115,ADD_ORDER,693,SELL,99.95,1
115,CANCEL_ORDER,691,,,
115,ADD_ORDER,694,BUY,99.96,5
115,MARKET_ORDER,695,SELL,,4
115,MARKET_ORDER,696,BUY,,1
116,ADD_ORDER,697,SELL,100.02,3
116,MARKET_ORDER,698,SELL,,2
116,ADD_ORDER,699,SELL,99.97,4
116,ADD_ORDER,700,BUY,99.94,4
116,ADD_ORDER,701,BUY,99.96,4
116,ADD_ORDER,702,SELL,99.94,5
117,ADD_ORDER,703,SELL,99.96,5
117,ADD_ORDER,704,SELL,99.97,1
117,CANCEL_ORDER,570,,,
117,ADD_ORDER,705,SELL,99.94,3
117,MARKET_ORDER,706,BUY,,4
117,CANCEL_ORDER,84,,,
117,MARKET_ORDER,707,BUY,,1
117,ADD_ORDER,708,BUY,99.94,5
118,CANCEL_ORDER,297,,,
118,ADD_ORDER,709,SELL,99.95,1
118,ADD_ORDER,710,BUY,99.99,2
118,ADD_ORDER,711,SELL,99.97,5
118,ADD_ORDER,712,SELL,99.99,2
118,ADD_ORDER,713,SELL,99.98,1
118,MARKET_ORDER,714,SELL,,3
119,MARKET_ORDER,715,SELL,,5
119,CANCEL_ORDER,483,,,
119,ADD_ORDER,716,SELL,99.98,2
119,ADD_ORDER,717,SELL,99.93,5
119,ADD_ORDER,718,SELL,99.89,2
119,MARKET_ORDER,719,SELL,,3
119,ADD_ORDER,720,BUY,99.90,1
120,ADD_ORDER,721,SELL,99.90,4
120,CANCEL_ORDER,639,,,
120,ADD_ORDER,722,SELL,99.98,1
120,MARKET_ORDER,723,BUY,,5
120,CANCEL_ORDER,281,,,
120,ADD_ORDER,724,BUY,99.90,2
120,ADD_ORDER,725,SELL,99.93,5
120,ADD_ORDER,726,SELL,99.91,3
121,ADD_ORDER,727,BUY,99.98,3
121,ADD_ORDER,728,SELL,99.98,5
121,ADD_ORDER,729,BUY,99.98,4
121,MARKET_ORDER,730,BUY,,3
121,MARKET_ORDER,731,BUY,,3
121,CANCEL_ORDER,491,,,
121,ADD_ORDER,732,SELL,99.89,3
122,ADD_ORDER,733,SELL,99.93,4
122,ADD_ORDER,734,BUY,99.91,3
122,ADD_ORDER,735,SELL,99.92,3
122,ADD_ORDER,736,BUY,99.89,2
122,MARKET_ORDER,737,BUY,,4
122,ADD_ORDER,738,SELL,99.91,5
123,ADD_ORDER,739,SELL,99.91,5
123,ADD_ORDER,740,BUY,99.88,5
123,ADD_ORDER,741,SELL,99.88,3
123,ADD_ORDER,742,SELL,99.89,3
123,ADD_ORDER,743,SELL,99.88,2
123,ADD_ORDER,744,SELL,99.88,1
124,ADD_ORDER,745,BUY,99.87,1
124,ADD_ORDER,746,SELL,99.92,5
124,ADD_ORDER,747,BUY,99.90,4
124,ADD_ORDER,748,BUY,99.89,4
124,ADD_ORDER,749,SELL,99.90,2
124,ADD_ORDER,750,BUY,99.87,4
125,ADD_ORDER,751,BUY,99.89,1
125,ADD_ORDER,752,SELL,99.92,1
125,CANCEL_ORDER,544,,,
125,MARKET_ORDER,753,BUY,,5
125,ADD_ORDER,754,BUY,99.93,4
125,ADD_ORDER,755,SELL,99.93,4
125,CANCEL_ORDER,19,,,
125,ADD_ORDER,756,BUY,99.91,3
126,ADD_ORDER,757,BUY,99.92,3
126,ADD_ORDER,758,SELL,99.93,2
126,ADD_ORDER,759,SELL,99.91,4
126,CANCEL_ORDER,683,,,
126,ADD_ORDER,760,SELL,99.93,2
126,MARKET_ORDER,761,SELL,,5
126,ADD_ORDER,762,BUY,99.97,4
127,ADD_ORDER,763,BUY,99.98,5
127,ADD_ORDER,764,BUY,99.92,2
127,MARKET_ORDER,765,SELL,,4
127,ADD_ORDER,766,SELL,99.94,2
127,ADD_ORDER,767,SELL,99.99,1
127,ADD_ORDER,768,SELL,99.97,4
128,CANCEL_ORDER,385,,,
128,ADD_ORDER,769,SELL,99.92,5
128,CANCEL_ORDER,647,,,
128,ADD_ORDER,770,BUY,99.91,3
128,CANCEL_ORDER,225,,,
128,ADD_ORDER,771,SELL,99.92,5
128,CANCEL_ORDER,616,,,
128,MARKET_ORDER,772,BUY,,3
128,ADD_ORDER,773,SELL,99.93,1
128,ADD_ORDER,774,SELL,99.89,2
129,MARKET_ORDER,775,BUY,,1
129,CANCEL_ORDER,720,,,
129,ADD_ORDER,776,SELL,100.00,1
129,MARKET_ORDER,777,BUY,,5
129,MARKET_ORDER,778,SELL,,1
129,ADD_ORDER,779,SELL,99.96,1
129,CANCEL_ORDER,445,,,
129,ADD_ORDER,780,BUY,99.90,3
130,CANCEL_ORDER,593,,,
130,ADD_ORDER,781,BUY,99.90,2
130,CANCEL_ORDER,232,,,
130,ADD_ORDER,782,SELL,99.92,3
130,ADD_ORDER,783,SELL,99.91,4
130,ADD_ORDER,784,BUY,99.90,3
130,ADD_ORDER,785,BUY,99.93,4
130,ADD_ORDER,786,SELL,99.90,3
131,ADD_ORDER,787,BUY,99.98,3
131,ADD_ORDER,788,SELL,99.93,2
131,ADD_ORDER,789,BUY,99.89,3
131,ADD_ORDER,790,SELL,99.91,1
131,ADD_ORDER,791,BUY,99.92,3
131,CANCEL_ORDER,573,,,
131,ADD_ORDER,792,BUY,99.89,1
132,ADD_ORDER,793,BUY,99.99,5
132,ADD_ORDER,794,BUY,99.90,2
132,ADD_ORDER,795,BUY,99.92,2
132,CANCEL_ORDER,285,,,
132,ADD_ORDER,796,SELL,99.94,4
132,CANCEL_ORDER,678,,,
132,ADD_ORDER,797,BUY,99.90,3
132,ADD_ORDER,798,BUY,99.94,3
133,ADD_ORDER,799,BUY,99.93,2
133,MARKET_ORDER,800,SELL,,3
133,CANCEL_ORDER,481,,,
133,ADD_ORDER,801,BUY,99.94,4
133,ADD_ORDER,802,SELL,99.95,1
133,ADD_ORDER,803,SELL,99.96,5
133,ADD_ORDER,804,BUY,99.95,5
134,ADD_ORDER,805,BUY,99.92,5
134,ADD_ORDER,806,SELL,99.93,4
134,ADD_ORDER,807,SELL,99.94,5
134,ADD_ORDER,808,BUY,100.02,2
134,ADD_ORDER,809,SELL,99.95,4
134,CANCEL_ORDER,359,,,
134,MARKET_ORDER,810,SELL,,3
135,ADD_ORDER,811,SELL,99.95,1
135,ADD_ORDER,812,BUY,99.97,4
135,ADD_ORDER,813,BUY,99.94,3
135,ADD_ORDER,814,SELL,99.96,5
135,ADD_ORDER,815,SELL,99.97,2
135,CANCEL_ORDER,294,,,
135,ADD_ORDER,816,BUY,100.01,3
136,ADD_ORDER,817,SELL,99.95,3
136,ADD_ORDER,818,SELL,99.94,5
136,MARKET_ORDER,819,SELL,,5
136,ADD_ORDER,820,BUY,99.96,4
136,ADD_ORDER,821,BUY,99.97,4
136,ADD_ORDER,822,SELL,100.02,3
137,ADD_ORDER,823,SELL,99.95,5
137,CANCEL_ORDER,105,,,
137,MARKET_ORDER,824,BUY,,2
137,ADD_ORDER,825,SELL,99.94,4
137,MARKET_ORDER,826,SELL,,5
137,CANCEL_ORDER,7,,,
137,ADD_ORDER,827,BUY,99.97,4
137,ADD_ORDER,828,SELL,100.02,5
138,ADD_ORDER,829,SELL,99.96,5
138,MARKET_ORDER,830,SELL,,1
138,ADD_ORDER,831,BUY,99.98,4
138,MARKET_ORDER,832,BUY,,4
138,ADD_ORDER,833,SELL,99.98,1
138,ADD_ORDER,834,SELL,100.00,2
139,ADD_ORDER,835,SELL,99.94,1
139,ADD_ORDER,836,BUY,100.03,1
139,MARKET_ORDER,837,BUY,,2
139,CANCEL_ORDER,118,,,
139,ADD_ORDER,838,SELL,99.96,2
139,ADD_ORDER,839,SELL,100.01,2
139,ADD_ORDER,840,BUY,99.97,2
140,ADD_ORDER,841,BUY,99.95,5
140,ADD_ORDER,842,BUY,100.00,4
140,ADD_ORDER,843,BUY,100.03,3
140,ADD_ORDER,844,BUY,99.98,3
140,ADD_ORDER,845,SELL,99.98,2
140,ADD_ORDER,846,SELL,100.03,3
141,CANCEL_ORDER,237,,,
141,ADD_ORDER,847,BUY,100.00,4
141,MARKET_ORDER,848,BUY,,5
141,ADD_ORDER,849,BUY,99.97,2
141,ADD_ORDER,850,BUY,99.95,3
141,ADD_ORDER,851,BUY,99.96,4
141,ADD_ORDER,852,BUY,99.98,1
142,ADD_ORDER,853,BUY,99.95,2
142,ADD_ORDER,854,BUY,100.02,3
142,MARKET_ORDER,855,BUY,,5
142,ADD_ORDER,856,BUY,99.92,5
142,CANCEL_ORDER,329,,,
142,ADD_ORDER,857,SELL,99.94,3
142,CANCEL_ORDER,8,,,
142,ADD_ORDER,858,SELL,99.95,4
143,MARKET_ORDER,859,SELL,,4
143,CANCEL_ORDER,368,,,
143,ADD_ORDER,860,SELL,99.97,3
143,ADD_ORDER,861,SELL,99.96,4
143,ADD_ORDER,862,BUY,99.94,2
143,CANCEL_ORDER,717,,,
143,MARKET_ORDER,863,SELL,,3
143,MARKET_ORDER,864,BUY,,1
144,CANCEL_ORDER,433,,,
144,ADD_ORDER,865,SELL,99.93,1
144,ADD_ORDER,866,BUY,99.92,2
144,ADD_ORDER,867,SELL,99.92,2
144,MARKET_ORDER,868,BUY,,1
144,CANCEL_ORDER,660,,,
144,MARKET_ORDER,869,SELL,,3
144,ADD_ORDER,870,BUY,99.93,4
145,ADD_ORDER,871,SELL,99.92,4
145,ADD_ORDER,872,SELL,99.92,1
145,ADD_ORDER,873,SELL,99.91,3
145,MARKET_ORDER,874,SELL,,1
145,ADD_ORDER,875,SELL,99.91,2
145,CANCEL_ORDER,440,,,
145,ADD_ORDER,876,BUY,99.93,2
146,CANCEL_ORDER,152,,,
146,ADD_ORDER,877,SELL,99.94,3
146,ADD_ORDER,878,SELL,99.91,5
146,CANCEL_ORDER,738,,,
146,ADD_ORDER,879,BUY,99.91,5
146,ADD_ORDER,880,SELL,99.91,3
146,ADD_ORDER,881,BUY,99.99,4
146,CANCEL_ORDER,815,,,
146,ADD_ORDER,882,SELL,99.92,5
147,MARKET_ORDER,883,SELL,,3
147,ADD_ORDER,884,SELL,99.89,3
147,CANCEL_ORDER,641,,,
147,ADD_ORDER,885,BUY,99.93,1
147,ADD_ORDER,886,SELL,99.92,5
147,MARKET_ORDER,887,SELL,,2
147,ADD_ORDER,888,BUY,99.96,3
148,MARKET_ORDER,889,SELL,,5
148,CANCEL_ORDER,569,,,
148,ADD_ORDER,890,SELL,99.89,5
148,MARKET_ORDER,891,SELL,,3
148,MARKET_ORDER,892,SELL,,4
148,ADD_ORDER,893,SELL,99.91,2
148,CANCEL_ORDER,50,,,
148,ADD_ORDER,894,SELL,99.88,1
149,MARKET_ORDER,895,BUY,,2
149,MARKET_ORDER,896,BUY,,3
149,ADD_ORDER,897,SELL,99.90,5
149,ADD_ORDER,898,BUY,99.89,1
149,CANCEL_ORDER,235,,,
149,MARKET_ORDER,899,SELL,,2
149,ADD_ORDER,900,BUY,99.86,2
150,ADD_ORDER,901,BUY,99.89,1
150,ADD_ORDER,902,SELL,99.88,5
150,ADD_ORDER,903,SELL,99.91,2
150,ADD_ORDER,904,SELL,99.89,5
150,MARKET_ORDER,905,BUY,,2
150,ADD_ORDER,906,SELL,99.95,5
151,MARKET_ORDER,907,SELL,,3
151,ADD_ORDER,908,SELL,99.92,4
151,CANCEL_ORDER,511,,,
151,MARKET_ORDER,909,SELL,,4
151,ADD_ORDER,910,SELL,99.92,5
151,ADD_ORDER,911,BUY,99.92,2
151,ADD_ORDER,912,BUY,99.93,4
152,MARKET_ORDER,913,BUY,,5
152,ADD_ORDER,914,BUY,99.93,3
152,MARKET_ORDER,915,SELL,,2
152,MARKET_ORDER,916,SELL,,1
152,ADD_ORDER,917,SELL,99.99,4
152,ADD_ORDER,918,SELL,99.93,2
153,ADD_ORDER,919,BUY,99.95,1
153,CANCEL_ORDER,663,,,
153,ADD_ORDER,920,BUY,99.93,3
153,ADD_ORDER,921,BUY,99.93,4
153,ADD_ORDER,922,SELL,99.96,5
153,ADD_ORDER,923,SELL,99.99,4
153,ADD_ORDER,924,BUY,99.96,4
154,ADD_ORDER,925,BUY,99.94,3
154,ADD_ORDER,926,SELL,99.94,4
154,ADD_ORDER,927,BUY,99.95,3
154,ADD_ORDER,928,SELL,99.92,5
154,MARKET_ORDER,929,SELL,,1
154,MARKET_ORDER,930,BUY,,1
155,CANCEL_ORDER,99,,,
155,MARKET_ORDER,931,BUY,,5
155,ADD_ORDER,932,BUY,99.89,5
155,ADD_ORDER,933,SELL,99.89,4
155,ADD_ORDER,934,BUY,99.89,5
155,CANCEL_ORDER,97,,,
155,ADD_ORDER,935,BUY,99.91,5
155,ADD_ORDER,936,BUY,99.89,1
156,CANCEL_ORDER,135,,,
156,ADD_ORDER,937,BUY,99.91,4
156,ADD_ORDER,938,BUY,99.90,1
156,ADD_ORDER,939,BUY,99.89,1
156,ADD_ORDER,940,BUY,99.90,4
156,ADD_ORDER,941,BUY,99.93,1
156,MARKET_ORDER,942,SELL,,3
157,CANCEL_ORDER,455,,,
157,ADD_ORDER,943,SELL,99.99,4
157,ADD_ORDER,944,SELL,99.93,3
157,CANCEL_ORDER,568,,,
157,ADD_ORDER,945,SELL,99.93,2
157,CANCEL_ORDER,485,,,
157,ADD_ORDER,946,BUY,99.92,4
157,ADD_ORDER,947,SELL,99.98,1
157,ADD_ORDER,948,SELL,99.98,4
158,MARKET_ORDER,949,SELL,,4
158,ADD_ORDER,950,SELL,99.99,1
158,ADD_ORDER,951,BUY,99.93,5
158,ADD_ORDER,952,BUY,99.95,1
158,CANCEL_ORDER,228,,,
158,ADD_ORDER,953,SELL,100.02,2
158,ADD_ORDER,954,BUY,99.96,5
159,ADD_ORDER,955,BUY,99.96,3
159,ADD_ORDER,956,BUY,99.98,4
159,ADD_ORDER,957,BUY,100.00,4
159,ADD_ORDER,958,BUY,99.97,4
159,ADD_ORDER,959,SELL,99.95,2
159,ADD_ORDER,960,BUY,99.97,1
160,ADD_ORDER,961,BUY,99.94,4
160,MARKET_ORDER,962,BUY,,2
160,CANCEL_ORDER,211,,,
160,ADD_ORDER,963,BUY,100.00,5
160,MARKET_ORDER,964,SELL,,2
160,ADD_ORDER,965,BUY,99.95,4
160,ADD_ORDER,966,BUY,99.94,3
161,ADD_ORDER,967,SELL,99.97,3
161,CANCEL_ORDER,923,,,
161,ADD_ORDER,968,BUY,99.95,4
161,ADD_ORDER,969,BUY,99.93,2
161,ADD_ORDER,970,SELL,99.97,4
161,MARKET_ORDER,971,SELL,,5
161,ADD_ORDER,972,SELL,99.96,5
162,MARKET_ORDER,973,BUY,,1
162,ADD_ORDER,974,BUY,99.92,1
162,ADD_ORDER,975,SELL,99.93,3
162,CANCEL_ORDER,633,,,
162,ADD_ORDER,976,SELL,99.95,5
162,ADD_ORDER,977,BUY,99.95,5
162,ADD_ORDER,978,BUY,99.94,4
163,ADD_ORDER,979,SELL,100.01,5
163,MARKET_ORDER,980,SELL,,5
163,CANCEL_ORDER,277,,,
163,MARKET_ORDER,981,BUY,,5
163,ADD_ORDER,982,SELL,99.94,5
163,ADD_ORDER,983,BUY,99.94,5
163,MARKET_ORDER,984,SELL,,3
164,MARKET_ORDER,985,SELL,,2
164,ADD_ORDER,986,SELL,99.95,1
164,MARKET_ORDER,987,SELL,,4
164,ADD_ORDER,988,SELL,99.98,4
164,ADD_ORDER,989,BUY,99.95,5
164,ADD_ORDER,990,BUY,99.97,1
165,MARKET_ORDER,991,SELL,,4
165,MARKET_ORDER,992,SELL,,1
165,CANCEL_ORDER,109,,,
165,MARKET_ORDER,993,SELL,,3
165,ADD_ORDER,994,SELL,100.02,2
165,ADD_ORDER,995,BUY,99.98,5
165,ADD_ORDER,996,BUY,99.99,4
166,CANCEL_ORDER,673,,,
166,ADD_ORDER,997,SELL,100.01,4
166,MARKET_ORDER,998,BUY,,4
166,ADD_ORDER,999,SELL,99.97,1
166,CANCEL_ORDER,437,,,
166,ADD_ORDER,1000,SELL,99.98,5
166,ADD_ORDER,1001,SELL,100.01,2
166,CANCEL_ORDER,722,,,
166,ADD_ORDER,1002,BUY,99.97,5
167,MARKET_ORDER,1003,SELL,,2
167,ADD_ORDER,1004,SELL,99.97,4
167,CANCEL_ORDER,787,,,
167,ADD_ORDER,1005,BUY,99.94,3
167,CANCEL_ORDER,751,,,
167,ADD_ORDER,1006,BUY,99.95,2
167,ADD_ORDER,1007,BUY,99.96,1
167,ADD_ORDER,1008,BUY,100.00,3
168,ADD_ORDER,1009,BUY,99.95,3
168,CANCEL_ORDER,937,,,
168,ADD_ORDER,1010,BUY,99.92,4
168,ADD_ORDER,1011,BUY,99.97,3
168,ADD_ORDER,1012,SELL,99.99,3
168,ADD_ORDER,1013,SELL,99.91,4
168,CANCEL_ORDER,770,,,
168,ADD_ORDER,1014,SELL,99.91,2
169,CANCEL_ORDER,946,,,
169,ADD_ORDER,1015,BUY,99.92,4
169,CANCEL_ORDER,362,,,
169,ADD_ORDER,1016,SELL,99.91,3
169,ADD_ORDER,1017,SELL,99.91,3
169,ADD_ORDER,1018,SELL,99.91,4
169,ADD_ORDER,1019,SELL,99.92,5
169,MARKET_ORDER,1020,SELL,,1
170,ADD_ORDER,1021,SELL,99.91,5
170,ADD_ORDER,1022,BUY,99.87,3
170,ADD_ORDER,1023,SELL,99.87,4
170,ADD_ORDER,1024,SELL,99.94,4
170,ADD_ORDER,1025,BUY,99.89,5
170,CANCEL_ORDER,404,,,
170,ADD_ORDER,1026,SELL,99.94,2
171,ADD_ORDER,1027,BUY,99.86,4
171,CANCEL_ORDER,784,,,
171,MARKET_ORDER,1028,BUY,,5
171,ADD_ORDER,1029,SELL,99.85,2
171,ADD_ORDER,1030,SELL,99.87,3
171,ADD_ORDER,1031,BUY,99.89,5
171,ADD_ORDER,1032,BUY,99.88,2
172,ADD_ORDER,1033,BUY,99.85,2
172,ADD_ORDER,1034,SELL,99.92,3
172,CANCEL_ORDER,66,,,
172,ADD_ORDER,1035,BUY,99.93,3
172,ADD_ORDER,1036,BUY,99.87,3
172,CANCEL_ORDER,172,,,
172,MARKET_ORDER,1037,BUY,,4
172,MARKET_ORDER,1038,SELL,,5
173,ADD_ORDER,1039,BUY,99.83,2
173,MARKET_ORDER,1040,BUY,,1
173,ADD_ORDER,1041,SELL,99.85,2
173,ADD_ORDER,1042,SELL,99.86,1
173,MARKET_ORDER,1043,SELL,,3
173,ADD_ORDER,1044,BUY,99.85,5
174,ADD_ORDER,1045,SELL,99.86,2
174,ADD_ORDER,1046,SELL,99.87,1
174,CANCEL_ORDER,292,,,
174,ADD_ORDER,1047,SELL,99.85,1
174,CANCEL_ORDER,72,,,
174,ADD_ORDER,1048,SELL,99.91,5
174,ADD_ORDER,1049,SELL,99.84,2
174,MARKET_ORDER,1050,SELL,,2
175,ADD_ORDER,1051,BUY,99.85,2
175,MARKET_ORDER,1052,SELL,,1
175,CANCEL_ORDER,827,,,
175,ADD_ORDER,1053,BUY,99.88,1
175,ADD_ORDER,1054,SELL,99.84,4
175,CANCEL_ORDER,186,,,
175,ADD_ORDER,1055,SELL,99.82,2
175,ADD_ORDER,1056,SELL,99.86,3
176,MARKET_ORDER,1057,SELL,,3
176,CANCEL_ORDER,983,,,
176,ADD_ORDER,1058,BUY,99.81,2
176,ADD_ORDER,1059,SELL,99.88,4
176,CANCEL_ORDER,1008,,,
176,MARKET_ORDER,1060,SELL,,1
176,ADD_ORDER,1061,BUY,99.85,5
176,ADD_ORDER,1062,SELL,99.85,5
177,ADD_ORDER,1063,SELL,99.82,5
177,CANCEL_ORDER,434,,,
177,ADD_ORDER,1064,SELL,99.81,2
177,MARKET_ORDER,1065,BUY,,4
177,ADD_ORDER,1066,BUY,99.79,5
177,CANCEL_ORDER,590,,,
177,ADD_ORDER,1067,BUY,99.81,1
177,ADD_ORDER,1068,SELL,99.81,4
178,CANCEL_ORDER,744,,,
178,ADD_ORDER,1069,BUY,99.84,5
178,ADD_ORDER,1070,SELL,99.83,3
178,ADD_ORDER,1071,SELL,99.84,2
178,ADD_ORDER,1072,SELL,99.83,5
178,ADD_ORDER,1073,SELL,99.84,3
178,CANCEL_ORDER,522,,,
178,ADD_ORDER,1074,SELL,99.82,4
179,ADD_ORDER,1075,BUY,99.86,1
179,ADD_ORDER,1076,SELL,99.86,5
179,ADD_ORDER,1077,SELL,99.89,5
179,ADD_ORDER,1078,SELL,99.82,2
179,CANCEL_ORDER,525,,,
179,MARKET_ORDER,1079,SELL,,4
179,CANCEL_ORDER,255,,,
179,ADD_ORDER,1080,SELL,99.85,3
180,CANCEL_ORDER,379,,,
180,ADD_ORDER,1081,SELL,99.84,3
180,ADD_ORDER,1082,SELL,99.84,4
180,ADD_ORDER,1083,SELL,99.77,2
180,CANCEL_ORDER,686,,,
180,ADD_ORDER,1084,SELL,99.79,3
180,CANCEL_ORDER,725,,,
180,ADD_ORDER,1085,BUY,99.79,2
180,ADD_ORDER,1086,SELL,99.85,4
181,ADD_ORDER,1087,BUY,99.86,2
181,CANCEL_ORDER,811,,,
181,ADD_ORDER,1088,BUY,99.82,5
181,MARKET_ORDER,1089,SELL,,5
181,CANCEL_ORDER,486,,,
181,ADD_ORDER,1090,BUY,99.78,1
181,ADD_ORDER,1091,SELL,99.80,2
181,ADD_ORDER,1092,BUY,99.84,4
182,CANCEL_ORDER,539,,,
182,ADD_ORDER,1093,BUY,99.83,3
182,ADD_ORDER,1094,BUY,99.86,4
182,ADD_ORDER,1095,SELL,99.78,3
182,ADD_ORDER,1096,BUY,99.77,2
182,ADD_ORDER,1097,SELL,99.79,1
182,CANCEL_ORDER,21,,,
182,ADD_ORDER,1098,SELL,99.76,4
183,CANCEL_ORDER,1035,,,
183,ADD_ORDER,1099,BUY,99.77,4
183,CANCEL_ORDER,658,,,
183,ADD_ORDER,1100,BUY,99.78,4
183,ADD_ORDER,1101,SELL,99.78,2
183,MARKET_ORDER,1102,BUY,,2
183,CANCEL_ORDER,712,,,
183,MARKET_ORDER,1103,SELL,,3
183,ADD_ORDER,1104,SELL,99.80,4
184,ADD_ORDER,1105,BUY,99.78,2
184,ADD_ORDER,1106,SELL,99.79,3
184,ADD_ORDER,1107,SELL,99.77,4
184,ADD_ORDER,1108,SELL,99.78,5
184,MARKET_ORDER,1109,BUY,,5
184,MARKET_ORDER,1110,BUY,,1
185,ADD_ORDER,1111,SELL,99.80,5
185,ADD_ORDER,1112,BUY,99.80,2
185,ADD_ORDER,1113,BUY,99.79,5
185,ADD_ORDER,1114,SELL,99.82,4
185,ADD_ORDER,1115,SELL,99.86,5
185,ADD_ORDER,1116,SELL,99.82,1
186,ADD_ORDER,1117,BUY,99.79,1
186,ADD_ORDER,1118,BUY,99.79,1
186,ADD_ORDER,1119,SELL,99.78,3
186,ADD_ORDER,1120,SELL,99.80,5
186,ADD_ORDER,1121,SELL,99.78,2
186,ADD_ORDER,1122,BUY,99.78,1
187,ADD_ORDER,1123,BUY,99.83,4
187,ADD_ORDER,1124,SELL,99.81,1
187,ADD_ORDER,1125,SELL,99.81,5
187,CANCEL_ORDER,1053,,,
187,ADD_ORDER,1126,SELL,99.81,1
187,ADD_ORDER,1127,BUY,99.80,2
187,ADD_ORDER,1128,SELL,99.81,2
188,ADD_ORDER,1129,SELL,99.82,3
188,ADD_ORDER,1130,SELL,99.79,5
188,ADD_ORDER,1131,BUY,99.82,1
188,ADD_ORDER,1132,SELL,99.85,2
188,ADD_ORDER,1133,BUY,99.81,5
188,CANCEL_ORDER,735,,,
188,ADD_ORDER,1134,SELL,99.80,1
189,MARKET_ORDER,1135,BUY,,2
189,ADD_ORDER,1136,BUY,99.75,3
189,MARKET_ORDER,1137,SELL,,1
189,ADD_ORDER,1138,SELL,99.79,2
189,ADD_ORDER,1139,BUY,99.76,4
189,ADD_ORDER,1140,SELL,99.84,3
190,ADD_ORDER,1141,SELL,99.77,2
190,ADD_ORDER,1142,SELL,99.74,5
190,CANCEL_ORDER,597,,,
190,ADD_ORDER,1143,BUY,99.76,3
190,ADD_ORDER,1144,SELL,99.79,1
190,ADD_ORDER,1145,BUY,99.80,4
190,ADD_ORDER,1146,BUY,99.77,1
191,CANCEL_ORDER,781,,,
191,ADD_ORDER,1147,BUY,99.75,4
191,ADD_ORDER,1148,BUY,99.72,1
191,ADD_ORDER,1149,SELL,99.75,2
191,ADD_ORDER,1150,BUY,99.72,2
191,MARKET_ORDER,1151,BUY,,3
191,ADD_ORDER,1152,SELL,99.72,1
192,CANCEL_ORDER,1119,,,
192,ADD_ORDER,1153,SELL,99.72,2
192,ADD_ORDER,1154,BUY,99.75,1
192,ADD_ORDER,1155,SELL,99.73,1
192,ADD_ORDER,1156,BUY,99.81,3
192,ADD_ORDER,1157,BUY,99.72,5
192,CANCEL_ORDER,20,,,
192,ADD_ORDER,1158,SELL,99.75,5
193,ADD_ORDER,1159,BUY,99.76,4
193,ADD_ORDER,1160,SELL,99.76,3
193,ADD_ORDER,1161,BUY,99.82,1
193,ADD_ORDER,1162,BUY,99.77,3
193,ADD_ORDER,1163,BUY,99.79,4
193,ADD_ORDER,1164,SELL,99.78,3
194,ADD_ORDER,1165,BUY,99.80,3
194,CANCEL_ORDER,58,,,
194,ADD_ORDER,1166,SELL,99.78,1
194,ADD_ORDER,1167,SELL,99.77,3
194,ADD_ORDER,1168,BUY,99.78,4
194,ADD_ORDER,1169,SELL,99.80,5
194,ADD_ORDER,1170,SELL,99.78,1
195,ADD_ORDER,1171,SELL,99.77,3
195,CANCEL_ORDER,148,,,
195,ADD_ORDER,1172,SELL,99.77,2
195,MARKET_ORDER,1173,BUY,,2
195,CANCEL_ORDER,306,,,
195,ADD_ORDER,1174,BUY,99.74,2
195,ADD_ORDER,1175,SELL,99.77,4
195,ADD_ORDER,1176,BUY,99.84,4
196,ADD_ORDER,1177,BUY,99.77,1
196,ADD_ORDER,1178,SELL,99.76,2
196,ADD_ORDER,1179,SELL,99.78,4
196,ADD_ORDER,1180,SELL,99.76,5
196,ADD_ORDER,1181,BUY,99.77,1
196,ADD_ORDER,1182,SELL,99.78,4
197,ADD_ORDER,1183,SELL,99.80,1
197,ADD_ORDER,1184,SELL,99.87,3
197,ADD_ORDER,1185,BUY,99.81,5
197,CANCEL_ORDER,661,,,
197,ADD_ORDER,1186,SELL,99.80,4
197,CANCEL_ORDER,1125,,,
197,MARKET_ORDER,1187,BUY,,2
197,ADD_ORDER,1188,SELL,99.84,5
198,ADD_ORDER,1189,BUY,99.80,4
198,ADD_ORDER,1190,BUY,99.77,1
198,ADD_ORDER,1191,SELL,99.77,5
198,ADD_ORDER,1192,BUY,99.78,5
198,MARKET_ORDER,1193,BUY,,2
198,ADD_ORDER,1194,SELL,99.78,2
199,ADD_ORDER,1195,BUY,99.80,1
199,ADD_ORDER,1196,SELL,99.80,4
199,MARKET_ORDER,1197,SELL,,5
199,ADD_ORDER,1198,BUY,99.76,3
199,ADD_ORDER,1199,SELL,99.78,1
199,CANCEL_ORDER,1130,,,
199,ADD_ORDER,1200,BUY,99.79,1
200,ADD_ORDER,1201,SELL,99.79,1
200,ADD_ORDER,1202,SELL,99.79,2
200,CANCEL_ORDER,11,,,
200,MARKET_ORDER,1203,BUY,,2
200,ADD_ORDER,1204,SELL,99.78,5
200,ADD_ORDER,1205,BUY,99.79,4
200,ADD_ORDER,1206,SELL,99.76,3
201,ADD_ORDER,1207,BUY,99.77,2
201,ADD_ORDER,1208,BUY,99.77,5
201,ADD_ORDER,1209,BUY,99.81,1
201,ADD_ORDER,1210,SELL,99.76,1
201,ADD_ORDER,1211,BUY,99.77,5
201,ADD_ORDER,1212,BUY,99.79,2
202,ADD_ORDER,1213,BUY,99.83,4
202,ADD_ORDER,1214,SELL,99.79,5
202,ADD_ORDER,1215,BUY,99.80,2
202,ADD_ORDER,1216,BUY,99.77,4
202,CANCEL_ORDER,809,,,
202,ADD_ORDER,1217,BUY,99.77,3
202,ADD_ORDER,1218,BUY,99.77,3
203,ADD_ORDER,1219,SELL,99.76,4
203,ADD_ORDER,1220,SELL,99.79,5
203,MARKET_ORDER,1221,SELL,,2
203,ADD_ORDER,1222,BUY,99.84,3
203,ADD_ORDER,1223,BUY,99.75,5
203,CANCEL_ORDER,324,,,
203,ADD_ORDER,1224,SELL,99.83,1
204,CANCEL_ORDER,1046,,,
204,ADD_ORDER,1225,SELL,99.78,3
204,ADD_ORDER,1226,BUY,99.77,3
204,CANCEL_ORDER,1145,,,
204,ADD_ORDER,1227,SELL,99.77,5
204,CANCEL_ORDER,169,,,
204,ADD_ORDER,1228,BUY,99.80,1
204,ADD_ORDER,1229,BUY,99.80,3
204,ADD_ORDER,1230,SELL,99.76,5
205,MARKET_ORDER,1231,BUY,,3
205,ADD_ORDER,1232,SELL,99.80,1
205,CANCEL_ORDER,1232,,,
205,ADD_ORDER,1233,BUY,99.76,5
205,ADD_ORDER,1234,SELL,99.80,4
205,ADD_ORDER,1235,BUY,99.82,2
205,ADD_ORDER,1236,BUY,99.79,4
206,CANCEL_ORDER,1026,,,
206,MARKET_ORDER,1237,SELL,,4
206,ADD_ORDER,1238,BUY,99.79,1
206,ADD_ORDER,1239,BUY,99.78,4
206,ADD_ORDER,1240,BUY,99.80,1
206,CANCEL_ORDER,788,,,
206,ADD_ORDER,1241,SELL,99.80,5
206,ADD_ORDER,1242,BUY,99.79,1
207,ADD_ORDER,1243,SELL,99.81,2
207,CANCEL_ORDER,393,,,
207,ADD_ORDER,1244,BUY,99.85,2
207,CANCEL_ORDER,914,,,
207,ADD_ORDER,1245,SELL,99.85,5
207,ADD_ORDER,1246,SELL,99.82,4
207,CANCEL_ORDER,1184,,,
207,ADD_ORDER,1247,SELL,99.89,3
207,CANCEL_ORDER,139,,,
207,MARKET_ORDER,1248,SELL,,1
208,ADD_ORDER,1249,BUY,99.85,1
208,ADD_ORDER,1250,BUY,99.84,2
208,ADD_ORDER,1251,SELL,99.85,3
208,MARKET_ORDER,1252,BUY,,1
208,MARKET_ORDER,1253,BUY,,5
208,MARKET_ORDER,1254,SELL,,2
209,ADD_ORDER,1255,BUY,99.84,1
209,ADD_ORDER,1256,SELL,99.85,2
209,CANCEL_ORDER,309,,,
209,ADD_ORDER,1257,SELL,99.85,5
209,MARKET_ORDER,1258,SELL,,5
209,ADD_ORDER,1259,SELL,99.83,4
209,ADD_ORDER,1260,BUY,99.84,4
210,ADD_ORDER,1261,SELL,99.82,5
210,ADD_ORDER,1262,SELL,99.83,3
210,ADD_ORDER,1263,BUY,99.82,5
210,ADD_ORDER,1264,BUY,99.81,4
210,ADD_ORDER,1265,BUY,99.85,3
210,ADD_ORDER,1266,SELL,99.81,3
211,MARKET_ORDER,1267,SELL,,4
211,ADD_ORDER,1268,SELL,99.87,2
211,CANCEL_ORDER,1118,,,
211,ADD_ORDER,1269,SELL,99.85,5
211,ADD_ORDER,1270,BUY,99.90,1
211,MARKET_ORDER,1271,SELL,,1
211,CANCEL_ORDER,126,,,
211,MARKET_ORDER,1272,SELL,,5
212,ADD_ORDER,1273,SELL,99.87,4
212,CANCEL_ORDER,1025,,,
212,ADD_ORDER,1274,BUY,99.89,1
212,ADD_ORDER,1275,SELL,99.86,2
212,ADD_ORDER,1276,BUY,99.89,3
212,ADD_ORDER,1277,SELL,99.87,1
212,ADD_ORDER,1278,SELL,99.85,4
213,ADD_ORDER,1279,BUY,99.95,1
213,CANCEL_ORDER,1064,,,
213,MARKET_ORDER,1280,BUY,,5
213,CANCEL_ORDER,176,,,
213,ADD_ORDER,1281,BUY,99.86,2
213,ADD_ORDER,1282,SELL,99.93,1
213,ADD_ORDER,1283,SELL,99.89,1
213,ADD_ORDER,1284,SELL,99.89,5
214,ADD_ORDER,1285,BUY,99.87,4
214,CANCEL_ORDER,681,,,
214,ADD_ORDER,1286,BUY,99.90,1
214,ADD_ORDER,1287,BUY,99.86,4
214,MARKET_ORDER,1288,BUY,,4
214,ADD_ORDER,1289,BUY,99.84,2
214,ADD_ORDER,1290,BUY,99.86,5
215,ADD_ORDER,1291,BUY,99.87,4
215,CANCEL_ORDER,1182,,,
215,ADD_ORDER,1292,SELL,99.91,5
215,CANCEL_ORDER,836,,,
215,ADD_ORDER,1293,SELL,99.87,4
215,ADD_ORDER,1294,BUY,99.85,1
215,ADD_ORDER,1295,SELL,99.86,3
215,CANCEL_ORDER,342,,,
215,ADD_ORDER,1296,SELL,99.84,5
216,ADD_ORDER,1297,BUY,99.87,5
216,CANCEL_ORDER,702,,,
216,ADD_ORDER,1298,SELL,99.87,4
216,CANCEL_ORDER,839,,,
216,ADD_ORDER,1299,SELL,99.89,4
216,ADD_ORDER,1300,BUY,99.90,2
216,ADD_ORDER,1301,BUY,99.87,3
216,CANCEL_ORDER,867,,,
216,ADD_ORDER,1302,SELL,99.91,4
217,ADD_ORDER,1303,SELL,99.84,1
217,ADD_ORDER,1304,BUY,99.85,5
217,MARKET_ORDER,1305,BUY,,1
217,ADD_ORDER,1306,BUY,99.86,1
217,MARKET_ORDER,1307,BUY,,1
217,ADD_ORDER,1308,BUY,99.84,5
218,CANCEL_ORDER,1000,,,
218,ADD_ORDER,1309,SELL,99.82,2
218,ADD_ORDER,1310,BUY,99.83,3
218,ADD_ORDER,1311,BUY,99.82,2
218,ADD_ORDER,1312,BUY,99.80,3
218,ADD_ORDER,1313,BUY,99.81,5
218,ADD_ORDER,1314,SELL,99.81,4
219,ADD_ORDER,1315,SELL,99.82,1
219,ADD_ORDER,1316,SELL,99.78,3
219,ADD_ORDER,1317,BUY,99.79,1
219,ADD_ORDER,1318,BUY,99.81,5
219,ADD_ORDER,1319,BUY,99.82,5
219,ADD_ORDER,1320,SELL,99.88,5
220,ADD_ORDER,1321,BUY,99.81,1
220,MARKET_ORDER,1322,SELL,,1
220,ADD_ORDER,1323,SELL,99.84,4
220,ADD_ORDER,1324,SELL,99.83,5
220,ADD_ORDER,1325,SELL,99.84,4
220,CANCEL_ORDER,283,,,
220,ADD_ORDER,1326,SELL,99.80,2
221,ADD_ORDER,1327,SELL,99.77,1
221,CANCEL_ORDER,1284,,,
221,ADD_ORDER,1328,BUY,99.78,1
221,ADD_ORDER,1329,SELL,99.86,1
221,ADD_ORDER,1330,BUY,99.78,1
221,ADD_ORDER,1331,SELL,99.81,2
221,ADD_ORDER,1332,BUY,99.80,1
222,ADD_ORDER,1333,BUY,99.83,3
222,CANCEL_ORDER,55,,,
222,ADD_ORDER,1334,SELL,99.83,1
222,ADD_ORDER,1335,SELL,99.74,3
222,ADD_ORDER,1336,SELL,99.77,3
222,ADD_ORDER,1337,SELL,99.76,4
222,ADD_ORDER,1338,SELL,99.76,1
223,ADD_ORDER,1339,SELL,99.81,3
223,ADD_ORDER,1340,SELL,99.81,1
223,ADD_ORDER,1341,BUY,99.87,4
223,MARKET_ORDER,1342,BUY,,5
223,ADD_ORDER,1343,BUY,99.84,2
223,MARKET_ORDER,1344,SELL,,4
224,ADD_ORDER,1345,SELL,99.86,2
224,ADD_ORDER,1346,BUY,99.83,2
224,ADD_ORDER,1347,BUY,99.82,1
224,CANCEL_ORDER,645,,,
224,ADD_ORDER,1348,SELL,99.79,3
224,ADD_ORDER,1349,BUY,99.79,3
224,MARKET_ORDER,1350,BUY,,1
225,ADD_ORDER,1351,SELL,99.79,5
225,ADD_ORDER,1352,SELL,99.83,2
225,ADD_ORDER,1353,BUY,99.81,3
225,CANCEL_ORDER,676,,,
225,ADD_ORDER,1354,BUY,99.83,3
225,ADD_ORDER,1355,SELL,99.83,3
225,ADD_ORDER,1356,BUY,99.79,2
226,CANCEL_ORDER,642,,,
226,ADD_ORDER,1357,SELL,99.83,4
226,CANCEL_ORDER,1171,,,
226,MARKET_ORDER,1358,BUY,,2
226,MARKET_ORDER,1359,BUY,,2
226,ADD_ORDER,1360,BUY,99.87,4
226,ADD_ORDER,1361,BUY,99.78,3
226,ADD_ORDER,1362,BUY,99.87,1
227,ADD_ORDER,1363,BUY,99.81,4
227,CANCEL_ORDER,478,,,
227,ADD_ORDER,1364,BUY,99.81,2
227,CANCEL_ORDER,1286,,,
227,ADD_ORDER,1365,SELL,99.81,1
227,ADD_ORDER,1366,SELL,99.81,1
227,CANCEL_ORDER,1140,,,
227,ADD_ORDER,1367,BUY,99.84,3
227,MARKET_ORDER,1368,SELL,,3
228,ADD_ORDER,1369,BUY,99.88,5
228,ADD_ORDER,1370,SELL,99.81,5
228,ADD_ORDER,1371,BUY,99.80,3
228,ADD_ORDER,1372,SELL,99.82,4
228,ADD_ORDER,1373,BUY,99.80,1
228,ADD_ORDER,1374,BUY,99.81,4
229,ADD_ORDER,1375,BUY,99.86,3
229,CANCEL_ORDER,484,,,
229,ADD_ORDER,1376,BUY,99.84,5
229,CANCEL_ORDER,429,,,
229,ADD_ORDER,1377,BUY,99.84,1
229,ADD_ORDER,1378,SELL,99.88,3
229,MARKET_ORDER,1379,BUY,,4
229,ADD_ORDER,1380,SELL,99.88,3
230,ADD_ORDER,1381,SELL,99.81,3
230,MARKET_ORDER,1382,BUY,,5
230,ADD_ORDER,1383,SELL,99.82,4
230,ADD_ORDER,1384,BUY,99.82,1
230,CANCEL_ORDER,790,,,
230,ADD_ORDER,1385,BUY,99.82,4
230,ADD_ORDER,1386,BUY,99.85,2
231,ADD_ORDER,1387,SELL,99.79,5
231,ADD_ORDER,1388,BUY,99.79,2
231,ADD_ORDER,1389,BUY,99.78,3
231,ADD_ORDER,1390,BUY,99.88,1
231,ADD_ORDER,1391,SELL,99.78,5
231,ADD_ORDER,1392,SELL,99.79,3
232,ADD_ORDER,1393,SELL,99.80,4
232,ADD_ORDER,1394,BUY,99.81,1
232,CANCEL_ORDER,501,,,
232,ADD_ORDER,1395,SELL,99.79,1
232,ADD_ORDER,1396,BUY,99.82,3
232,CANCEL_ORDER,682,,,
232,ADD_ORDER,1397,SELL,99.84,5
232,CANCEL_ORDER,310,,,
232,ADD_ORDER,1398,BUY,99.81,5
233,ADD_ORDER,1399,BUY,99.87,1
233,ADD_ORDER,1400,SELL,99.81,5
233,ADD_ORDER,1401,BUY,99.79,3
233,ADD_ORDER,1402,BUY,99.87,4
233,ADD_ORDER,1403,BUY,99.80,5
233,ADD_ORDER,1404,SELL,99.85,3
234,ADD_ORDER,1405,SELL,99.76,2
234,ADD_ORDER,1406,SELL,99.76,4
234,MARKET_ORDER,1407,SELL,,5
234,ADD_ORDER,1408,SELL,99.83,3
234,ADD_ORDER,1409,BUY,99.79,1
234,MARKET_ORDER,1410,BUY,,2
235,ADD_ORDER,1411,BUY,99.78,4
235,CANCEL_ORDER,1019,,,
235,ADD_ORDER,1412,BUY,99.79,5
235,ADD_ORDER,1413,BUY,99.78,4
235,ADD_ORDER,1414,SELL,99.76,1
235,CANCEL_ORDER,305,,,
235,ADD_ORDER,1415,SELL,99.79,3
235,MARKET_ORDER,1416,SELL,,5
236,ADD_ORDER,1417,SELL,99.81,1
236,ADD_ORDER,1418,BUY,99.87,5
236,CANCEL_ORDER,1235,,,
236,ADD_ORDER,1419,BUY,99.78,1
236,ADD_ORDER,1420,BUY,99.79,4
236,ADD_ORDER,1421,SELL,99.81,3
236,ADD_ORDER,1422,BUY,99.80,1
237,ADD_ORDER,1423,SELL,99.80,5
237,ADD_ORDER,1424,SELL,99.81,2
237,ADD_ORDER,1425,SELL,99.81,1
237,ADD_ORDER,1426,SELL,99.78,4
237,ADD_ORDER,1427,SELL,99.80,3
237,CANCEL_ORDER,533,,,
237,ADD_ORDER,1428,BUY,99.81,4
238,ADD_ORDER,1429,SELL,99.83,5
238,CANCEL_ORDER,1071,,,
238,ADD_ORDER,1430,BUY,99.77,3
238,CANCEL_ORDER,767,,,
238,ADD_ORDER,1431,SELL,99.76,5
238,ADD_ORDER,1432,BUY,99.76,5
238,ADD_ORDER,1433,SELL,99.76,2
238,ADD_ORDER,1434,BUY,99.77,4
239,ADD_ORDER,1435,BUY,99.82,2
239,ADD_ORDER,1436,BUY,99.80,3
239,MARKET_ORDER,1437,SELL,,4
239,ADD_ORDER,1438,SELL,99.78,4
239,MARKET_ORDER,1439,SELL,,3
239,MARKET_ORDER,1440,BUY,,3
240,ADD_ORDER,1441,SELL,99.76,1
240,CANCEL_ORDER,857,,,
240,MARKET_ORDER,1442,BUY,,1
240,MARKET_ORDER,1443,BUY,,4
240,ADD_ORDER,1444,SELL,99.80,2
240,ADD_ORDER,1445,BUY,99.74,2
240,ADD_ORDER,1446,SELL,99.80,3
241,ADD_ORDER,1447,BUY,99.80,5
241,CANCEL_ORDER,95,,,
241,ADD_ORDER,1448,SELL,99.76,4
241,MARKET_ORDER,1449,BUY,,4
241,ADD_ORDER,1450,SELL,99.79,5
241,CANCEL_ORDER,966,,,
241,ADD_ORDER,1451,BUY,99.78,2
241,ADD_ORDER,1452,BUY,99.80,4
242,MARKET_ORDER,1453,BUY,,5
242,CANCEL_ORDER,496,,,
242,ADD_ORDER,1454,SELL,99.75,2
242,ADD_ORDER,1455,SELL,99.76,3
242,ADD_ORDER,1456,SELL,99.78,2
242,CANCEL_ORDER,562,,,
242,ADD_ORDER,1457,SELL,99.77,1
242,ADD_ORDER,1458,BUY,99.76,4
243,ADD_ORDER,1459,SELL,99.85,4
243,ADD_ORDER,1460,SELL,99.79,2
243,MARKET_ORDER,1461,BUY,,1
243,ADD_ORDER,1462,SELL,99.78,3
243,ADD_ORDER,1463,SELL,99.76,5
243,CANCEL_ORDER,106,,,
243,ADD_ORDER,1464,SELL,99.78,4
244,ADD_ORDER,1465,BUY,99.81,1
244,ADD_ORDER,1466,SELL,99.82,2
244,ADD_ORDER,1467,BUY,99.80,3
244,CANCEL_ORDER,1319,,,
244,ADD_ORDER,1468,BUY,99.87,1
244,ADD_ORDER,1469,SELL,99.79,5
244,ADD_ORDER,1470,BUY,99.81,2
245,ADD_ORDER,1471,SELL,99.76,2
245,CANCEL_ORDER,1210,,,
245,ADD_ORDER,1472,SELL,99.84,4
245,ADD_ORDER,1473,BUY,99.76,1
245,ADD_ORDER,1474,SELL,99.78,3
245,ADD_ORDER,1475,BUY,99.78,5
245,ADD_ORDER,1476,SELL,99.78,3
246,ADD_ORDER,1477,BUY,99.77,3
246,MARKET_ORDER,1478,BUY,,3
246,ADD_ORDER,1479,SELL,99.76,4
246,CANCEL_ORDER,331,,,
246,ADD_ORDER,1480,SELL,99.77,3
246,ADD_ORDER,1481,BUY,99.75,5
246,ADD_ORDER,1482,SELL,99.76,5
247,ADD_ORDER,1483,BUY,99.83,2
247,ADD_ORDER,1484,SELL,99.88,3
247,ADD_ORDER,1485,BUY,99.89,3
247,MARKET_ORDER,1486,SELL,,2
247,CANCEL_ORDER,882,,,
247,ADD_ORDER,1487,BUY,99.83,3
247,CANCEL_ORDER,1473,,,
247,ADD_ORDER,1488,SELL,99.79,1
248,ADD_ORDER,1489,BUY,99.83,3
248,ADD_ORDER,1490,SELL,99.83,1
248,ADD_ORDER,1491,SELL,99.83,1
248,ADD_ORDER,1492,SELL,99.79,2
248,ADD_ORDER,1493,SELL,99.79,1
248,ADD_ORDER,1494,BUY,99.83,3
249,CANCEL_ORDER,1281,,,
249,ADD_ORDER,1495,BUY,99.82,5
249,MARKET_ORDER,1496,SELL,,5
249,ADD_ORDER,1497,SELL,99.79,4
249,CANCEL_ORDER,733,,,
249,ADD_ORDER,1498,BUY,99.79,4
249,ADD_ORDER,1499,BUY,99.83,4
249,CANCEL_ORDER,548,,,
249,ADD_ORDER,1500,BUY,99.79,2
250,ADD_ORDER,1501,SELL,99.82,3
250,CANCEL_ORDER,514,,,
250,ADD_ORDER,1502,BUY,99.79,1
250,CANCEL_ORDER,1355,,,
250,ADD_ORDER,1503,BUY,99.86,5
250,CANCEL_ORDER,1501,,,
250,ADD_ORDER,1504,SELL,99.79,5
250,ADD_ORDER,1505,BUY,99.79,5
250,ADD_ORDER,1506,SELL,99.79,2
251,CANCEL_ORDER,238,,,
251,ADD_ORDER,1507,SELL,99.79,4
251,CANCEL_ORDER,1244,,,
251,ADD_ORDER,1508,SELL,99.85,5
251,ADD_ORDER,1509,BUY,99.78,4
251,ADD_ORDER,1510,SELL,99.78,1
251,ADD_ORDER,1511,SELL,99.82,3
251,ADD_ORDER,1512,BUY,99.80,2
252,ADD_ORDER,1513,BUY,99.85,2
252,ADD_ORDER,1514,BUY,99.83,2
252,ADD_ORDER,1515,BUY,99.81,4
252,ADD_ORDER,1516,SELL,99.84,1
252,ADD_ORDER,1517,SELL,99.83,2
252,ADD_ORDER,1518,SELL,99.81,4
253,ADD_ORDER,1519,BUY,99.79,4
253,CANCEL_ORDER,175,,,
253,ADD_ORDER,1520,BUY,99.80,1
253,ADD_ORDER,1521,BUY,99.82,4
253,ADD_ORDER,1522,BUY,99.81,5
253,ADD_ORDER,1523,SELL,99.79,3
253,ADD_ORDER,1524,SELL,99.79,1
254,ADD_ORDER,1525,SELL,99.83,4
254,ADD_ORDER,1526,BUY,99.80,4
254,MARKET_ORDER,1527,SELL,,3
254,MARKET_ORDER,1528,SELL,,2
254,CANCEL_ORDER,239,,,
254,ADD_ORDER,1529,BUY,99.89,3
254,ADD_ORDER,1530,BUY,99.88,2
255,CANCEL_ORDER,63,,,
255,ADD_ORDER,1531,SELL,99.85,3
255,ADD_ORDER,1532,BUY,99.85,5
255,ADD_ORDER,1533,BUY,99.89,3
255,ADD_ORDER,1534,SELL,99.86,4
255,ADD_ORDER,1535,BUY,99.82,1
255,ADD_ORDER,1536,SELL,99.83,3
256,MARKET_ORDER,1537,SELL,,1
256,ADD_ORDER,1538,SELL,99.85,4
256,ADD_ORDER,1539,SELL,99.87,4
256,ADD_ORDER,1540,BUY,99.88,2
256,MARKET_ORDER,1541,BUY,,1
256,ADD_ORDER,1542,BUY,99.87,3
257,MARKET_ORDER,1543,BUY,,1
257,CANCEL_ORDER,1031,,,
257,ADD_ORDER,1544,SELL,99.89,3
257,CANCEL_ORDER,880,,,
257,ADD_ORDER,1545,BUY,99.89,3
257,ADD_ORDER,1546,SELL,99.86,5
257,CANCEL_ORDER,1143,,,
257,MARKET_ORDER,1547,BUY,,5
257,ADD_ORDER,1548,BUY,99.86,5
258,ADD_ORDER,1549,BUY,99.90,4
258,ADD_ORDER,1550,SELL,99.96,3
258,ADD_ORDER,1551,BUY,99.96,2
258,ADD_ORDER,1552,BUY,99.92,2
258,MARKET_ORDER,1553,SELL,,4
258,ADD_ORDER,1554,SELL,99.92,4
259,CANCEL_ORDER,1329,,,
259,MARKET_ORDER,1555,SELL,,3
259,ADD_ORDER,1556,BUY,99.92,4
259,ADD_ORDER,1557,SELL,99.90,2
259,ADD_ORDER,1558,BUY,99.93,3
259,ADD_ORDER,1559,BUY,99.94,5
259,ADD_ORDER,1560,BUY,99.91,4
260,MARKET_ORDER,1561,BUY,,5
260,ADD_ORDER,1562,BUY,99.91,1
260,CANCEL_ORDER,1226,,,
260,ADD_ORDER,1563,BUY,99.92,3
260,CANCEL_ORDER,956,,,
260,ADD_ORDER,1564,SELL,99.94,3
260,MARKET_ORDER,1565,BUY,,2
260,ADD_ORDER,1566,BUY,99.91,3
261,MARKET_ORDER,1567,SELL,,1
261,MARKET_ORDER,1568,SELL,,2
261,CANCEL_ORDER,490,,,
261,ADD_ORDER,1569,BUY,99.92,4
261,CANCEL_ORDER,952,,,
261,MARKET_ORDER,1570,SELL,,1
261,ADD_ORDER,1571,BUY,99.98,5
261,ADD_ORDER,1572,SELL,99.94,5
262,CANCEL_ORDER,339,,,
262,ADD_ORDER,1573,BUY,99.92,1
262,MARKET_ORDER,1574,BUY,,1
262,ADD_ORDER,1575,SELL,99.92,3
262,CANCEL_ORDER,1353,,,
262,ADD_ORDER,1576,BUY,99.91,5
262,ADD_ORDER,1577,BUY,99.89,5
262,ADD_ORDER,1578,BUY,99.88,3
263,ADD_ORDER,1579,SELL,99.88,5
263,CANCEL_ORDER,1398,,,
263,ADD_ORDER,1580,SELL,99.98,5
263,ADD_ORDER,1581,BUY,99.90,4
263,CANCEL_ORDER,792,,,
263,ADD_ORDER,1582,SELL,99.90,1
263,ADD_ORDER,1583,SELL,99.92,1
263,ADD_ORDER,1584,BUY,99.90,5
264,ADD_ORDER,1585,SELL,99.91,4
264,ADD_ORDER,1586,SELL,99.90,3
264,ADD_ORDER,1587,SELL,99.90,4
264,ADD_ORDER,1588,BUY,99.94,2
264,ADD_ORDER,1589,SELL,99.90,1
264,MARKET_ORDER,1590,BUY,,1
265,CANCEL_ORDER,575,,,
265,ADD_ORDER,1591,BUY,99.94,3
265,MARKET_ORDER,1592,BUY,,3
265,ADD_ORDER,1593,BUY,99.92,3
265,CANCEL_ORDER,1498,,,
265,ADD_ORDER,1594,SELL,99.92,3
265,ADD_ORDER,1595,SELL,99.92,5
265,ADD_ORDER,1596,BUY,99.92,4
266,MARKET_ORDER,1597,SELL,,3
266,ADD_ORDER,1598,SELL,99.95,1
266,ADD_ORDER,1599,SELL,99.96,4
266,MARKET_ORDER,1600,SELL,,3
266,MARKET_ORDER,1601,SELL,,5
266,ADD_ORDER,1602,SELL,99.97,2
267,ADD_ORDER,1603,BUY,99.96,5
267,ADD_ORDER,1604,SELL,100.02,5
267,CANCEL_ORDER,1348,,,
267,ADD_ORDER,1605,SELL,99.95,5
267,ADD_ORDER,1606,SELL,99.95,2
267,CANCEL_ORDER,947,,,
267,ADD_ORDER,1607,SELL,99.93,5
267,ADD_ORDER,1608,SELL,99.97,4
268,ADD_ORDER,1609,SELL,99.99,4
268,ADD_ORDER,1610,SELL,99.98,5
268,ADD_ORDER,1611,SELL,99.96,1
268,ADD_ORDER,1612,SELL,99.95,3
268,ADD_ORDER,1613,SELL,99.98,2
268,CANCEL_ORDER,1444,,,
268,MARKET_ORDER,1614,BUY,,1
269,ADD_ORDER,1615,SELL,100.05,2
269,ADD_ORDER,1616,BUY,100.03,5
269,ADD_ORDER,1617,SELL,100.03,2
269,ADD_ORDER,1618,SELL,99.99,1
269,MARKET_ORDER,1619,BUY,,5
269,ADD_ORDER,1620,SELL,100.01,4
270,ADD_ORDER,1621,BUY,100.02,3
270,ADD_ORDER,1622,SELL,100.02,4
270,ADD_ORDER,1623,BUY,100.02,4
270,ADD_ORDER,1624,SELL,100.00,4
270,ADD_ORDER,1625,BUY,99.99,3
270,MARKET_ORDER,1626,SELL,,1
271,ADD_ORDER,1627,BUY,99.97,3
271,ADD_ORDER,1628,SELL,99.99,4
271,ADD_ORDER,1629,BUY,100.05,4
271,CANCEL_ORDER,378,,,
271,ADD_ORDER,1630,BUY,99.98,3
271,CANCEL_ORDER,1159,,,
271,ADD_ORDER,1631,SELL,99.98,2
271,ADD_ORDER,1632,SELL,100.01,4
272,ADD_ORDER,1633,SELL,99.97,5
272,ADD_ORDER,1634,SELL,99.98,4
272,MARKET_ORDER,1635,BUY,,1
272,ADD_ORDER,1636,BUY,99.96,2
272,ADD_ORDER,1637,BUY,100.00,5
272,CANCEL_ORDER,904,,,
272,ADD_ORDER,1638,SELL,99.96,1
273,ADD_ORDER,1639,SELL,99.98,2
273,ADD_ORDER,1640,SELL,99.98,5
273,MARKET_ORDER,1641,SELL,,4
273,ADD_ORDER,1642,BUY,100.05,3
273,ADD_ORDER,1643,SELL,100.00,3
273,ADD_ORDER,1644,SELL,100.00,5
274,ADD_ORDER,1645,BUY,99.99,5
274,ADD_ORDER,1646,SELL,99.99,2
274,ADD_ORDER,1647,SELL,99.96,1
274,ADD_ORDER,1648,BUY,99.99,3
274,ADD_ORDER,1649,BUY,99.99,3
274,ADD_ORDER,1650,SELL,99.99,3
275,ADD_ORDER,1651,SELL,99.97,1
275,ADD_ORDER,1652,SELL,99.95,3
275,CANCEL_ORDER,829,,,
275,ADD_ORDER,1653,SELL,99.97,5
275,CANCEL_ORDER,960,,,
275,ADD_ORDER,1654,BUY,99.97,4
275,CANCEL_ORDER,1370,,,
275,ADD_ORDER,1655,BUY,99.97,3
275,CANCEL_ORDER,199,,,
275,ADD_ORDER,1656,SELL,99.94,2
276,ADD_ORDER,1657,BUY,100.01,3
276,MARKET_ORDER,1658,BUY,,4
276,ADD_ORDER,1659,BUY,99.94,1
276,CANCEL_ORDER,1628,,,
276,ADD_ORDER,1660,SELL,99.93,2
276,MARKET_ORDER,1661,BUY,,5
276,ADD_ORDER,1662,SELL,100.02,1
277,MARKET_ORDER,1663,SELL,,2
277,ADD_ORDER,1664,SELL,99.98,3
277,ADD_ORDER,1665,SELL,100.01,4
277,MARKET_ORDER,1666,BUY,,4
277,ADD_ORDER,1667,SELL,99.95,2
277,ADD_ORDER,1668,BUY,100.01,3
278,ADD_ORDER,1669,BUY,99.97,2
278,ADD_ORDER,1670,SELL,99.96,1
278,ADD_ORDER,1671,BUY,99.97,5
278,MARKET_ORDER,1672,SELL,,3
278,ADD_ORDER,1673,SELL,99.96,3
278,MARKET_ORDER,1674,BUY,,1
279,ADD_ORDER,1675,SELL,100.05,4
279,CANCEL_ORDER,1598,,,
279,ADD_ORDER,1676,SELL,99.95,1
279,ADD_ORDER,1677,BUY,99.98,4
279,CANCEL_ORDER,1415,,,
279,ADD_ORDER,1678,BUY,100.01,3
279,ADD_ORDER,1679,BUY,99.96,2
279,ADD_ORDER,1680,SELL,99.95,3
280,ADD_ORDER,1681,BUY,99.99,1
280,CANCEL_ORDER,746,,,
280,MARKET_ORDER,1682,SELL,,2
280,ADD_ORDER,1683,BUY,100.01,2
280,ADD_ORDER,1684,SELL,99.98,2
280,ADD_ORDER,1685,SELL,100.01,5
280,ADD_ORDER,1686,SELL,100.00,3
281,ADD_ORDER,1687,BUY,100.00,2
281,CANCEL_ORDER,366,,,
281,ADD_ORDER,1688,BUY,99.98,2
281,CANCEL_ORDER,492,,,
281,ADD_ORDER,1689,BUY,99.97,2
281,ADD_ORDER,1690,SELL,99.99,2
281,MARKET_ORDER,1691,BUY,,2
281,CANCEL_ORDER,1106,,,
281,ADD_ORDER,1692,BUY,99.99,1
282,ADD_ORDER,1693,BUY,99.96,4
282,ADD_ORDER,1694,BUY,99.92,3
282,ADD_ORDER,1695,SELL,99.94,1
282,ADD_ORDER,1696,SELL,99.96,3
282,CANCEL_ORDER,417,,,
282,ADD_ORDER,1697,SELL,99.92,5
282,ADD_ORDER,1698,BUY,99.95,3
283,MARKET_ORDER,1699,BUY,,2
283,ADD_ORDER,1700,BUY,99.92,3
283,ADD_ORDER,1701,SELL,99.92,4
283,ADD_ORDER,1702,BUY,99.95,5
283,ADD_ORDER,1703,BUY,99.98,4
283,ADD_ORDER,1704,BUY,99.94,3
284,ADD_ORDER,1705,BUY,100.05,5
284,CANCEL_ORDER,1697,,,
284,MARKET_ORDER,1706,BUY,,5
284,ADD_ORDER,1707,SELL,99.98,5
284,CANCEL_ORDER,540,,,
284,ADD_ORDER,1708,BUY,99.96,3
284,ADD_ORDER,1709,SELL,100.00,4
284,CANCEL_ORDER,1122,,,
284,ADD_ORDER,1710,SELL,99.97,3
285,MARKET_ORDER,1711,BUY,,5
285,ADD_ORDER,1712,SELL,99.95,2
285,ADD_ORDER,1713,BUY,99.95,1
285,ADD_ORDER,1714,SELL,99.99,5
285,MARKET_ORDER,1715,BUY,,4
285,ADD_ORDER,1716,BUY,99.97,5
286,ADD_ORDER,1717,SELL,99.96,5
286,CANCEL_ORDER,1131,,,
286,ADD_ORDER,1718,SELL,99.97,4
286,CANCEL_ORDER,32,,,
286,MARKET_ORDER,1719,SELL,,1
286,ADD_ORDER,1720,SELL,99.93,2
286,ADD_ORDER,1721,BUY,99.93,2
286,ADD_ORDER,1722,SELL,99.93,2
287,ADD_ORDER,1723,BUY,99.95,5
287,CANCEL_ORDER,156,,,
287,ADD_ORDER,1724,SELL,100.01,4
287,CANCEL_ORDER,1155,,,
287,MARKET_ORDER,1725,SELL,,2
287,ADD_ORDER,1726,SELL,99.97,4
287,ADD_ORDER,1727,SELL,99.99,4
287,ADD_ORDER,1728,SELL,100.01,2
288,MARKET_ORDER,1729,SELL,,4
288,ADD_ORDER,1730,BUY,99.99,5
288,ADD_ORDER,1731,SELL,100.00,2
288,ADD_ORDER,1732,SELL,99.98,1
288,CANCEL_ORDER,794,,,
288,ADD_ORDER,1733,BUY,100.00,3
288,ADD_ORDER,1734,BUY,100.05,1
289,CANCEL_ORDER,1262,,,
289,MARKET_ORDER,1735,SELL,,2
289,MARKET_ORDER,1736,SELL,,5
289,ADD_ORDER,1737,BUY,100.00,5
289,ADD_ORDER,1738,SELL,99.96,1
289,ADD_ORDER,1739,SELL,99.99,2
289,ADD_ORDER,1740,BUY,99.99,4
290,ADD_ORDER,1741,SELL,99.99,3
290,CANCEL_ORDER,1728,,,
290,MARKET_ORDER,1742,BUY,,4
290,MARKET_ORDER,1743,SELL,,4
290,ADD_ORDER,1744,SELL,100.02,4
290,ADD_ORDER,1745,BUY,100.00,5
290,ADD_ORDER,1746,BUY,100.06,4
291,ADD_ORDER,1747,BUY,100.06,4
291,ADD_ORDER,1748,SELL,100.02,1
291,ADD_ORDER,1749,SELL,100.00,2
291,MARKET_ORDER,1750,BUY,,2
291,ADD_ORDER,1751,BUY,99.99,1
291,MARKET_ORDER,1752,BUY,,4
292,CANCEL_ORDER,102,,,
292,ADD_ORDER,1753,SELL,100.01,2
292,ADD_ORDER,1754,BUY,100.02,4
292,ADD_ORDER,1755,SELL,100.01,4
292,ADD_ORDER,1756,SELL,100.02,4
292,ADD_ORDER,1757,BUY,100.03,3
292,ADD_ORDER,1758,BUY,100.01,3
293,ADD_ORDER,1759,SELL,99.99,4
293,ADD_ORDER,1760,BUY,99.97,1
293,ADD_ORDER,1761,SELL,99.98,1
293,CANCEL_ORDER,1605,,,
293,ADD_ORDER,1762,SELL,100.01,3
293,ADD_ORDER,1763,BUY,99.99,1
293,CANCEL_ORDER,1346,,,
293,MARKET_ORDER,1764,BUY,,5
294,CANCEL_ORDER,27,,,
294,MARKET_ORDER,1765,SELL,,2
294,ADD_ORDER,1766,BUY,99.99,4
294,ADD_ORDER,1767,SELL,99.96,2
294,ADD_ORDER,1768,BUY,100.05,4
294,ADD_ORDER,1769,BUY,99.95,2
294,CANCEL_ORDER,640,,,
294,ADD_ORDER,1770,SELL,99.95,5
295,ADD_ORDER,1771,BUY,99.97,2
295,MARKET_ORDER,1772,SELL,,2
295,ADD_ORDER,1773,BUY,99.94,5
295,ADD_ORDER,1774,SELL,99.95,3
295,ADD_ORDER,1775,BUY,99.98,4
295,ADD_ORDER,1776,BUY,99.98,4
296,ADD_ORDER,1777,BUY,99.99,4
296,ADD_ORDER,1778,BUY,99.98,2
296,CANCEL_ORDER,313,,,
296,ADD_ORDER,1779,SELL,99.98,5
296,ADD_ORDER,1780,BUY,100.01,1
296,ADD_ORDER,1781,BUY,100.01,3
296,CANCEL_ORDER,878,,,
296,ADD_ORDER,1782,SELL,100.03,5
297,MARKET_ORDER,1783,SELL,,3
297,ADD_ORDER,1784,BUY,100.00,1
297,MARKET_ORDER,1785,BUY,,4
297,CANCEL_ORDER,245,,,
297,ADD_ORDER,1786,SELL,99.96,2
297,ADD_ORDER,1787,SELL,99.97,4
297,ADD_ORDER,1788,SELL,100.05,5
298,ADD_ORDER,1789,SELL,99.96,1
298,MARKET_ORDER,1790,BUY,,3
298,ADD_ORDER,1791,BUY,99.96,2
298,CANCEL_ORDER,472,,,
298,MARKET_ORDER,1792,BUY,,3
298,ADD_ORDER,1793,BUY,99.94,2
298,MARKET_ORDER,1794,SELL,,4
299,CANCEL_ORDER,269,,,
299,ADD_ORDER,1795,BUY,99.93,5
299,ADD_ORDER,1796,BUY,99.92,5
299,ADD_ORDER,1797,BUY,99.93,2
299,ADD_ORDER,1798,BUY,99.92,4
299,ADD_ORDER,1799,SELL,99.92,2
299,ADD_ORDER,1800,BUY,99.95,1
300,ADD_ORDER,1801,BUY,99.98,4
300,ADD_ORDER,1802,BUY,99.99,4
300,ADD_ORDER,1803,BUY,99.98,4
300,ADD_ORDER,1804,BUY,99.96,1
300,ADD_ORDER,1805,SELL,100.03,5
300,ADD_ORDER,1806,SELL,99.96,3
301,ADD_ORDER,1807,SELL,100.06,1
301,ADD_ORDER,1808,BUY,99.99,2
301,ADD_ORDER,1809,SELL,100.05,5
301,ADD_ORDER,1810,SELL,100.00,1
301,ADD_ORDER,1811,SELL,99.97,4
301,CANCEL_ORDER,1192,,,
301,ADD_ORDER,1812,SELL,99.98,3
302,MARKET_ORDER,1813,SELL,,4
302,ADD_ORDER,1814,SELL,100.09,3
302,MARKET_ORDER,1815,SELL,,4
302,ADD_ORDER,1816,BUY,100.03,2
302,ADD_ORDER,1817,SELL,100.05,2
302,CANCEL_ORDER,1058,,,
302,ADD_ORDER,1818,SELL,100.02,1
303,ADD_ORDER,1819,BUY,100.01,4
303,ADD_ORDER,1820,BUY,100.01,3
303,ADD_ORDER,1821,SELL,100.05,2
303,MARKET_ORDER,1822,SELL,,2
303,ADD_ORDER,1823,SELL,100.04,1
303,ADD_ORDER,1824,BUY,100.00,2
304,ADD_ORDER,1825,SELL,99.98,4
304,ADD_ORDER,1826,BUY,99.98,2
304,CANCEL_ORDER,1637,,,
304,ADD_ORDER,1827,SELL,100.07,1
304,ADD_ORDER,1828,SELL,99.97,5
304,ADD_ORDER,1829,BUY,100.01,2
304,ADD_ORDER,1830,SELL,100.00,3
305,ADD_ORDER,1831,SELL,100.00,2
305,ADD_ORDER,1832,BUY,100.02,4
305,ADD_ORDER,1833,BUY,100.01,4
305,ADD_ORDER,1834,BUY,100.01,1
305,ADD_ORDER,1835,BUY,100.03,5
305,ADD_ORDER,1836,SELL,99.99,3
306,ADD_ORDER,1837,SELL,100.05,3
306,CANCEL_ORDER,1818,,,
306,ADD_ORDER,1838,SELL,100.04,3
306,ADD_ORDER,1839,BUY,100.01,5
306,ADD_ORDER,1840,BUY,100.05,3
306,CANCEL_ORDER,1006,,,
306,ADD_ORDER,1841,SELL,100.05,2
306,CANCEL_ORDER,1387,,,
306,ADD_ORDER,1842,BUY,100.09,2
307,ADD_ORDER,1843,SELL,100.04,1
307,CANCEL_ORDER,1457,,,
307,ADD_ORDER,1844,BUY,100.05,2
307,ADD_ORDER,1845,BUY,100.04,4
307,CANCEL_ORDER,577,,,
307,ADD_ORDER,1846,SELL,100.06,3
307,ADD_ORDER,1847,BUY,100.02,1
307,ADD_ORDER,1848,BUY,100.06,1
308,ADD_ORDER,1849,SELL,100.03,4
308,ADD_ORDER,1850,BUY,100.03,2
308,ADD_ORDER,1851,BUY,100.04,5
308,CANCEL_ORDER,1781,,,
308,ADD_ORDER,1852,SELL,100.07,5
308,ADD_ORDER,1853,SELL,100.02,4
308,ADD_ORDER,1854,BUY,100.01,5
309,ADD_ORDER,1855,SELL,100.04,3
309,MARKET_ORDER,1856,BUY,,2
309,ADD_ORDER,1857,BUY,100.03,3
309,ADD_ORDER,1858,SELL,100.06,5
309,ADD_ORDER,1859,BUY,100.05,2
309,ADD_ORDER,1860,SELL,100.07,4
310,ADD_ORDER,1861,BUY,100.04,4
310,ADD_ORDER,1862,BUY,100.03,4
310,ADD_ORDER,1863,BUY,100.03,2
310,ADD_ORDER,1864,BUY,100.10,5
310,ADD_ORDER,1865,BUY,100.01,1
310,MARKET_ORDER,1866,BUY,,4
311,CANCEL_ORDER,231,,,
311,ADD_ORDER,1867,BUY,100.01,4
311,ADD_ORDER,1868,SELL,100.01,5
311,ADD_ORDER,1869,BUY,100.02,3
311,ADD_ORDER,1870,SELL,100.03,1
311,ADD_ORDER,1871,BUY,100.03,1
311,ADD_ORDER,1872,BUY,100.01,1
312,ADD_ORDER,1873,SELL,100.03,2
312,ADD_ORDER,1874,BUY,100.04,2
312,ADD_ORDER,1875,BUY,100.01,4
312,MARKET_ORDER,1876,SELL,,1
312,ADD_ORDER,1877,BUY,100.04,1
312,ADD_ORDER,1878,BUY,100.07,4
313,ADD_ORDER,1879,SELL,99.98,5
313,ADD_ORDER,1880,BUY,100.01,4
313,ADD_ORDER,1881,BUY,99.99,5
313,ADD_ORDER,1882,BUY,100.03,3
313,ADD_ORDER,1883,BUY,100.04,1
313,ADD_ORDER,1884,BUY,100.00,5
314,MARKET_ORDER,1885,SELL,,1
314,ADD_ORDER,1886,BUY,100.00,2
314,CANCEL_ORDER,44,,,
314,MARKET_ORDER,1887,BUY,,4
314,MARKET_ORDER,1888,BUY,,3
314,MARKET_ORDER,1889,BUY,,5
314,ADD_ORDER,1890,SELL,100.02,2
315,ADD_ORDER,1891,BUY,99.96,3
315,ADD_ORDER,1892,SELL,100.00,5
315,ADD_ORDER,1893,BUY,99.96,2
315,ADD_ORDER,1894,BUY,99.99,5
315,ADD_ORDER,1895,BUY,100.00,5
315,MARKET_ORDER,1896,SELL,,1
316,ADD_ORDER,1897,BUY,99.97,5
316,ADD_ORDER,1898,BUY,100.01,4
316,ADD_ORDER,1899,SELL,99.97,3
316,CANCEL_ORDER,1409,,,
316,ADD_ORDER,1900,SELL,99.96,5
316,ADD_ORDER,1901,SELL,99.94,3
316,MARKET_ORDER,1902,BUY,,2
317,ADD_ORDER,1903,BUY,99.98,1
317,ADD_ORDER,1904,BUY,99.99,5
317,ADD_ORDER,1905,SELL,99.97,1
317,ADD_ORDER,1906,BUY,99.97,1
317,CANCEL_ORDER,1510,,,
317,ADD_ORDER,1907,BUY,100.00,2
317,ADD_ORDER,1908,SELL,99.99,3
318,ADD_ORDER,1909,SELL,100.03,2
318,MARKET_ORDER,1910,SELL,,2
318,MARKET_ORDER,1911,SELL,,2
318,ADD_ORDER,1912,SELL,99.99,4
318,MARKET_ORDER,1913,SELL,,4
318,ADD_ORDER,1914,SELL,99.99,4
319,MARKET_ORDER,1915,BUY,,5
319,ADD_ORDER,1916,BUY,100.00,3
319,MARKET_ORDER,1917,BUY,,2
319,ADD_ORDER,1918,SELL,99.97,1
319,ADD_ORDER,1919,BUY,99.96,4
319,ADD_ORDER,1920,BUY,99.99,4
320,CANCEL_ORDER,1708,,,
320,ADD_ORDER,1921,SELL,99.98,2
320,ADD_ORDER,1922,BUY,99.99,2
320,ADD_ORDER,1923,SELL,99.97,3
320,CANCEL_ORDER,1431,,,
320,ADD_ORDER,1924,SELL,100.07,2
320,ADD_ORDER,1925,BUY,99.99,2
320,CANCEL_ORDER,838,,,
320,ADD_ORDER,1926,SELL,99.98,3
321,ADD_ORDER,1927,BUY,100.03,1
321,CANCEL_ORDER,1047,,,
321,ADD_ORDER,1928,SELL,100.01,4
321,ADD_ORDER,1929,BUY,100.10,2
321,CANCEL_ORDER,1429,,,
321,ADD_ORDER,1930,SELL,100.04,3
321,ADD_ORDER,1931,SELL,100.02,4
321,ADD_ORDER,1932,SELL,100.02,4
322,ADD_ORDER,1933,SELL,100.02,3
322,ADD_ORDER,1934,SELL,100.03,3
322,ADD_ORDER,1935,BUY,100.03,2
322,ADD_ORDER,1936,SELL,100.03,3
322,ADD_ORDER,1937,SELL,100.01,2
322,MARKET_ORDER,1938,SELL,,2
323,ADD_ORDER,1939,BUY,99.99,4
323,CANCEL_ORDER,470,,,
323,ADD_ORDER,1940,BUY,100.05,1
323,CANCEL_ORDER,1219,,,
323,ADD_ORDER,1941,BUY,100.00,5
323,ADD_ORDER,1942,SELL,99.99,3
323,ADD_ORDER,1943,BUY,100.03,1
323,CANCEL_ORDER,739,,,
323,MARKET_ORDER,1944,SELL,,2
324,ADD_ORDER,1945,BUY,100.01,2
324,ADD_ORDER,1946,SELL,99.97,5
324,ADD_ORDER,1947,SELL,99.98,3
324,MARKET_ORDER,1948,BUY,,4
324,ADD_ORDER,1949,SELL,99.97,5
324,ADD_ORDER,1950,SELL,99.99,5
325,ADD_ORDER,1951,BUY,100.01,1
325,ADD_ORDER,1952,BUY,100.01,3
325,MARKET_ORDER,1953,SELL,,4
325,MARKET_ORDER,1954,SELL,,3
325,ADD_ORDER,1955,SELL,100.03,2
325,ADD_ORDER,1956,BUY,100.02,5
326,ADD_ORDER,1957,BUY,100.03,5
326,CANCEL_ORDER,1470,,,
326,ADD_ORDER,1958,SELL,100.06,1
326,ADD_ORDER,1959,BUY,100.03,3
326,ADD_ORDER,1960,BUY,100.05,2
326,CANCEL_ORDER,1612,,,
326,ADD_ORDER,1961,BUY,100.08,5
326,MARKET_ORDER,1962,SELL,,1
327,ADD_ORDER,1963,BUY,100.02,2
327,ADD_ORDER,1964,BUY,100.11,5
327,CANCEL_ORDER,1904,,,
327,ADD_ORDER,1965,BUY,100.05,1
327,ADD_ORDER,1966,SELL,100.03,4
327,ADD_ORDER,1967,BUY,100.06,5
327,ADD_ORDER,1968,SELL,100.05,2
328,ADD_ORDER,1969,BUY,100.13,4
328,ADD_ORDER,1970,SELL,100.08,2
328,ADD_ORDER,1971,SELL,100.13,3
328,MARKET_ORDER,1972,BUY,,4
328,ADD_ORDER,1973,SELL,100.04,5
328,MARKET_ORDER,1974,SELL,,3
329,ADD_ORDER,1975,SELL,100.01,4
329,ADD_ORDER,1976,BUY,100.01,2
329,ADD_ORDER,1977,BUY,100.04,5
329,ADD_ORDER,1978,BUY,100.02,5
329,CANCEL_ORDER,579,,,
329,ADD_ORDER,1979,BUY,100.05,5
329,ADD_ORDER,1980,SELL,100.01,1
330,ADD_ORDER,1981,BUY,100.03,3
330,ADD_ORDER,1982,SELL,100.01,4
330,CANCEL_ORDER,1223,,,
330,ADD_ORDER,1983,SELL,100.02,3
330,ADD_ORDER,1984,SELL,100.01,2
330,ADD_ORDER,1985,BUY,100.03,4
330,ADD_ORDER,1986,BUY,100.07,5
331,ADD_ORDER,1987,BUY,100.09,1
331,ADD_ORDER,1988,BUY,100.01,4
331,ADD_ORDER,1989,BUY,100.04,5
331,ADD_ORDER,1990,SELL,100.04,5
331,MARKET_ORDER,1991,BUY,,5
331,MARKET_ORDER,1992,SELL,,3
332,ADD_ORDER,1993,SELL,100.03,1
332,CANCEL_ORDER,1850,,,
332,ADD_ORDER,1994,SELL,100.01,2
332,ADD_ORDER,1995,BUY,100.10,3
332,MARKET_ORDER,1996,SELL,,2
332,MARKET_ORDER,1997,SELL,,4
332,CANCEL_ORDER,1534,,,
332,ADD_ORDER,1998,SELL,100.02,2
333,ADD_ORDER,1999,BUY,100.04,1
333,ADD_ORDER,2000,SELL,100.01,2
333,ADD_ORDER,2001,BUY,100.01,3
333,ADD_ORDER,2002,BUY,100.00,2
333,ADD_ORDER,2003,BUY,100.03,1
333,CANCEL_ORDER,273,,,
333,MARKET_ORDER,2004,SELL,,4
334,ADD_ORDER,2005,SELL,100.08,2
334,ADD_ORDER,2006,BUY,100.01,1
334,ADD_ORDER,2007,BUY,100.06,1
334,ADD_ORDER,2008,BUY,99.98,2
334,ADD_ORDER,2009,SELL,100.04,4
334,ADD_ORDER,2010,SELL,99.99,5
335,ADD_ORDER,2011,BUY,100.03,1
335,MARKET_ORDER,2012,SELL,,3
335,ADD_ORDER,2013,SELL,100.00,1
335,ADD_ORDER,2014,SELL,100.04,5
335,ADD_ORDER,2015,SELL,100.01,4
335,ADD_ORDER,2016,SELL,100.04,4
336,ADD_ORDER,2017,BUY,100.04,2
336,ADD_ORDER,2018,BUY,100.02,1
336,ADD_ORDER,2019,SELL,100.02,4
336,ADD_ORDER,2020,SELL,100.04,3
336,ADD_ORDER,2021,BUY,100.01,5
336,ADD_ORDER,2022,BUY,100.01,3
337,ADD_ORDER,2023,BUY,100.02,5
337,ADD_ORDER,2024,SELL,100.05,2
337,ADD_ORDER,2025,SELL,100.01,2
337,ADD_ORDER,2026,SELL,100.04,4
337,ADD_ORDER,2027,BUY,100.03,2
337,ADD_ORDER,2028,SELL,100.11,1
338,ADD_ORDER,2029,SELL,100.03,2
338,ADD_ORDER,2030,BUY,100.03,2
338,ADD_ORDER,2031,BUY,100.04,4
338,ADD_ORDER,2032,SELL,100.00,1
338,ADD_ORDER,2033,BUY,100.03,5
338,CANCEL_ORDER,999,,,
338,ADD_ORDER,2034,SELL,100.00,5
339,MARKET_ORDER,2035,SELL,,1
339,MARKET_ORDER,2036,SELL,,3
339,MARKET_ORDER,2037,SELL,,3
339,ADD_ORDER,2038,SELL,99.99,5
339,ADD_ORDER,2039,SELL,99.98,3
339,ADD_ORDER,2040,BUY,100.01,5
340,ADD_ORDER,2041,SELL,99.99,1
340,ADD_ORDER,2042,SELL,100.09,3
340,ADD_ORDER,2043,SELL,100.01,2
340,ADD_ORDER,2044,SELL,100.03,2
340,MARKET_ORDER,2045,BUY,,2
340,CANCEL_ORDER,626,,,
340,ADD_ORDER,2046,BUY,100.02,4
341,CANCEL_ORDER,1969,,,
341,MARKET_ORDER,2047,SELL,,1
341,ADD_ORDER,2048,SELL,99.99,4
341,ADD_ORDER,2049,BUY,100.05,2
341,MARKET_ORDER,2050,BUY,,5
341,CANCEL_ORDER,1070,,,
341,ADD_ORDER,2051,BUY,99.98,1
341,ADD_ORDER,2052,SELL,99.98,3
342,MARKET_ORDER,2053,SELL,,5
342,ADD_ORDER,2054,SELL,100.07,1
342,MARKET_ORDER,2055,SELL,,1
342,ADD_ORDER,2056,BUY,100.02,4
342,ADD_ORDER,2057,BUY,99.99,4
342,MARKET_ORDER,2058,SELL,,1
343,CANCEL_ORDER,1689,,,
343,ADD_ORDER,2059,SELL,99.97,3
343,ADD_ORDER,2060,BUY,99.99,2
343,ADD_ORDER,2061,SELL,99.97,1
343,ADD_ORDER,2062,BUY,99.96,2
343,CANCEL_ORDER,1899,,,
343,ADD_ORDER,2063,SELL,99.95,4
343,CANCEL_ORDER,2020,,,
343,MARKET_ORDER,2064,SELL,,1
344,ADD_ORDER,2065,BUY,99.94,5
344,ADD_ORDER,2066,SELL,99.95,3
344,MARKET_ORDER,2067,BUY,,5
344,CANCEL_ORDER,655,,,
344,ADD_ORDER,2068,SELL,99.94,1
344,ADD_ORDER,2069,SELL,99.96,1
344,ADD_ORDER,2070,SELL,99.97,3
345,ADD_ORDER,2071,BUY,99.96,4
345,CANCEL_ORDER,1194,,,
345,ADD_ORDER,2072,SELL,99.97,2
345,CANCEL_ORDER,1491,,,
345,ADD_ORDER,2073,SELL,99.94,2
345,ADD_ORDER,2074,SELL,100.03,4
345,ADD_ORDER,2075,SELL,99.95,4
345,ADD_ORDER,2076,BUY,99.96,3
346,ADD_ORDER,2077,BUY,100.00,5
346,CANCEL_ORDER,948,,,
346,ADD_ORDER,2078,SELL,99.93,3
346,CANCEL_ORDER,1999,,,
346,ADD_ORDER,2079,SELL,99.93,5
346,ADD_ORDER,2080,BUY,99.92,4
346,ADD_ORDER,2081,BUY,99.95,2
346,ADD_ORDER,2082,SELL,99.95,2
347,ADD_ORDER,2083,BUY,99.96,2
347,MARKET_ORDER,2084,BUY,,4
347,ADD_ORDER,2085,SELL,99.92,5
347,ADD_ORDER,2086,SELL,99.92,3
347,ADD_ORDER,2087,SELL,99.94,5
347,CANCEL_ORDER,2017,,,
347,ADD_ORDER,2088,SELL,99.94,5
348,CANCEL_ORDER,2018,,,
348,ADD_ORDER,2089,SELL,99.90,1
348,MARKET_ORDER,2090,BUY,,4
348,MARKET_ORDER,2091,BUY,,1
348,ADD_ORDER,2092,BUY,99.89,2
348,CANCEL_ORDER,1413,,,
348,ADD_ORDER,2093,SELL,99.96,5
348,MARKET_ORDER,2094,SELL,,3
349,ADD_ORDER,2095,SELL,99.85,4
349,MARKET_ORDER,2096,BUY,,5
349,ADD_ORDER,2097,SELL,99.86,3
349,CANCEL_ORDER,1905,,,
349,ADD_ORDER,2098,SELL,99.83,4
349,CANCEL_ORDER,528,,,
349,ADD_ORDER,2099,BUY,99.86,2
349,ADD_ORDER,2100,SELL,99.84,5
350,MARKET_ORDER,2101,SELL,,4
350,ADD_ORDER,2102,SELL,99.89,4
350,ADD_ORDER,2103,SELL,99.89,5
350,CANCEL_ORDER,1002,,,
350,MARKET_ORDER,2104,SELL,,5
350,ADD_ORDER,2105,BUY,99.91,4
350,CANCEL_ORDER,471,,,
350,ADD_ORDER,2106,SELL,99.93,4
351,ADD_ORDER,2107,BUY,99.88,2
351,ADD_ORDER,2108,BUY,99.87,2
351,ADD_ORDER,2109,SELL,99.87,4
351,ADD_ORDER,2110,BUY,99.97,5
351,MARKET_ORDER,2111,SELL,,2
351,ADD_ORDER,2112,BUY,99.88,2
352,MARKET_ORDER,2113,SELL,,1
352,MARKET_ORDER,2114,SELL,,3
352,ADD_ORDER,2115,SELL,99.89,2
352,ADD_ORDER,2116,BUY,99.94,5
352,ADD_ORDER,2117,SELL,99.96,4
352,CANCEL_ORDER,1472,,,
352,ADD_ORDER,2118,BUY,99.91,3
353,ADD_ORDER,2119,BUY,99.90,3
353,CANCEL_ORDER,1502,,,
353,ADD_ORDER,2120,BUY,99.89,3
353,ADD_ORDER,2121,SELL,99.94,1
353,ADD_ORDER,2122,SELL,99.89,4
353,ADD_ORDER,2123,BUY,99.87,3
353,ADD_ORDER,2124,BUY,99.88,3
354,ADD_ORDER,2125,SELL,99.98,5
354,ADD_ORDER,2126,SELL,99.94,4
354,ADD_ORDER,2127,BUY,99.97,1
354,ADD_ORDER,2128,SELL,99.93,4
354,MARKET_ORDER,2129,SELL,,3
354,ADD_ORDER,2130,SELL,99.94,3
355,MARKET_ORDER,2131,SELL,,5
355,CANCEL_ORDER,1199,,,
355,ADD_ORDER,2132,SELL,99.90,3
355,ADD_ORDER,2133,SELL,99.90,4
355,ADD_ORDER,2134,BUY,99.87,3
355,ADD_ORDER,2135,BUY,99.88,1
355,ADD_ORDER,2136,SELL,99.89,3
356,ADD_ORDER,2137,SELL,99.93,3
356,CANCEL_ORDER,1768,,,
356,ADD_ORDER,2138,BUY,99.83,2
356,MARKET_ORDER,2139,BUY,,1
356,CANCEL_ORDER,1877,,,
356,ADD_ORDER,2140,SELL,99.91,5
356,MARKET_ORDER,2141,BUY,,2
356,ADD_ORDER,2142,BUY,99.84,2
357,ADD_ORDER,2143,SELL,99.88,5
357,ADD_ORDER,2144,SELL,99.87,1
357,MARKET_ORDER,2145,SELL,,1
357,ADD_ORDER,2146,SELL,99.87,3
357,ADD_ORDER,2147,SELL,99.95,1
357,MARKET_ORDER,2148,BUY,,1
358,MARKET_ORDER,2149,SELL,,5
358,ADD_ORDER,2150,BUY,99.89,5
358,ADD_ORDER,2151,SELL,99.91,2
358,ADD_ORDER,2152,BUY,99.93,2
358,MARKET_ORDER,2153,BUY,,2
358,MARKET_ORDER,2154,BUY,,4
359,ADD_ORDER,2155,BUY,99.87,4
359,ADD_ORDER,2156,BUY,99.87,4
359,ADD_ORDER,2157,SELL,99.93,2
359,CANCEL_ORDER,1552,,,
359,MARKET_ORDER,2158,BUY,,1
359,ADD_ORDER,2159,SELL,99.87,1
359,ADD_ORDER,2160,SELL,99.88,4
360,ADD_ORDER,2161,SELL,99.92,5
360,MARKET_ORDER,2162,SELL,,2
360,MARKET_ORDER,2163,SELL,,3
360,ADD_ORDER,2164,SELL,99.87,1
360,ADD_ORDER,2165,SELL,99.86,4
360,ADD_ORDER,2166,SELL,99.85,3
361,ADD_ORDER,2167,BUY,99.89,3
361,ADD_ORDER,2168,BUY,99.89,5
361,ADD_ORDER,2169,SELL,99.88,3
361,ADD_ORDER,2170,BUY,99.87,2
361,ADD_ORDER,2171,BUY,99.90,5
361,MARKET_ORDER,2172,SELL,,2
362,ADD_ORDER,2173,SELL,99.92,2
362,ADD_ORDER,2174,SELL,99.90,4
362,CANCEL_ORDER,536,,,
362,ADD_ORDER,2175,SELL,99.88,5
362,ADD_ORDER,2176,SELL,99.87,2
362,CANCEL_ORDER,1615,,,
362,ADD_ORDER,2177,SELL,99.89,3
362,ADD_ORDER,2178,BUY,99.90,2
363,ADD_ORDER,2179,SELL,99.91,3
363,ADD_ORDER,2180,BUY,99.89,1
363,CANCEL_ORDER,2116,,,
363,ADD_ORDER,2181,SELL,99.95,1
363,ADD_ORDER,2182,SELL,99.90,2
363,ADD_ORDER,2183,BUY,99.91,1
363,ADD_ORDER,2184,SELL,99.97,1
364,CANCEL_ORDER,1369,,,
364,ADD_ORDER,2185,BUY,99.92,5
364,ADD_ORDER,2186,SELL,99.92,4
364,ADD_ORDER,2187,SELL,99.91,4
364,CANCEL_ORDER,2063,,,
364,ADD_ORDER,2188,SELL,99.94,1
364,ADD_ORDER,2189,SELL,99.93,5
364,ADD_ORDER,2190,SELL,99.93,2
365,CANCEL_ORDER,1334,,,
365,ADD_ORDER,2191,SELL,99.94,4
365,ADD_ORDER,2192,BUY,99.95,4
365,ADD_ORDER,2193,BUY,99.94,4
365,ADD_ORDER,2194,SELL,99.92,4
365,ADD_ORDER,2195,BUY,99.93,2
365,ADD_ORDER,2196,SELL,99.95,3
366,ADD_ORDER,2197,SELL,99.95,3
366,ADD_ORDER,2198,BUY,99.98,1
366,MARKET_ORDER,2199,BUY,,2
366,MARKET_ORDER,2200,BUY,,2
366,ADD_ORDER,2201,SELL,99.94,3
366,CANCEL_ORDER,1084,,,
366,ADD_ORDER,2202,SELL,99.92,1
367,ADD_ORDER,2203,SELL,99.91,4
367,ADD_ORDER,2204,BUY,99.89,3
367,CANCEL_ORDER,457,,,
367,ADD_ORDER,2205,BUY,99.92,3
367,MARKET_ORDER,2206,SELL,,1
367,ADD_ORDER,2207,SELL,99.90,5
367,CANCEL_ORDER,748,,,
367,ADD_ORDER,2208,BUY,99.92,1
368,ADD_ORDER,2209,BUY,99.93,5
368,MARKET_ORDER,2210,SELL,,2
368,ADD_ORDER,2211,SELL,99.85,4
368,ADD_ORDER,2212,SELL,99.89,2
368,ADD_ORDER,2213,BUY,99.85,3
368,ADD_ORDER,2214,SELL,99.89,4
369,ADD_ORDER,2215,BUY,99.90,1
369,MARKET_ORDER,2216,BUY,,3
369,ADD_ORDER,2217,BUY,99.97,5
369,ADD_ORDER,2218,SELL,99.90,3
369,ADD_ORDER,2219,SELL,99.91,3
369,ADD_ORDER,2220,BUY,99.90,4
370,ADD_ORDER,2221,BUY,99.84,1
370,CANCEL_ORDER,1853,,,
370,ADD_ORDER,2222,BUY,99.87,1
370,CANCEL_ORDER,1657,,,
370,ADD_ORDER,2223,SELL,99.84,4
370,ADD_ORDER,2224,BUY,99.87,4
370,ADD_ORDER,2225,BUY,99.93,3
370,ADD_ORDER,2226,BUY,99.83,5
371,ADD_ORDER,2227,SELL,99.82,1
371,CANCEL_ORDER,233,,,
371,ADD_ORDER,2228,BUY,99.85,2
371,ADD_ORDER,2229,BUY,99.84,5
371,ADD_ORDER,2230,SELL,99.84,2
371,ADD_ORDER,2231,SELL,99.82,3
371,ADD_ORDER,2232,BUY,99.86,1
372,ADD_ORDER,2233,BUY,99.84,5
372,ADD_ORDER,2234,BUY,99.84,5
372,CANCEL_ORDER,314,,,
372,ADD_ORDER,2235,BUY,99.83,4
372,ADD_ORDER,2236,SELL,99.89,1
372,ADD_ORDER,2237,SELL,99.89,3
372,ADD_ORDER,2238,SELL,99.85,3
373,ADD_ORDER,2239,BUY,99.90,1
373,ADD_ORDER,2240,BUY,99.82,1
373,ADD_ORDER,2241,SELL,99.87,3
373,ADD_ORDER,2242,BUY,99.84,3
373,ADD_ORDER,2243,SELL,99.83,3
373,CANCEL_ORDER,2026,,,
373,ADD_ORDER,2244,SELL,99.84,5
374,MARKET_ORDER,2245,BUY,,1
374,CANCEL_ORDER,1175,,,
374,ADD_ORDER,2246,SELL,99.82,4
374,ADD_ORDER,2247,SELL,99.79,1
374,ADD_ORDER,2248,BUY,99.83,4
374,ADD_ORDER,2249,BUY,99.79,3
374,ADD_ORDER,2250,BUY,99.79,5
375,MARKET_ORDER,2251,BUY,,2
375,ADD_ORDER,2252,BUY,99.81,5
375,ADD_ORDER,2253,BUY,99.83,2
375,CANCEL_ORDER,1843,,,
375,ADD_ORDER,2254,SELL,99.79,1
375,ADD_ORDER,2255,SELL,99.83,3
375,ADD_ORDER,2256,BUY,99.81,3
376,ADD_ORDER,2257,BUY,99.76,1
376,ADD_ORDER,2258,BUY,99.80,3
376,ADD_ORDER,2259,SELL,99.85,4
376,ADD_ORDER,2260,BUY,99.77,4
376,ADD_ORDER,2261,BUY,99.79,2
376,MARKET_ORDER,2262,SELL,,4
377,ADD_ORDER,2263,BUY,99.79,1
377,MARKET_ORDER,2264,BUY,,4
377,MARKET_ORDER,2265,BUY,,3
377,ADD_ORDER,2266,SELL,99.80,5
377,CANCEL_ORDER,742,,,
377,ADD_ORDER,2267,SELL,99.80,5
377,ADD_ORDER,2268,SELL,99.80,1
378,ADD_ORDER,2269,SELL,99.86,2
378,MARKET_ORDER,2270,SELL,,1
378,MARKET_ORDER,2271,BUY,,3
378,ADD_ORDER,2272,BUY,99.85,4
378,ADD_ORDER,2273,SELL,99.92,3
378,CANCEL_ORDER,1297,,,
378,ADD_ORDER,2274,BUY,99.85,1
379,ADD_ORDER,2275,SELL,99.83,4
379,ADD_ORDER,2276,SELL,99.82,2
379,ADD_ORDER,2277,SELL,99.80,5
379,ADD_ORDER,2278,BUY,99.88,4
379,ADD_ORDER,2279,SELL,99.82,4
379,ADD_ORDER,2280,BUY,99.81,5
380,ADD_ORDER,2281,BUY,99.79,5
380,MARKET_ORDER,2282,BUY,,2
380,ADD_ORDER,2283,SELL,99.79,1
380,CANCEL_ORDER,1422,,,
380,ADD_ORDER,2284,BUY,99.83,3
380,ADD_ORDER,2285,SELL,99.83,4
380,ADD_ORDER,2286,BUY,99.80,1
381,CANCEL_ORDER,2016,,,
381,MARKET_ORDER,2287,SELL,,1
381,ADD_ORDER,2288,SELL,99.84,1
381,ADD_ORDER,2289,SELL,99.79,3
381,ADD_ORDER,2290,SELL,99.80,5
381,ADD_ORDER,2291,SELL,99.79,2
381,ADD_ORDER,2292,BUY,99.78,1
382,ADD_ORDER,2293,SELL,99.79,4
382,ADD_ORDER,2294,SELL,99.85,4
382,ADD_ORDER,2295,SELL,99.80,1
382,ADD_ORDER,2296,BUY,99.80,3
382,ADD_ORDER,2297,SELL,99.76,1
382,ADD_ORDER,2298,BUY,99.76,1
383,ADD_ORDER,2299,BUY,99.84,3
383,ADD_ORDER,2300,BUY,99.79,3
383,ADD_ORDER,2301,BUY,99.78,1
383,ADD_ORDER,2302,SELL,99.79,5
383,ADD_ORDER,2303,SELL,99.77,2
383,ADD_ORDER,2304,BUY,99.76,2
384,ADD_ORDER,2305,BUY,99.81,4
384,CANCEL_ORDER,439,,,
384,ADD_ORDER,2306,SELL,99.77,5
384,ADD_ORDER,2307,SELL,99.76,1
384,ADD_ORDER,2308,SELL,99.76,1
384,CANCEL_ORDER,2244,,,
384,ADD_ORDER,2309,SELL,99.76,4
384,MARKET_ORDER,2310,BUY,,3
385,ADD_ORDER,2311,BUY,99.75,4
385,ADD_ORDER,2312,SELL,99.84,2
385,ADD_ORDER,2313,SELL,99.74,5
385,MARKET_ORDER,2314,BUY,,3
385,ADD_ORDER,2315,SELL,99.76,1
385,CANCEL_ORDER,1499,,,
385,MARKET_ORDER,2316,BUY,,2
386,ADD_ORDER,2317,SELL,99.81,1
386,CANCEL_ORDER,2011,,,
386,ADD_ORDER,2318,SELL,99.86,2
386,ADD_ORDER,2319,SELL,99.83,3
386,ADD_ORDER,2320,SELL,99.79,5
386,MARKET_ORDER,2321,BUY,,1
386,CANCEL_ORDER,1529,,,
386,ADD_ORDER,2322,BUY,99.81,1
387,ADD_ORDER,2323,BUY,99.84,4
387,ADD_ORDER,2324,BUY,99.81,3
387,CANCEL_ORDER,1365,,,
387,ADD_ORDER,2325,SELL,99.75,3
387,CANCEL_ORDER,1820,,,
387,MARKET_ORDER,2326,SELL,,4
387,ADD_ORDER,2327,BUY,99.79,1
387,ADD_ORDER,2328,BUY,99.76,2
388,ADD_ORDER,2329,BUY,99.79,2
388,CANCEL_ORDER,1059,,,
388,ADD_ORDER,2330,BUY,99.76,2
388,ADD_ORDER,2331,SELL,99.78,1
388,ADD_ORDER,2332,BUY,99.74,5
388,ADD_ORDER,2333,BUY,99.73,3
388,MARKET_ORDER,2334,BUY,,2
389,CANCEL_ORDER,604,,,
389,ADD_ORDER,2335,BUY,99.73,3
389,ADD_ORDER,2336,BUY,99.72,2
389,ADD_ORDER,2337,SELL,99.74,2
389,ADD_ORDER,2338,BUY,99.75,5
389,ADD_ORDER,2339,BUY,99.73,5
389,MARKET_ORDER,2340,BUY,,3
390,MARKET_ORDER,2341,SELL,,2
390,ADD_ORDER,2342,BUY,99.70,1
390,MARKET_ORDER,2343,SELL,,3
390,CANCEL_ORDER,346,,,
390,ADD_ORDER,2344,BUY,99.71,5
390,CANCEL_ORDER,583,,,
390,ADD_ORDER,2345,BUY,99.73,2
390,ADD_ORDER,2346,SELL,99.77,2
391,ADD_ORDER,2347,SELL,99.72,5
391,CANCEL_ORDER,957,,,
391,ADD_ORDER,2348,SELL,99.71,5
391,ADD_ORDER,2349,BUY,99.70,1
391,ADD_ORDER,2350,BUY,99.71,1
391,MARKET_ORDER,2351,SELL,,4
391,CANCEL_ORDER,1371,,,
391,ADD_ORDER,2352,BUY,99.70,2
392,ADD_ORDER,2353,BUY,99.67,5
392,ADD_ORDER,2354,BUY,99.68,5
392,ADD_ORDER,2355,BUY,99.64,1
392,ADD_ORDER,2356,BUY,99.66,2
392,ADD_ORDER,2357,BUY,99.64,4
392,ADD_ORDER,2358,BUY,99.68,1
393,MARKET_ORDER,2359,BUY,,1
393,ADD_ORDER,2360,SELL,99.64,4
393,ADD_ORDER,2361,SELL,99.66,4
393,ADD_ORDER,2362,BUY,99.69,1
393,CANCEL_ORDER,344,,,
393,ADD_ORDER,2363,SELL,99.64,1
393,ADD_ORDER,2364,BUY,99.63,3
394,ADD_ORDER,2365,SELL,99.63,1
394,ADD_ORDER,2366,SELL,99.67,3
394,ADD_ORDER,2367,SELL,99.63,5
394,ADD_ORDER,2368,BUY,99.64,2
394,ADD_ORDER,2369,BUY,99.65,5
394,CANCEL_ORDER,873,,,
394,ADD_ORDER,2370,SELL,99.63,3
395,ADD_ORDER,2371,SELL,99.70,2
395,ADD_ORDER,2372,BUY,99.66,5
395,ADD_ORDER,2373,BUY,99.66,1
395,ADD_ORDER,2374,SELL,99.69,3
395,ADD_ORDER,2375,SELL,99.63,3
395,MARKET_ORDER,2376,SELL,,1
396,ADD_ORDER,2377,SELL,99.68,3
396,CANCEL_ORDER,1293,,,
396,ADD_ORDER,2378,SELL,99.67,2
396,CANCEL_ORDER,117,,,
396,ADD_ORDER,2379,SELL,99.70,5
396,ADD_ORDER,2380,BUY,99.67,3
396,ADD_ORDER,2381,BUY,99.68,2
396,ADD_ORDER,2382,BUY,99.70,4
397,ADD_ORDER,2383,BUY,99.70,2
397,MARKET_ORDER,2384,SELL,,2
397,ADD_ORDER,2385,BUY,99.68,3
397,ADD_ORDER,2386,BUY,99.76,1
397,MARKET_ORDER,2387,SELL,,1
397,CANCEL_ORDER,2125,,,
397,MARKET_ORDER,2388,SELL,,4
398,ADD_ORDER,2389,BUY,99.72,4
398,ADD_ORDER,2390,BUY,99.71,3
398,ADD_ORDER,2391,SELL,99.71,4
398,ADD_ORDER,2392,BUY,99.76,4
398,MARKET_ORDER,2393,SELL,,2
398,MARKET_ORDER,2394,BUY,,3
399,ADD_ORDER,2395,SELL,99.70,4
399,CANCEL_ORDER,1726,,,
399,ADD_ORDER,2396,SELL,99.76,4
399,CANCEL_ORDER,1686,,,
399,ADD_ORDER,2397,BUY,99.66,1
399,ADD_ORDER,2398,SELL,99.66,2
399,ADD_ORDER,2399,SELL,99.67,4
399,MARKET_ORDER,2400,BUY,,4
400,ADD_ORDER,2401,SELL,99.72,2
400,MARKET_ORDER,2402,BUY,,3
400,ADD_ORDER,2403,SELL,99.66,4
400,ADD_ORDER,2404,BUY,99.65,3
400,ADD_ORDER,2405,BUY,99.67,2
400,MARKET_ORDER,2406,BUY,,5
401,ADD_ORDER,2407,SELL,99.66,4
401,ADD_ORDER,2408,BUY,99.64,3
401,ADD_ORDER,2409,BUY,99.67,3
401,MARKET_ORDER,2410,SELL,,1
401,ADD_ORDER,2411,SELL,99.67,2
401,ADD_ORDER,2412,BUY,99.66,1
402,ADD_ORDER,2413,BUY,99.65,2
402,ADD_ORDER,2414,BUY,99.65,2
402,MARKET_ORDER,2415,BUY,,4
402,ADD_ORDER,2416,BUY,99.65,2
402,ADD_ORDER,2417,SELL,99.61,3
402,ADD_ORDER,2418,BUY,99.64,3
403,CANCEL_ORDER,584,,,
403,ADD_ORDER,2419,BUY,99.60,4
403,ADD_ORDER,2420,BUY,99.62,1
403,ADD_ORDER,2421,BUY,99.63,2
403,ADD_ORDER,2422,SELL,99.63,5
403,ADD_ORDER,2423,BUY,99.63,5
403,ADD_ORDER,2424,SELL,99.67,1
404,CANCEL_ORDER,1934,,,
404,ADD_ORDER,2425,SELL,99.69,1
404,ADD_ORDER,2426,BUY,99.72,5
404,CANCEL_ORDER,1042,,,
404,ADD_ORDER,2427,SELL,99.65,2
404,ADD_ORDER,2428,BUY,99.65,4
404,ADD_ORDER,2429,BUY,99.67,2
404,ADD_ORDER,2430,SELL,99.66,3
405,ADD_ORDER,2431,SELL,99.64,1
405,CANCEL_ORDER,2048,,,
405,ADD_ORDER,2432,SELL,99.67,2
405,CANCEL_ORDER,599,,,
405,MARKET_ORDER,2433,BUY,,1
405,ADD_ORDER,2434,BUY,99.65,3
405,ADD_ORDER,2435,BUY,99.64,1
405,CANCEL_ORDER,1277,,,
405,ADD_ORDER,2436,SELL,99.64,4
406,CANCEL_ORDER,858,,,
406,ADD_ORDER,2437,BUY,99.65,1
406,ADD_ORDER,2438,BUY,99.65,3
406,CANCEL_ORDER,939,,,
406,ADD_ORDER,2439,SELL,99.71,1
406,MARKET_ORDER,2440,BUY,,3
406,CANCEL_ORDER,2161,,,
406,ADD_ORDER,2441,SELL,99.62,5
406,CANCEL_ORDER,1688,,,
406,ADD_ORDER,2442,SELL,99.61,4
407,ADD_ORDER,2443,SELL,99.70,5
407,ADD_ORDER,2444,BUY,99.64,5
407,ADD_ORDER,2445,BUY,99.64,3
407,ADD_ORDER,2446,BUY,99.65,4
407,ADD_ORDER,2447,SELL,99.65,1
407,ADD_ORDER,2448,SELL,99.66,1
408,ADD_ORDER,2449,BUY,99.62,1
408,ADD_ORDER,2450,SELL,99.64,2
408,MARKET_ORDER,2451,BUY,,3
408,ADD_ORDER,2452,SELL,99.66,3
408,ADD_ORDER,2453,SELL,99.62,3
408,MARKET_ORDER,2454,BUY,,5
409,MARKET_ORDER,2455,BUY,,1
409,ADD_ORDER,2456,SELL,99.63,3
409,ADD_ORDER,2457,SELL,99.66,3
409,MARKET_ORDER,2458,BUY,,5
409,ADD_ORDER,2459,SELL,99.64,1
409,MARKET_ORDER,2460,SELL,,5
410,ADD_ORDER,2461,BUY,99.64,3
410,ADD_ORDER,2462,SELL,99.63,4
410,ADD_ORDER,2463,BUY,99.66,3
410,MARKET_ORDER,2464,BUY,,1
410,ADD_ORDER,2465,BUY,99.66,3
410,MARKET_ORDER,2466,SELL,,1
411,CANCEL_ORDER,1161,,,
411,MARKET_ORDER,2467,BUY,,4
411,ADD_ORDER,2468,BUY,99.65,2
411,ADD_ORDER,2469,SELL,99.67,3
411,CANCEL_ORDER,1375,,,
411,ADD_ORDER,2470,SELL,99.64,5
411,ADD_ORDER,2471,SELL,99.68,5
411,MARKET_ORDER,2472,SELL,,2
412,ADD_ORDER,2473,BUY,99.67,4
412,ADD_ORDER,2474,SELL,99.66,2
412,CANCEL_ORDER,1806,,,
412,ADD_ORDER,2475,SELL,99.66,1
412,CANCEL_ORDER,1855,,,
412,ADD_ORDER,2476,BUY,99.67,5
412,CANCEL_ORDER,1032,,,
412,ADD_ORDER,2477,BUY,99.67,4
412,ADD_ORDER,2478,SELL,99.73,1
413,ADD_ORDER,2479,BUY,99.74,2
413,ADD_ORDER,2480,BUY,99.69,5
413,ADD_ORDER,2481,BUY,99.65,5
413,CANCEL_ORDER,1632,,,
413,ADD_ORDER,2482,SELL,99.69,3
413,ADD_ORDER,2483,SELL,99.65,2
413,MARKET_ORDER,2484,BUY,,1
414,ADD_ORDER,2485,BUY,99.70,3
414,ADD_ORDER,2486,BUY,99.69,5
414,ADD_ORDER,2487,BUY,99.68,5
414,CANCEL_ORDER,2226,,,
414,ADD_ORDER,2488,BUY,99.70,5
414,CANCEL_ORDER,1796,,,
414,ADD_ORDER,2489,BUY,99.70,5
414,ADD_ORDER,2490,BUY,99.75,5
415,ADD_ORDER,2491,SELL,99.73,1
415,ADD_ORDER,2492,BUY,99.70,1
415,ADD_ORDER,2493,SELL,99.71,2
415,CANCEL_ORDER,1233,,,
415,ADD_ORDER,2494,BUY,99.77,1
415,ADD_ORDER,2495,BUY,99.71,4
415,MARKET_ORDER,2496,SELL,,1
416,CANCEL_ORDER,1840,,,
416,ADD_ORDER,2497,BUY,99.70,1
416,CANCEL_ORDER,2001,,,
416,ADD_ORDER,2498,BUY,99.70,3
416,ADD_ORDER,2499,SELL,99.74,1
416,ADD_ORDER,2500,SELL,99.70,4
416,ADD_ORDER,2501,BUY,99.72,1
416,CANCEL_ORDER,2002,,,
416,ADD_ORDER,2502,BUY,99.74,1
417,ADD_ORDER,2503,SELL,99.71,2
417,MARKET_ORDER,2504,SELL,,1
417,ADD_ORDER,2505,BUY,99.71,1
417,CANCEL_ORDER,15,,,
417,ADD_ORDER,2506,BUY,99.69,1
417,ADD_ORDER,2507,BUY,99.71,3
417,ADD_ORDER,2508,BUY,99.69,1
418,ADD_ORDER,2509,SELL,99.76,3
418,ADD_ORDER,2510,BUY,99.69,4
418,MARKET_ORDER,2511,BUY,,4
418,ADD_ORDER,2512,BUY,99.71,1
418,ADD_ORDER,2513,SELL,99.69,3
418,ADD_ORDER,2514,SELL,99.70,1
419,ADD_ORDER,2515,SELL,99.72,3
419,ADD_ORDER,2516,BUY,99.70,2
419,ADD_ORDER,2517,SELL,99.72,4
419,ADD_ORDER,2518,SELL,99.76,4
419,MARKET_ORDER,2519,BUY,,3
419,ADD_ORDER,2520,SELL,99.77,4
420,ADD_ORDER,2521,SELL,99.74,5
420,CANCEL_ORDER,1004,,,
420,ADD_ORDER,2522,BUY,99.75,3
420,ADD_ORDER,2523,SELL,99.73,1
420,ADD_ORDER,2524,SELL,99.81,4
420,ADD_ORDER,2525,SELL,99.75,5
420,MARKET_ORDER,2526,BUY,,2
421,CANCEL_ORDER,2237,,,
421,ADD_ORDER,2527,BUY,99.72,3
421,CANCEL_ORDER,1751,,,
421,ADD_ORDER,2528,BUY,99.72,4
421,ADD_ORDER,2529,SELL,99.69,2
421,MARKET_ORDER,2530,SELL,,3
421,ADD_ORDER,2531,BUY,99.71,2
421,CANCEL_ORDER,1316,,,
421,ADD_ORDER,2532,SELL,99.70,4
422,ADD_ORDER,2533,SELL,99.71,2
422,ADD_ORDER,2534,BUY,99.69,1
422,CANCEL_ORDER,757,,,
422,ADD_ORDER,2535,SELL,99.71,3
422,ADD_ORDER,2536,BUY,99.71,4
422,CANCEL_ORDER,1094,,,
422,ADD_ORDER,2537,BUY,99.73,4
422,MARKET_ORDER,2538,BUY,,3
423,CANCEL_ORDER,268,,,
423,MARKET_ORDER,2539,BUY,,4
423,ADD_ORDER,2540,BUY,99.74,5
423,MARKET_ORDER,2541,SELL,,1
423,ADD_ORDER,2542,BUY,99.72,2
423,ADD_ORDER,2543,BUY,99.72,5
423,ADD_ORDER,2544,SELL,99.73,1
424,ADD_ORDER,2545,BUY,99.72,2
424,ADD_ORDER,2546,SELL,99.70,1
424,ADD_ORDER,2547,BUY,99.76,1
424,CANCEL_ORDER,1083,,,
424,ADD_ORDER,2548,BUY,99.69,3
424,ADD_ORDER,2549,SELL,99.78,1
424,MARKET_ORDER,2550,BUY,,2
425,ADD_ORDER,2551,BUY,99.79,4
425,ADD_ORDER,2552,BUY,99.76,3
425,ADD_ORDER,2553,BUY,99.75,5
425,CANCEL_ORDER,2257,,,
425,ADD_ORDER,2554,BUY,99.75,1
425,ADD_ORDER,2555,BUY,99.76,3
425,ADD_ORDER,2556,BUY,99.76,3
426,ADD_ORDER,2557,BUY,99.72,2
426,ADD_ORDER,2558,BUY,99.76,5
426,ADD_ORDER,2559,BUY,99.74,5
426,MARKET_ORDER,2560,SELL,,1
426,ADD_ORDER,2561,SELL,99.72,5
426,ADD_ORDER,2562,SELL,99.74,2
427,ADD_ORDER,2563,SELL,99.77,4
427,ADD_ORDER,2564,BUY,99.77,2
427,ADD_ORDER,2565,SELL,99.76,2
427,ADD_ORDER,2566,SELL,99.74,1
427,ADD_ORDER,2567,SELL,99.79,4
427,CANCEL_ORDER,849,,,
427,ADD_ORDER,2568,BUY,99.74,3
428,CANCEL_ORDER,1227,,,
428,ADD_ORDER,2569,SELL,99.75,2
428,ADD_ORDER,2570,SELL,99.80,5
428,ADD_ORDER,2571,BUY,99.77,1
428,ADD_ORDER,2572,SELL,99.76,4
428,ADD_ORDER,2573,BUY,99.74,5
428,MARKET_ORDER,2574,BUY,,1
429,MARKET_ORDER,2575,BUY,,5
429,ADD_ORDER,2576,SELL,99.72,5
429,ADD_ORDER,2577,BUY,99.72,3
429,ADD_ORDER,2578,SELL,99.75,2
429,ADD_ORDER,2579,BUY,99.73,5
429,ADD_ORDER,2580,SELL,99.73,3
430,ADD_ORDER,2581,SELL,99.82,2
430,ADD_ORDER,2582,BUY,99.73,2
430,ADD_ORDER,2583,BUY,99.74,5
430,CANCEL_ORDER,2032,,,
430,ADD_ORDER,2584,SELL,99.76,2
430,MARKET_ORDER,2585,BUY,,3
430,ADD_ORDER,2586,SELL,99.74,3
431,ADD_ORDER,2587,BUY,99.81,5
431,ADD_ORDER,2588,SELL,99.78,1
431,ADD_ORDER,2589,BUY,99.82,3
431,CANCEL_ORDER,1418,,,
431,ADD_ORDER,2590,SELL,99.80,2
431,ADD_ORDER,2591,BUY,99.81,5
431,ADD_ORDER,2592,SELL,99.77,5
432,CANCEL_ORDER,804,,,
432,ADD_ORDER,2593,BUY,99.79,2
432,CANCEL_ORDER,1908,,,
432,ADD_ORDER,2594,BUY,99.79,2
432,ADD_ORDER,2595,BUY,99.81,3
432,CANCEL_ORDER,1462,,,
432,ADD_ORDER,2596,SELL,99.80,1
432,ADD_ORDER,2597,BUY,99.79,5
432,ADD_ORDER,2598,SELL,99.81,3
433,ADD_ORDER,2599,SELL,99.82,5
433,ADD_ORDER,2600,BUY,99.83,4
433,ADD_ORDER,2601,SELL,99.84,4
433,ADD_ORDER,2602,BUY,99.82,3
433,ADD_ORDER,2603,BUY,99.83,5
433,ADD_ORDER,2604,SELL,99.86,3
434,ADD_ORDER,2605,SELL,99.89,3
434,MARKET_ORDER,2606,BUY,,5
434,ADD_ORDER,2607,SELL,99.82,3
434,MARKET_ORDER,2608,BUY,,2
434,ADD_ORDER,2609,BUY,99.86,4
434,ADD_ORDER,2610,BUY,99.86,2
435,ADD_ORDER,2611,SELL,99.82,4
435,ADD_ORDER,2612,SELL,99.84,2
435,ADD_ORDER,2613,BUY,99.80,5
435,ADD_ORDER,2614,BUY,99.82,3
435,ADD_ORDER,2615,BUY,99.84,3
435,MARKET_ORDER,2616,BUY,,5
436,CANCEL_ORDER,1386,,,
436,ADD_ORDER,2617,SELL,99.89,3
436,ADD_ORDER,2618,BUY,99.83,3
436,CANCEL_ORDER,1034,,,
436,MARKET_ORDER,2619,BUY,,4
436,MARKET_ORDER,2620,BUY,,4
436,ADD_ORDER,2621,BUY,99.91,2
436,MARKET_ORDER,2622,BUY,,5
437,ADD_ORDER,2623,SELL,99.85,4
437,ADD_ORDER,2624,BUY,99.93,4
437,ADD_ORDER,2625,BUY,99.85,2
437,CANCEL_ORDER,2205,,,
437,ADD_ORDER,2626,SELL,99.89,2
437,ADD_ORDER,2627,BUY,99.85,5
437,CANCEL_ORDER,2508,,,
437,ADD_ORDER,2628,SELL,99.86,5
438,ADD_ORDER,2629,SELL,99.86,2
438,ADD_ORDER,2630,SELL,99.87,3
438,ADD_ORDER,2631,SELL,99.93,4
438,MARKET_ORDER,2632,BUY,,4
438,ADD_ORDER,2633,SELL,99.85,5
438,ADD_ORDER,2634,SELL,99.85,2
439,CANCEL_ORDER,450,,,
439,ADD_ORDER,2635,BUY,99.83,3
439,ADD_ORDER,2636,SELL,99.86,1
439,ADD_ORDER,2637,SELL,99.83,4
439,ADD_ORDER,2638,SELL,99.85,4
439,ADD_ORDER,2639,SELL,99.84,1
439,ADD_ORDER,2640,BUY,99.84,5
440,CANCEL_ORDER,637,,,
440,ADD_ORDER,2641,SELL,99.84,5
440,ADD_ORDER,2642,SELL,99.90,1
440,MARKET_ORDER,2643,BUY,,4
440,ADD_ORDER,2644,SELL,99.82,1
440,CANCEL_ORDER,1185,,,
440,ADD_ORDER,2645,SELL,99.83,4
440,ADD_ORDER,2646,BUY,99.84,1
441,ADD_ORDER,2647,SELL,99.91,3
441,ADD_ORDER,2648,SELL,99.93,3
441,ADD_ORDER,2649,SELL,99.86,2
441,ADD_ORDER,2650,BUY,99.87,3
441,ADD_ORDER,2651,SELL,99.93,2
441,MARKET_ORDER,2652,SELL,,4
442,ADD_ORDER,2653,SELL,99.90,5
442,MARKET_ORDER,2654,BUY,,2
442,MARKET_ORDER,2655,SELL,,4
442,MARKET_ORDER,2656,BUY,,4
442,MARKET_ORDER,2657,BUY,,3
442,ADD_ORDER,2658,BUY,99.85,3
443,ADD_ORDER,2659,BUY,99.86,3
443,ADD_ORDER,2660,BUY,99.87,4
443,ADD_ORDER,2661,BUY,99.84,2
443,ADD_ORDER,2662,BUY,99.86,1
443,ADD_ORDER,2663,SELL,99.88,1
443,MARKET_ORDER,2664,BUY,,2
444,CANCEL_ORDER,554,,,
444,ADD_ORDER,2665,BUY,99.89,3
444,ADD_ORDER,2666,BUY,99.86,1
444,ADD_ORDER,2667,BUY,99.86,1
444,ADD_ORDER,2668,BUY,99.83,1
444,ADD_ORDER,2669,BUY,99.91,5
444,CANCEL_ORDER,518,,,
444,ADD_ORDER,2670,BUY,99.87,3
445,ADD_ORDER,2671,BUY,99.84,2
445,ADD_ORDER,2672,BUY,99.85,1
445,ADD_ORDER,2673,BUY,99.86,5
445,ADD_ORDER,2674,BUY,99.88,3
445,ADD_ORDER,2675,SELL,99.85,5
445,CANCEL_ORDER,1734,,,
445,ADD_ORDER,2676,BUY,99.84,3
446,CANCEL_ORDER,2588,,,
446,ADD_ORDER,2677,SELL,99.88,3
446,CANCEL_ORDER,623,,,
446,ADD_ORDER,2678,BUY,99.89,5
446,ADD_ORDER,2679,BUY,99.85,4
446,ADD_ORDER,2680,BUY,99.87,3
446,ADD_ORDER,2681,SELL,99.85,3
446,ADD_ORDER,2682,BUY,99.85,3
447,ADD_ORDER,2683,BUY,99.85,1
447,ADD_ORDER,2684,BUY,99.86,1
447,ADD_ORDER,2685,BUY,99.93,1
447,ADD_ORDER,2686,SELL,99.87,2
447,CANCEL_ORDER,1532,,,
447,ADD_ORDER,2687,SELL,99.85,3
447,ADD_ORDER,2688,BUY,99.87,1
448,ADD_ORDER,2689,SELL,99.88,1
448,ADD_ORDER,2690,SELL,99.97,4
448,ADD_ORDER,2691,BUY,99.91,1
448,ADD_ORDER,2692,SELL,99.90,5
448,ADD_ORDER,2693,BUY,99.89,5
448,MARKET_ORDER,2694,BUY,,4
449,ADD_ORDER,2695,SELL,99.85,1
449,CANCEL_ORDER,555,,,
449,ADD_ORDER,2696,SELL,99.86,1
449,ADD_ORDER,2697,BUY,99.86,2
449,MARKET_ORDER,2698,BUY,,1
449,ADD_ORDER,2699,BUY,99.84,4
449,ADD_ORDER,2700,BUY,99.85,5
450,CANCEL_ORDER,1819,,,
450,ADD_ORDER,2701,SELL,99.87,2
450,ADD_ORDER,2702,SELL,99.84,1
450,CANCEL_ORDER,2108,,,
450,MARKET_ORDER,2703,SELL,,3
450,ADD_ORDER,2704,BUY,99.86,3
450,MARKET_ORDER,2705,BUY,,5
450,ADD_ORDER,2706,SELL,99.85,5
451,ADD_ORDER,2707,BUY,99.83,1
451,ADD_ORDER,2708,SELL,99.81,5
451,ADD_ORDER,2709,SELL,99.85,4
451,ADD_ORDER,2710,SELL,99.84,3
451,ADD_ORDER,2711,BUY,99.83,2
451,ADD_ORDER,2712,BUY,99.83,2
452,ADD_ORDER,2713,BUY,99.81,2
452,CANCEL_ORDER,559,,,
452,MARKET_ORDER,2714,BUY,,4
452,MARKET_ORDER,2715,BUY,,1
452,ADD_ORDER,2716,BUY,99.89,5
452,CANCEL_ORDER,1872,,,
452,ADD_ORDER,2717,BUY,99.82,4
452,ADD_ORDER,2718,BUY,99.84,2
453,CANCEL_ORDER,1975,,,
453,ADD_ORDER,2719,SELL,99.85,2
453,CANCEL_ORDER,1747,,,
453,ADD_ORDER,2720,BUY,99.82,1
453,CANCEL_ORDER,1327,,,
453,ADD_ORDER,2721,BUY,99.84,4
453,ADD_ORDER,2722,SELL,99.81,1
453,ADD_ORDER,2723,SELL,99.90,2
453,ADD_ORDER,2724,BUY,99.85,5
454,CANCEL_ORDER,312,,,
454,MARKET_ORDER,2725,BUY,,4
454,ADD_ORDER,2726,SELL,99.81,1
454,MARKET_ORDER,2727,BUY,,5
454,CANCEL_ORDER,2551,,,
454,MARKET_ORDER,2728,SELL,,1
454,ADD_ORDER,2729,SELL,99.84,1
454,ADD_ORDER,2730,SELL,99.81,1
455,ADD_ORDER,2731,BUY,99.83,2
455,MARKET_ORDER,2732,SELL,,3
455,ADD_ORDER,2733,SELL,99.82,5
455,ADD_ORDER,2734,SELL,99.82,4
455,ADD_ORDER,2735,SELL,99.83,4
455,ADD_ORDER,2736,BUY,99.80,4
456,ADD_ORDER,2737,BUY,99.83,2
456,ADD_ORDER,2738,BUY,99.82,4
456,ADD_ORDER,2739,SELL,99.81,5
456,CANCEL_ORDER,2349,,,
456,ADD_ORDER,2740,BUY,99.83,2
456,ADD_ORDER,2741,SELL,99.85,5
456,CANCEL_ORDER,259,,,
456,ADD_ORDER,2742,SELL,99.85,4
457,ADD_ORDER,2743,SELL,99.83,4
457,CANCEL_ORDER,1833,,,
457,ADD_ORDER,2744,SELL,99.88,3
457,CANCEL_ORDER,2224,,,
457,ADD_ORDER,2745,BUY,99.85,1
457,ADD_ORDER,2746,SELL,99.85,3
457,ADD_ORDER,2747,SELL,99.82,5
457,ADD_ORDER,2748,SELL,99.83,1
458,ADD_ORDER,2749,BUY,99.88,2
458,ADD_ORDER,2750,BUY,99.88,4
458,ADD_ORDER,2751,BUY,99.94,4
458,ADD_ORDER,2752,BUY,99.88,4
458,ADD_ORDER,2753,SELL,99.89,4
458,ADD_ORDER,2754,SELL,99.88,3
459,ADD_ORDER,2755,BUY,99.89,1
459,ADD_ORDER,2756,BUY,99.91,5
459,ADD_ORDER,2757,BUY,99.91,3
459,ADD_ORDER,2758,SELL,99.90,2
459,ADD_ORDER,2759,SELL,99.89,1
459,ADD_ORDER,2760,BUY,99.89,2
460,ADD_ORDER,2761,BUY,99.91,5
460,ADD_ORDER,2762,SELL,99.88,1
460,ADD_ORDER,2763,SELL,99.89,2
460,ADD_ORDER,2764,SELL,99.88,1
460,MARKET_ORDER,2765,BUY,,3
460,ADD_ORDER,2766,SELL,99.94,4
461,CANCEL_ORDER,1957,,,
461,ADD_ORDER,2767,BUY,99.89,1
461,ADD_ORDER,2768,SELL,99.94,3
461,CANCEL_ORDER,263,,,
461,ADD_ORDER,2769,SELL,99.88,4
461,ADD_ORDER,2770,SELL,99.89,5
461,ADD_ORDER,2771,BUY,99.86,2
461,CANCEL_ORDER,38,,,
461,ADD_ORDER,2772,BUY,99.95,2
462,ADD_ORDER,2773,BUY,99.91,4
462,ADD_ORDER,2774,SELL,99.90,1
462,CANCEL_ORDER,2449,,,
462,ADD_ORDER,2775,BUY,99.90,4
462,CANCEL_ORDER,1678,,,
462,ADD_ORDER,2776,BUY,99.93,1
462,CANCEL_ORDER,797,,,
462,MARKET_ORDER,2777,SELL,,5
462,ADD_ORDER,2778,BUY,99.93,1
463,ADD_ORDER,2779,BUY,99.94,2
463,ADD_ORDER,2780,BUY,99.93,3
463,MARKET_ORDER,2781,SELL,,1
463,ADD_ORDER,2782,BUY,100.00,3
463,ADD_ORDER,2783,BUY,99.91,3
463,ADD_ORDER,2784,SELL,99.95,1
464,CANCEL_ORDER,1945,,,
464,ADD_ORDER,2785,SELL,99.93,4
464,ADD_ORDER,2786,BUY,99.94,1
464,ADD_ORDER,2787,SELL,99.94,5
464,ADD_ORDER,2788,SELL,100.00,4
464,CANCEL_ORDER,2731,,,
464,ADD_ORDER,2789,SELL,99.96,1
464,MARKET_ORDER,2790,BUY,,4
465,CANCEL_ORDER,2059,,,
465,ADD_ORDER,2791,BUY,99.97,4
465,ADD_ORDER,2792,SELL,100.04,1
465,ADD_ORDER,2793,BUY,100.04,3
465,CANCEL_ORDER,189,,,
465,ADD_ORDER,2794,BUY,100.01,2
465,ADD_ORDER,2795,SELL,99.97,3
465,ADD_ORDER,2796,BUY,99.99,5
466,ADD_ORDER,2797,BUY,100.01,2
466,CANCEL_ORDER,1466,,,
466,ADD_ORDER,2798,BUY,100.07,2
466,ADD_ORDER,2799,BUY,99.98,1
466,CANCEL_ORDER,2648,,,
466,ADD_ORDER,2800,BUY,99.97,4
466,ADD_ORDER,2801,SELL,99.97,5
466,CANCEL_ORDER,801,,,
466,ADD_ORDER,2802,BUY,99.99,1
467,CANCEL_ORDER,2600,,,
467,MARKET_ORDER,2803,BUY,,2
467,CANCEL_ORDER,2411,,,
467,ADD_ORDER,2804,BUY,100.00,1
467,ADD_ORDER,2805,BUY,100.04,5
467,ADD_ORDER,2806,BUY,100.07,4
467,CANCEL_ORDER,1506,,,
467,ADD_ORDER,2807,BUY,100.00,4
467,CANCEL_ORDER,558,,,
467,ADD_ORDER,2808,BUY,100.00,2
468,ADD_ORDER,2809,SELL,100.02,4
468,ADD_ORDER,2810,BUY,99.99,5
468,ADD_ORDER,2811,BUY,100.03,1
468,ADD_ORDER,2812,SELL,100.01,5
468,CANCEL_ORDER,2246,,,
468,ADD_ORDER,2813,SELL,100.07,4
468,ADD_ORDER,2814,SELL,100.00,3
469,ADD_ORDER,2815,BUY,100.05,5
469,ADD_ORDER,2816,BUY,99.97,1
469,ADD_ORDER,2817,BUY,99.97,1
469,CANCEL_ORDER,2103,,,
469,ADD_ORDER,2818,BUY,100.05,2
469,ADD_ORDER,2819,SELL,100.00,3
469,ADD_ORDER,2820,SELL,99.98,4
470,ADD_ORDER,2821,BUY,99.98,1
470,ADD_ORDER,2822,SELL,99.99,3
470,ADD_ORDER,2823,SELL,100.02,1
470,ADD_ORDER,2824,BUY,99.99,4
470,ADD_ORDER,2825,BUY,100.02,2
470,MARKET_ORDER,2826,BUY,,4
471,ADD_ORDER,2827,SELL,100.01,2
471,CANCEL_ORDER,2215,,,
471,ADD_ORDER,2828,SELL,100.07,1
471,CANCEL_ORDER,2043,,,
471,ADD_ORDER,2829,BUY,100.01,1
471,ADD_ORDER,2830,SELL,100.03,5
471,ADD_ORDER,2831,SELL,100.02,1
471,MARKET_ORDER,2832,SELL,,5
472,MARKET_ORDER,2833,BUY,,2
472,CANCEL_ORDER,1483,,,
472,ADD_ORDER,2834,SELL,100.04,3
472,ADD_ORDER,2835,BUY,100.01,5
472,ADD_ORDER,2836,BUY,100.01,3
472,ADD_ORDER,2837,SELL,100.03,1
472,MARKET_ORDER,2838,BUY,,5
473,ADD_ORDER,2839,BUY,100.06,2
473,CANCEL_ORDER,1218,,,
473,ADD_ORDER,2840,BUY,100.03,5
473,ADD_ORDER,2841,SELL,100.02,3
473,CANCEL_ORDER,2509,,,
473,ADD_ORDER,2842,BUY,100.00,4
473,CANCEL_ORDER,2570,,,
473,ADD_ORDER,2843,SELL,100.01,1
473,ADD_ORDER,2844,BUY,100.03,1
474,ADD_ORDER,2845,BUY,100.01,2
474,ADD_ORDER,2846,BUY,100.01,4
474,ADD_ORDER,2847,SELL,100.03,4
474,MARKET_ORDER,2848,SELL,,3
474,ADD_ORDER,2849,SELL,100.04,4
474,CANCEL_ORDER,2545,,,
474,ADD_ORDER,2850,BUY,100.01,3
475,ADD_ORDER,2851,BUY,100.07,5
475,ADD_ORDER,2852,SELL,100.04,3
475,CANCEL_ORDER,2512,,,
475,ADD_ORDER,2853,SELL,100.07,5
475,CANCEL_ORDER,1099,,,
475,ADD_ORDER,2854,BUY,100.06,1
475,CANCEL_ORDER,1795,,,
475,ADD_ORDER,2855,SELL,100.07,4
475,ADD_ORDER,2856,BUY,100.05,2
476,ADD_ORDER,2857,BUY,100.08,4
476,CANCEL_ORDER,2342,,,
476,MARKET_ORDER,2858,BUY,,5
476,ADD_ORDER,2859,BUY,100.12,1
476,ADD_ORDER,2860,BUY,100.11,4
476,MARKET_ORDER,2861,SELL,,5
476,ADD_ORDER,2862,SELL,100.08,2
477,ADD_ORDER,2863,SELL,100.08,2
477,ADD_ORDER,2864,SELL,100.11,3
477,ADD_ORDER,2865,SELL,100.14,2
477,CANCEL_ORDER,2510,,,
477,ADD_ORDER,2866,BUY,100.12,5
477,CANCEL_ORDER,114,,,
477,ADD_ORDER,2867,SELL,100.11,3
477,ADD_ORDER,2868,BUY,100.11,1
478,ADD_ORDER,2869,SELL,100.07,4
478,ADD_ORDER,2870,BUY,100.08,1
478,ADD_ORDER,2871,BUY,100.09,4
478,CANCEL_ORDER,334,,,
478,ADD_ORDER,2872,SELL,100.11,1
478,ADD_ORDER,2873,BUY,100.07,4
478,ADD_ORDER,2874,BUY,100.08,3
479,ADD_ORDER,2875,SELL,100.08,2
479,CANCEL_ORDER,2634,,,
479,ADD_ORDER,2876,SELL,100.06,5
479,ADD_ORDER,2877,BUY,100.06,2
479,MARKET_ORDER,2878,SELL,,2
479,ADD_ORDER,2879,SELL,100.09,2
479,ADD_ORDER,2880,SELL,100.05,2
480,ADD_ORDER,2881,SELL,100.13,5
480,ADD_ORDER,2882,SELL,100.06,2
480,ADD_ORDER,2883,BUY,100.14,3
480,ADD_ORDER,2884,BUY,100.04,4
480,MARKET_ORDER,2885,BUY,,4
480,ADD_ORDER,2886,BUY,100.08,3
481,ADD_ORDER,2887,BUY,100.03,5
481,ADD_ORDER,2888,BUY,100.07,1
481,ADD_ORDER,2889,SELL,100.04,1
481,ADD_ORDER,2890,BUY,100.07,3
481,ADD_ORDER,2891,SELL,100.03,1
481,ADD_ORDER,2892,SELL,100.04,4
482,ADD_ORDER,2893,BUY,100.04,4
482,ADD_ORDER,2894,BUY,100.12,1
482,ADD_ORDER,2895,BUY,100.04,1
482,CANCEL_ORDER,1144,,,
482,ADD_ORDER,2896,BUY,100.04,3
482,ADD_ORDER,2897,BUY,100.04,5
482,ADD_ORDER,2898,BUY,100.04,2
483,ADD_ORDER,2899,SELL,100.04,3
483,ADD_ORDER,2900,SELL,100.03,4
483,ADD_ORDER,2901,SELL,100.08,4
483,ADD_ORDER,2902,BUY,100.01,1
483,CANCEL_ORDER,2173,,,
483,ADD_ORDER,2903,BUY,100.01,2
483,ADD_ORDER,2904,BUY,100.05,4
484,ADD_ORDER,2905,BUY,100.04,2
484,CANCEL_ORDER,1150,,,
484,ADD_ORDER,2906,BUY,100.01,5
484,ADD_ORDER,2907,SELL,100.01,3
484,ADD_ORDER,2908,BUY,100.01,2
484,MARKET_ORDER,2909,BUY,,4
484,ADD_ORDER,2910,SELL,100.00,4
485,MARKET_ORDER,2911,SELL,,2
485,CANCEL_ORDER,2227,,,
485,ADD_ORDER,2912,BUY,100.01,2
485,CANCEL_ORDER,1335,,,
485,ADD_ORDER,2913,SELL,100.07,4
485,CANCEL_ORDER,327,,,
485,ADD_ORDER,2914,SELL,100.01,1
485,ADD_ORDER,2915,SELL,100.03,1
485,ADD_ORDER,2916,SELL,100.02,1
486,CANCEL_ORDER,2085,,,
486,ADD_ORDER,2917,BUY,100.00,1
486,ADD_ORDER,2918,SELL,100.02,5
486,CANCEL_ORDER,2603,,,
486,ADD_ORDER,2919,SELL,100.02,5
486,ADD_ORDER,2920,BUY,100.02,1
486,ADD_ORDER,2921,SELL,100.02,1
486,ADD_ORDER,2922,BUY,100.02,5
487,ADD_ORDER,2923,SELL,99.99,5
487,ADD_ORDER,2924,SELL,99.98,1
487,ADD_ORDER,2925,BUY,100.07,1
487,MARKET_ORDER,2926,SELL,,1
487,ADD_ORDER,2927,SELL,99.97,3
487,ADD_ORDER,2928,SELL,99.98,3
488,ADD_ORDER,2929,SELL,99.99,5
488,CANCEL_ORDER,1627,,,
488,MARKET_ORDER,2930,BUY,,4
488,ADD_ORDER,2931,BUY,99.99,2
488,ADD_ORDER,2932,SELL,100.00,4
488,ADD_ORDER,2933,SELL,100.02,2
488,MARKET_ORDER,2934,SELL,,2
489,ADD_ORDER,2935,SELL,99.99,3
489,ADD_ORDER,2936,BUY,99.97,2
489,ADD_ORDER,2937,SELL,99.95,2
489,ADD_ORDER,2938,BUY,99.97,1
489,CANCEL_ORDER,2552,,,
489,ADD_ORDER,2939,BUY,99.95,2
489,ADD_ORDER,2940,SELL,99.98,2
490,ADD_ORDER,2941,SELL,99.95,3
490,ADD_ORDER,2942,SELL,99.93,5
490,ADD_ORDER,2943,SELL,99.92,4
490,ADD_ORDER,2944,SELL,99.95,5
490,ADD_ORDER,2945,SELL,99.93,2
490,ADD_ORDER,2946,BUY,100.02,3
491,ADD_ORDER,2947,BUY,99.91,3
491,ADD_ORDER,2948,BUY,99.91,5
491,ADD_ORDER,2949,SELL,99.95,2
491,ADD_ORDER,2950,BUY,99.94,3
491,ADD_ORDER,2951,SELL,99.92,3
491,ADD_ORDER,2952,BUY,99.99,3
492,ADD_ORDER,2953,BUY,99.89,3
492,CANCEL_ORDER,954,,,
492,ADD_ORDER,2954,BUY,99.95,2
492,ADD_ORDER,2955,BUY,99.90,2
492,CANCEL_ORDER,2905,,,
492,ADD_ORDER,2956,SELL,99.92,4
492,CANCEL_ORDER,2659,,,
492,ADD_ORDER,2957,BUY,99.88,3
492,ADD_ORDER,2958,SELL,99.89,1
493,ADD_ORDER,2959,SELL,99.89,5
493,MARKET_ORDER,2960,BUY,,4
493,CANCEL_ORDER,1266,,,
493,ADD_ORDER,2961,SELL,99.87,4
493,ADD_ORDER,2962,SELL,99.93,4
493,MARKET_ORDER,2963,BUY,,5
493,ADD_ORDER,2964,BUY,99.90,5
494,CANCEL_ORDER,1515,,,
494,ADD_ORDER,2965,SELL,99.90,2
494,CANCEL_ORDER,1620,,,
494,ADD_ORDER,2966,BUY,99.91,1
494,ADD_ORDER,2967,SELL,99.98,3
494,MARKET_ORDER,2968,SELL,,4
494,ADD_ORDER,2969,SELL,99.92,4
494,ADD_ORDER,2970,SELL,99.90,3
495,ADD_ORDER,2971,BUY,99.88,2
495,ADD_ORDER,2972,SELL,99.91,1
495,ADD_ORDER,2973,SELL,99.90,4
495,ADD_ORDER,2974,BUY,99.90,1
495,CANCEL_ORDER,87,,,
495,ADD_ORDER,2975,SELL,99.90,5
495,CANCEL_ORDER,301,,,
495,MARKET_ORDER,2976,BUY,,3
496,CANCEL_ORDER,2211,,,
496,ADD_ORDER,2977,SELL,99.93,2
496,ADD_ORDER,2978,SELL,99.91,3
496,ADD_ORDER,2979,BUY,99.96,1
496,ADD_ORDER,2980,BUY,99.91,2
496,CANCEL_ORDER,1659,,,
496,ADD_ORDER,2981,BUY,99.95,2
496,CANCEL_ORDER,1241,,,
496,ADD_ORDER,2982,SELL,99.92,1
497,CANCEL_ORDER,2599,,,
497,ADD_ORDER,2983,SELL,99.91,4
497,ADD_ORDER,2984,SELL,99.92,3
497,ADD_ORDER,2985,SELL,99.91,4
497,MARKET_ORDER,2986,BUY,,5
497,CANCEL_ORDER,2951,,,
497,MARKET_ORDER,2987,SELL,,3
497,ADD_ORDER,2988,BUY,99.91,3
498,ADD_ORDER,2989,BUY,99.91,4
498,ADD_ORDER,2990,SELL,99.91,1
498,CANCEL_ORDER,803,,,
498,ADD_ORDER,2991,BUY,99.93,2
498,ADD_ORDER,2992,SELL,99.91,4
498,ADD_ORDER,2993,BUY,99.95,3
498,ADD_ORDER,2994,SELL,99.92,2
499,ADD_ORDER,2995,SELL,99.95,1
499,ADD_ORDER,2996,SELL,99.94,4
499,ADD_ORDER,2997,BUY,99.94,4
499,ADD_ORDER,2998,SELL,99.93,5
499,ADD_ORDER,2999,BUY,99.97,3
499,MARKET_ORDER,3000,SELL,,4
500,ADD_ORDER,3001,SELL,99.93,5
500,CANCEL_ORDER,2095,,,
500,ADD_ORDER,3002,SELL,99.90,4
500,CANCEL_ORDER,1807,,,
500,ADD_ORDER,3003,SELL,99.89,1
500,ADD_ORDER,3004,BUY,99.93,5
500,ADD_ORDER,3005,SELL,99.90,5
500,ADD_ORDER,3006,SELL,99.91,1
501,ADD_ORDER,3007,BUY,99.92,3
501,MARKET_ORDER,3008,BUY,,5
501,ADD_ORDER,3009,SELL,99.98,4
501,ADD_ORDER,3010,BUY,99.90,4
501,CANCEL_ORDER,1487,,,
501,ADD_ORDER,3011,BUY,99.92,3
501,CANCEL_ORDER,2028,,,
501,MARKET_ORDER,3012,SELL,,3
502,ADD_ORDER,3013,BUY,99.90,2
502,ADD_ORDER,3014,SELL,99.92,5
502,ADD_ORDER,3015,SELL,99.88,4
502,CANCEL_ORDER,611,,,
502,MARKET_ORDER,3016,SELL,,3
502,ADD_ORDER,3017,SELL,99.92,4
502,CANCEL_ORDER,1814,,,
502,ADD_ORDER,3018,BUY,99.91,3
503,ADD_ORDER,3019,BUY,99.94,5
503,ADD_ORDER,3020,SELL,99.93,3
503,CANCEL_ORDER,2928,,,
503,ADD_ORDER,3021,SELL,99.93,3
503,ADD_ORDER,3022,BUY,99.92,5
503,ADD_ORDER,3023,SELL,99.91,2
503,MARKET_ORDER,3024,BUY,,2
504,MARKET_ORDER,3025,BUY,,5
504,MARKET_ORDER,3026,BUY,,2
504,ADD_ORDER,3027,SELL,99.90,5
504,ADD_ORDER,3028,SELL,99.90,1
504,ADD_ORDER,3029,BUY,99.97,1
504,ADD_ORDER,3030,BUY,99.90,4
505,ADD_ORDER,3031,BUY,99.91,2
505,MARKET_ORDER,3032,SELL,,2
505,ADD_ORDER,3033,SELL,99.96,3
505,CANCEL_ORDER,2767,,,
505,ADD_ORDER,3034,BUY,99.88,3
505,CANCEL_ORDER,1791,,,
505,ADD_ORDER,3035,BUY,99.88,2
505,ADD_ORDER,3036,SELL,99.91,2
506,ADD_ORDER,3037,SELL,99.87,3
506,ADD_ORDER,3038,SELL,99.90,2
506,ADD_ORDER,3039,SELL,99.89,3
506,ADD_ORDER,3040,BUY,99.90,3
506,ADD_ORDER,3041,BUY,99.87,1
506,ADD_ORDER,3042,SELL,99.89,3
507,ADD_ORDER,3043,BUY,99.87,2
507,MARKET_ORDER,3044,SELL,,1
507,MARKET_ORDER,3045,BUY,,4
507,CANCEL_ORDER,709,,,
507,ADD_ORDER,3046,BUY,99.89,3
507,ADD_ORDER,3047,BUY,99.90,5
507,ADD_ORDER,3048,SELL,99.95,1
508,ADD_ORDER,3049,SELL,99.88,1
508,ADD_ORDER,3050,BUY,99.85,5
508,ADD_ORDER,3051,BUY,99.89,1
508,ADD_ORDER,3052,SELL,99.89,1
508,ADD_ORDER,3053,SELL,99.87,4
508,ADD_ORDER,3054,BUY,99.87,2
509,ADD_ORDER,3055,SELL,99.90,5
509,ADD_ORDER,3056,SELL,99.96,2
509,ADD_ORDER,3057,BUY,99.93,1
509,ADD_ORDER,3058,BUY,99.87,5
509,ADD_ORDER,3059,BUY,99.90,1
509,ADD_ORDER,3060,SELL,99.89,1
510,ADD_ORDER,3061,SELL,99.96,2
510,MARKET_ORDER,3062,SELL,,2
510,ADD_ORDER,3063,SELL,99.88,1
510,ADD_ORDER,3064,SELL,99.91,5
510,CANCEL_ORDER,419,,,
510,ADD_ORDER,3065,SELL,99.90,5
510,CANCEL_ORDER,1846,,,
510,ADD_ORDER,3066,SELL,99.90,1
511,CANCEL_ORDER,1242,,,
511,ADD_ORDER,3067,BUY,99.91,3
511,CANCEL_ORDER,337,,,
511,ADD_ORDER,3068,BUY,99.92,3
511,ADD_ORDER,3069,SELL,99.89,1
511,MARKET_ORDER,3070,BUY,,5
511,ADD_ORDER,3071,BUY,99.88,2
511,CANCEL_ORDER,2578,,,
511,MARKET_ORDER,3072,BUY,,2
512,CANCEL_ORDER,1395,,,
512,ADD_ORDER,3073,SELL,99.89,3
512,CANCEL_ORDER,1082,,,
512,ADD_ORDER,3074,BUY,99.98,5
512,ADD_ORDER,3075,SELL,99.91,4
512,ADD_ORDER,3076,SELL,99.92,2
512,MARKET_ORDER,3077,SELL,,1
512,MARKET_ORDER,3078,BUY,,4
513,ADD_ORDER,3079,SELL,99.86,1
513,ADD_ORDER,3080,BUY,99.89,2
513,MARKET_ORDER,3081,SELL,,1
513,ADD_ORDER,3082,SELL,99.89,5
513,ADD_ORDER,3083,BUY,99.87,3
513,ADD_ORDER,3084,BUY,99.89,4
514,ADD_ORDER,3085,SELL,99.91,1
514,ADD_ORDER,3086,SELL,99.93,4
514,ADD_ORDER,3087,BUY,99.89,5
514,CANCEL_ORDER,3015,,,
514,MARKET_ORDER,3088,SELL,,1
514,ADD_ORDER,3089,BUY,99.94,5
514,ADD_ORDER,3090,SELL,99.95,4
515,ADD_ORDER,3091,SELL,99.95,2
515,CANCEL_ORDER,2135,,,
515,ADD_ORDER,3092,SELL,99.87,1
515,ADD_ORDER,3093,SELL,99.93,1
515,ADD_ORDER,3094,BUY,99.89,2
515,ADD_ORDER,3095,BUY,99.87,5
515,CANCEL_ORDER,396,,,
515,ADD_ORDER,3096,BUY,99.89,5
516,ADD_ORDER,3097,BUY,99.89,5
516,ADD_ORDER,3098,BUY,99.91,2
516,CANCEL_ORDER,2782,,,
516,ADD_ORDER,3099,SELL,99.95,3
516,ADD_ORDER,3100,BUY,99.89,1
516,ADD_ORDER,3101,BUY,99.87,5
516,ADD_ORDER,3102,BUY,99.88,1
517,ADD_ORDER,3103,BUY,99.86,5
517,MARKET_ORDER,3104,BUY,,3
517,CANCEL_ORDER,1389,,,
517,ADD_ORDER,3105,SELL,99.86,3
517,MARKET_ORDER,3106,BUY,,1
517,ADD_ORDER,3107,BUY,99.89,3
517,MARKET_ORDER,3108,SELL,,1
518,ADD_ORDER,3109,SELL,99.86,1
518,ADD_ORDER,3110,SELL,99.89,5
518,ADD_ORDER,3111,SELL,99.86,1
518,ADD_ORDER,3112,BUY,99.88,3
518,ADD_ORDER,3113,BUY,99.87,2
518,MARKET_ORDER,3114,SELL,,4
519,CANCEL_ORDER,2768,,,
519,ADD_ORDER,3115,SELL,99.90,4
519,ADD_ORDER,3116,BUY,99.88,4
519,ADD_ORDER,3117,SELL,99.94,5
519,ADD_ORDER,3118,BUY,99.92,4
519,ADD_ORDER,3119,BUY,99.91,2
519,ADD_ORDER,3120,BUY,99.92,5
520,ADD_ORDER,3121,SELL,99.93,3
520,ADD_ORDER,3122,SELL,99.97,4
520,CANCEL_ORDER,2726,,,
520,ADD_ORDER,3123,BUY,100.02,3
520,ADD_ORDER,3124,BUY,99.93,4
520,ADD_ORDER,3125,BUY,99.93,5
520,CANCEL_ORDER,2921,,,
520,ADD_ORDER,3126,SELL,99.96,5
521,ADD_ORDER,3127,SELL,99.97,4
521,ADD_ORDER,3128,BUY,99.95,5
521,ADD_ORDER,3129,SELL,99.99,1
521,CANCEL_ORDER,386,,,
521,MARKET_ORDER,3130,BUY,,3
521,ADD_ORDER,3131,BUY,99.95,3
521,MARKET_ORDER,3132,BUY,,3
522,ADD_ORDER,3133,SELL,100.02,3
522,ADD_ORDER,3134,BUY,100.00,2
522,ADD_ORDER,3135,SELL,99.99,5
522,ADD_ORDER,3136,SELL,100.01,4
522,ADD_ORDER,3137,SELL,100.01,2
522,ADD_ORDER,3138,BUY,100.01,2
523,ADD_ORDER,3139,BUY,100.03,3
523,ADD_ORDER,3140,SELL,100.00,2
523,ADD_ORDER,3141,BUY,100.01,3
523,ADD_ORDER,3142,SELL,99.97,4
523,CANCEL_ORDER,2598,,,
523,ADD_ORDER,3143,SELL,100.00,1
523,ADD_ORDER,3144,BUY,99.97,3
524,ADD_ORDER,3145,BUY,100.06,1
524,ADD_ORDER,3146,SELL,100.05,2
524,MARKET_ORDER,3147,BUY,,1
524,CANCEL_ORDER,2231,,,
524,ADD_ORDER,3148,BUY,100.01,4
524,MARKET_ORDER,3149,SELL,,2
524,ADD_ORDER,3150,BUY,99.99,2
525,CANCEL_ORDER,2414,,,
525,MARKET_ORDER,3151,SELL,,3
525,ADD_ORDER,3152,BUY,99.96,1
525,CANCEL_ORDER,2209,,,
525,MARKET_ORDER,3153,SELL,,5
525,ADD_ORDER,3154,BUY,99.97,4
525,ADD_ORDER,3155,SELL,99.96,3
525,CANCEL_ORDER,1295,,,
525,ADD_ORDER,3156,SELL,100.01,5
526,MARKET_ORDER,3157,SELL,,5
526,ADD_ORDER,3158,BUY,99.98,3
526,ADD_ORDER,3159,SELL,99.98,1
526,ADD_ORDER,3160,SELL,99.95,4
526,ADD_ORDER,3161,BUY,100.03,2
526,CANCEL_ORDER,3063,,,
526,ADD_ORDER,3162,SELL,99.95,1
527,CANCEL_ORDER,2054,,,
527,ADD_ORDER,3163,BUY,100.00,1
527,CANCEL_ORDER,2187,,,
527,MARKET_ORDER,3164,BUY,,2
527,ADD_ORDER,3165,BUY,99.98,3
527,ADD_ORDER,3166,BUY,99.98,3
527,ADD_ORDER,3167,SELL,99.96,5
527,MARKET_ORDER,3168,SELL,,5
528,ADD_ORDER,3169,SELL,99.99,5
528,MARKET_ORDER,3170,SELL,,5
528,ADD_ORDER,3171,BUY,100.01,1
528,ADD_ORDER,3172,BUY,99.99,3
528,ADD_ORDER,3173,SELL,99.98,3
528,ADD_ORDER,3174,BUY,99.98,3
529,ADD_ORDER,3175,SELL,99.99,1
529,CANCEL_ORDER,1459,,,
529,MARKET_ORDER,3176,SELL,,4
529,CANCEL_ORDER,1825,,,
529,ADD_ORDER,3177,BUY,100.06,2
529,ADD_ORDER,3178,SELL,99.97,5
529,CANCEL_ORDER,2071,,,
529,ADD_ORDER,3179,BUY,99.99,4
529,ADD_ORDER,3180,SELL,99.99,4
530,ADD_ORDER,3181,SELL,99.97,5
530,ADD_ORDER,3182,SELL,99.98,4
530,MARKET_ORDER,3183,SELL,,5
530,ADD_ORDER,3184,SELL,100.00,4
530,CANCEL_ORDER,821,,,
530,MARKET_ORDER,3185,BUY,,3
530,CANCEL_ORDER,2901,,,
530,MARKET_ORDER,3186,SELL,,4
531,ADD_ORDER,3187,SELL,99.98,2
531,CANCEL_ORDER,752,,,
531,ADD_ORDER,3188,BUY,99.98,3
531,CANCEL_ORDER,1982,,,
531,ADD_ORDER,3189,BUY,99.96,5
531,ADD_ORDER,3190,BUY,99.99,5
531,ADD_ORDER,3191,BUY,100.01,1
531,ADD_ORDER,3192,SELL,99.96,3
532,ADD_ORDER,3193,SELL,99.95,4
532,ADD_ORDER,3194,BUY,99.99,5
532,ADD_ORDER,3195,SELL,99.95,5
532,ADD_ORDER,3196,SELL,99.97,4
532,ADD_ORDER,3197,SELL,99.96,1
532,ADD_ORDER,3198,BUY,99.97,3
533,CANCEL_ORDER,3109,,,
533,ADD_ORDER,3199,BUY,99.99,1
533,ADD_ORDER,3200,BUY,100.00,2
533,MARKET_ORDER,3201,SELL,,5
533,ADD_ORDER,3202,BUY,99.98,4
533,ADD_ORDER,3203,BUY,99.99,5
533,ADD_ORDER,3204,BUY,100.02,2
534,ADD_ORDER,3205,BUY,99.98,4
534,ADD_ORDER,3206,BUY,99.97,1
534,ADD_ORDER,3207,BUY,100.05,4
534,CANCEL_ORDER,2382,,,
534,ADD_ORDER,3208,BUY,99.96,3
534,CANCEL_ORDER,2029,,,
534,MARKET_ORDER,3209,SELL,,4
534,ADD_ORDER,3210,BUY,99.99,4
535,ADD_ORDER,3211,BUY,99.97,5
535,ADD_ORDER,3212,BUY,99.95,1
535,ADD_ORDER,3213,SELL,99.98,4
535,CANCEL_ORDER,1835,,,
535,ADD_ORDER,3214,SELL,99.99,3
535,ADD_ORDER,3215,BUY,99.99,2
535,ADD_ORDER,3216,BUY,99.95,2
536,ADD_ORDER,3217,BUY,99.96,5
536,ADD_ORDER,3218,BUY,100.04,1
536,ADD_ORDER,3219,SELL,99.96,4
536,CANCEL_ORDER,219,,,
536,ADD_ORDER,3220,SELL,99.99,2
536,MARKET_ORDER,3221,SELL,,5
536,MARKET_ORDER,3222,SELL,,1
537,ADD_ORDER,3223,SELL,99.99,2
537,ADD_ORDER,3224,BUY,100.01,3
537,CANCEL_ORDER,2688,,,
537,ADD_ORDER,3225,BUY,100.00,3
537,ADD_ORDER,3226,BUY,99.98,2
537,ADD_ORDER,3227,SELL,100.02,1
537,CANCEL_ORDER,727,,,
537,ADD_ORDER,3228,SELL,100.01,4
538,MARKET_ORDER,3229,SELL,,4
538,ADD_ORDER,3230,BUY,99.99,5
538,ADD_ORDER,3231,SELL,100.02,1
538,ADD_ORDER,3232,BUY,99.99,1
538,ADD_ORDER,3233,BUY,100.00,4
538,MARKET_ORDER,3234,BUY,,1
539,ADD_ORDER,3235,SELL,99.97,2
539,ADD_ORDER,3236,BUY,99.98,2
539,CANCEL_ORDER,2984,,,
539,ADD_ORDER,3237,BUY,99.98,4
539,ADD_ORDER,3238,SELL,99.99,4
539,ADD_ORDER,3239,BUY,99.98,3
539,CANCEL_ORDER,2810,,,
539,ADD_ORDER,3240,SELL,99.98,1
540,ADD_ORDER,3241,SELL,99.96,3
540,ADD_ORDER,3242,BUY,100.01,4
540,ADD_ORDER,3243,BUY,99.97,1
540,ADD_ORDER,3244,SELL,99.99,1
540,ADD_ORDER,3245,SELL,99.98,5
540,CANCEL_ORDER,871,,,
540,ADD_ORDER,3246,SELL,99.97,5
541,MARKET_ORDER,3247,BUY,,2
541,ADD_ORDER,3248,SELL,99.98,3
541,ADD_ORDER,3249,BUY,99.97,2
541,ADD_ORDER,3250,SELL,99.97,4
541,ADD_ORDER,3251,SELL,99.95,1
541,MARKET_ORDER,3252,SELL,,3
542,CANCEL_ORDER,2695,,,
542,ADD_ORDER,3253,BUY,99.95,5
542,ADD_ORDER,3254,SELL,100.01,5
542,ADD_ORDER,3255,BUY,99.95,3
542,ADD_ORDER,3256,SELL,100.04,4
542,ADD_ORDER,3257,SELL,99.96,2
542,ADD_ORDER,3258,BUY,99.98,4
543,ADD_ORDER,3259,BUY,99.98,4
543,ADD_ORDER,3260,BUY,100.02,3
543,ADD_ORDER,3261,BUY,99.98,4
543,ADD_ORDER,3262,BUY,99.99,2
543,ADD_ORDER,3263,SELL,99.96,4
543,CANCEL_ORDER,2710,,,
543,MARKET_ORDER,3264,SELL,,3
544,ADD_ORDER,3265,BUY,99.97,1
544,ADD_ORDER,3266,SELL,100.05,4
544,ADD_ORDER,3267,BUY,100.01,5
544,MARKET_ORDER,3268,SELL,,5
544,ADD_ORDER,3269,SELL,100.03,3
544,MARKET_ORDER,3270,SELL,,1
545,ADD_ORDER,3271,SELL,99.97,2
545,ADD_ORDER,3272,BUY,99.96,4
545,MARKET_ORDER,3273,SELL,,4
545,ADD_ORDER,3274,SELL,99.99,4
545,CANCEL_ORDER,3033,,,
545,ADD_ORDER,3275,BUY,100.02,5
545,ADD_ORDER,3276,SELL,99.96,2
546,ADD_ORDER,3277,SELL,99.98,2
546,ADD_ORDER,3278,BUY,100.01,1
546,ADD_ORDER,3279,BUY,100.00,2
546,ADD_ORDER,3280,SELL,100.00,4
546,ADD_ORDER,3281,SELL,99.98,3
546,CANCEL_ORDER,3059,,,
546,ADD_ORDER,3282,SELL,99.97,1
547,ADD_ORDER,3283,SELL,100.00,5
547,ADD_ORDER,3284,BUY,100.03,3
547,CANCEL_ORDER,644,,,
547,ADD_ORDER,3285,SELL,100.02,2
547,ADD_ORDER,3286,SELL,100.02,4
547,ADD_ORDER,3287,SELL,100.00,3
547,ADD_ORDER,3288,SELL,100.01,5
548,ADD_ORDER,3289,SELL,100.04,3
548,ADD_ORDER,3290,BUY,100.01,3
548,ADD_ORDER,3291,BUY,100.04,3
548,CANCEL_ORDER,2463,,,
548,MARKET_ORDER,3292,SELL,,2
548,ADD_ORDER,3293,SELL,100.00,1
548,ADD_ORDER,3294,BUY,100.00,5
549,ADD_ORDER,3295,BUY,99.98,1
549,ADD_ORDER,3296,SELL,100.02,4
549,MARKET_ORDER,3297,SELL,,3
549,ADD_ORDER,3298,SELL,99.99,2
549,ADD_ORDER,3299,BUY,100.08,1
549,MARKET_ORDER,3300,BUY,,2
550,CANCEL_ORDER,553,,,
550,ADD_ORDER,3301,SELL,99.96,4
550,ADD_ORDER,3302,SELL,99.96,5
550,ADD_ORDER,3303,SELL,100.00,1
550,ADD_ORDER,3304,SELL,99.94,5
550,ADD_ORDER,3305,BUY,99.94,5
550,CANCEL_ORDER,2168,,,
550,MARKET_ORDER,3306,SELL,,3
551,ADD_ORDER,3307,SELL,99.99,4
551,ADD_ORDER,3308,BUY,99.98,4
551,CANCEL_ORDER,2312,,,
551,ADD_ORDER,3309,SELL,99.98,3
551,ADD_ORDER,3310,SELL,99.95,3
551,ADD_ORDER,3311,SELL,99.95,3
551,ADD_ORDER,3312,BUY,99.97,1
552,ADD_ORDER,3313,BUY,99.97,1
552,ADD_ORDER,3314,SELL,100.00,5
552,ADD_ORDER,3315,SELL,99.96,2
552,CANCEL_ORDER,1446,,,
552,ADD_ORDER,3316,BUY,99.96,5
552,CANCEL_ORDER,35,,,
552,ADD_ORDER,3317,SELL,99.98,1
552,CANCEL_ORDER,3218,,,
552,ADD_ORDER,3318,SELL,99.99,5
553,CANCEL_ORDER,724,,,
553,ADD_ORDER,3319,BUY,100.02,4
553,ADD_ORDER,3320,BUY,99.94,1
553,ADD_ORDER,3321,BUY,100.04,2
553,ADD_ORDER,3322,SELL,100.01,2
553,ADD_ORDER,3323,BUY,99.95,1
553,MARKET_ORDER,3324,BUY,,4
554,MARKET_ORDER,3325,SELL,,5
554,CANCEL_ORDER,3248,,,
554,ADD_ORDER,3326,SELL,99.93,4
554,ADD_ORDER,3327,BUY,99.93,3
554,ADD_ORDER,3328,BUY,99.92,3
554,ADD_ORDER,3329,SELL,99.93,5
554,CANCEL_ORDER,1343,,,
554,ADD_ORDER,3330,BUY,99.92,5
555,ADD_ORDER,3331,SELL,99.91,2
555,ADD_ORDER,3332,BUY,99.91,1
555,CANCEL_ORDER,713,,,
555,ADD_ORDER,3333,SELL,99.99,2
555,ADD_ORDER,3334,BUY,99.92,2
555,ADD_ORDER,3335,SELL,99.89,3
555,CANCEL_ORDER,1448,,,
555,MARKET_ORDER,3336,BUY,,5
556,ADD_ORDER,3337,SELL,99.93,4
556,ADD_ORDER,3338,BUY,99.90,3
556,ADD_ORDER,3339,SELL,99.93,2
556,MARKET_ORDER,3340,BUY,,5
556,ADD_ORDER,3341,BUY,99.89,5
556,ADD_ORDER,3342,SELL,99.92,3
557,CANCEL_ORDER,1172,,,
557,ADD_ORDER,3343,SELL,99.86,2
557,ADD_ORDER,3344,BUY,99.89,3
557,ADD_ORDER,3345,BUY,99.96,2
557,ADD_ORDER,3346,BUY,99.93,5
557,ADD_ORDER,3347,BUY,99.95,4
557,ADD_ORDER,3348,SELL,99.86,3
558,ADD_ORDER,3349,SELL,99.91,5
558,CANCEL_ORDER,799,,,
558,ADD_ORDER,3350,BUY,99.89,4
558,CANCEL_ORDER,1577,,,
558,MARKET_ORDER,3351,SELL,,2
558,MARKET_ORDER,3352,SELL,,3
558,ADD_ORDER,3353,SELL,99.98,5
558,ADD_ORDER,3354,SELL,99.96,4
559,ADD_ORDER,3355,BUY,99.91,1
559,CANCEL_ORDER,265,,,
559,ADD_ORDER,3356,SELL,99.91,3
559,ADD_ORDER,3357,SELL,99.92,2
559,CANCEL_ORDER,2935,,,
559,ADD_ORDER,3358,BUY,99.89,2
559,ADD_ORDER,3359,SELL,99.89,4
559,ADD_ORDER,3360,BUY,99.88,3
560,ADD_ORDER,3361,SELL,99.91,3
560,ADD_ORDER,3362,BUY,99.95,4
560,ADD_ORDER,3363,SELL,99.90,5
560,ADD_ORDER,3364,BUY,99.88,3
560,ADD_ORDER,3365,SELL,99.94,4
560,ADD_ORDER,3366,SELL,99.89,1
561,CANCEL_ORDER,3190,,,
561,ADD_ORDER,3367,SELL,99.96,3
561,CANCEL_ORDER,1081,,,
561,ADD_ORDER,3368,SELL,99.93,2
561,CANCEL_ORDER,2499,,,
561,ADD_ORDER,3369,SELL,99.95,1
561,ADD_ORDER,3370,SELL,99.97,4
561,ADD_ORDER,3371,SELL,99.93,2
561,MARKET_ORDER,3372,BUY,,4
562,ADD_ORDER,3373,BUY,99.96,2
562,ADD_ORDER,3374,SELL,99.96,1
562,ADD_ORDER,3375,SELL,99.96,5
562,MARKET_ORDER,3376,BUY,,3
562,ADD_ORDER,3377,SELL,99.96,4
562,ADD_ORDER,3378,SELL,99.96,5
563,CANCEL_ORDER,2637,,,
563,ADD_ORDER,3379,BUY,100.01,1
563,ADD_ORDER,3380,SELL,100.00,1
563,CANCEL_ORDER,552,,,
563,ADD_ORDER,3381,SELL,99.99,2
563,MARKET_ORDER,3382,SELL,,4
563,ADD_ORDER,3383,SELL,100.00,3
563,ADD_ORDER,3384,SELL,99.98,2
564,MARKET_ORDER,3385,BUY,,1
564,ADD_ORDER,3386,BUY,100.06,1
564,CANCEL_ORDER,2378,,,
564,ADD_ORDER,3387,SELL,100.07,5
564,CANCEL_ORDER,3103,,,
564,ADD_ORDER,3388,BUY,100.00,3
564,ADD_ORDER,3389,BUY,99.98,3
564,ADD_ORDER,3390,BUY,100.00,2
565,ADD_ORDER,3391,SELL,100.00,4
565,ADD_ORDER,3392,SELL,100.01,5
565,ADD_ORDER,3393,BUY,100.03,1
565,ADD_ORDER,3394,BUY,100.03,1
565,ADD_ORDER,3395,SELL,99.99,4
565,ADD_ORDER,3396,SELL,99.99,1
566,ADD_ORDER,3397,BUY,100.00,2
566,MARKET_ORDER,3398,BUY,,5
566,ADD_ORDER,3399,SELL,100.00,4
566,ADD_ORDER,3400,BUY,100.10,1
566,ADD_ORDER,3401,BUY,100.00,4
566,CANCEL_ORDER,615,,,
566,ADD_ORDER,3402,BUY,100.04,5
567,MARKET_ORDER,3403,BUY,,2
567,MARKET_ORDER,3404,SELL,,2
567,ADD_ORDER,3405,BUY,100.02,1
567,CANCEL_ORDER,1583,,,
567,ADD_ORDER,3406,BUY,100.01,1
567,ADD_ORDER,3407,BUY,100.01,5
567,ADD_ORDER,3408,BUY,100.04,1
568,ADD_ORDER,3409,BUY,100.03,2
568,ADD_ORDER,3410,BUY,100.05,3
568,ADD_ORDER,3411,SELL,100.04,1
568,ADD_ORDER,3412,SELL,100.10,4
568,CANCEL_ORDER,1198,,,
568,ADD_ORDER,3413,SELL,100.06,2
568,CANCEL_ORDER,2591,,,
568,MARKET_ORDER,3414,SELL,,2
569,CANCEL_ORDER,560,,,
569,MARKET_ORDER,3415,SELL,,3
569,ADD_ORDER,3416,BUY,100.06,2
569,ADD_ORDER,3417,BUY,100.06,3
569,CANCEL_ORDER,1049,,,
569,ADD_ORDER,3418,BUY,100.03,4
569,ADD_ORDER,3419,BUY,100.04,4
569,ADD_ORDER,3420,SELL,100.02,2
570,MARKET_ORDER,3421,SELL,,3
570,ADD_ORDER,3422,SELL,100.06,3
570,ADD_ORDER,3423,SELL,100.03,5
570,CANCEL_ORDER,776,,,
570,ADD_ORDER,3424,BUY,100.07,4
570,CANCEL_ORDER,2540,,,
570,ADD_ORDER,3425,SELL,100.05,2
570,ADD_ORDER,3426,SELL,100.04,4
571,ADD_ORDER,3427,BUY,100.09,3
571,ADD_ORDER,3428,BUY,100.09,5
571,ADD_ORDER,3429,SELL,100.07,4
571,ADD_ORDER,3430,BUY,100.09,1
571,ADD_ORDER,3431,SELL,100.10,1
571,ADD_ORDER,3432,SELL,100.09,3
572,MARKET_ORDER,3433,BUY,,5
572,ADD_ORDER,3434,SELL,100.07,3
572,ADD_ORDER,3435,BUY,100.08,5
572,CANCEL_ORDER,734,,,
572,MARKET_ORDER,3436,BUY,,3
572,ADD_ORDER,3437,SELL,100.06,3
572,CANCEL_ORDER,2044,,,
572,ADD_ORDER,3438,BUY,100.08,4
573,CANCEL_ORDER,1207,,,
573,ADD_ORDER,3439,SELL,100.09,5
573,MARKET_ORDER,3440,BUY,,1
573,CANCEL_ORDER,3137,,,
573,ADD_ORDER,3441,BUY,100.09,3
573,ADD_ORDER,3442,SELL,100.11,5
573,ADD_ORDER,3443,SELL,100.10,4
573,CANCEL_ORDER,1423,,,
573,MARKET_ORDER,3444,SELL,,5
574,ADD_ORDER,3445,BUY,100.08,4
574,MARKET_ORDER,3446,BUY,,5
574,ADD_ORDER,3447,BUY,100.10,1
574,ADD_ORDER,3448,BUY,100.08,5
574,ADD_ORDER,3449,SELL,100.10,5
574,CANCEL_ORDER,1732,,,
574,ADD_ORDER,3450,SELL,100.08,1
575,ADD_ORDER,3451,SELL,100.09,1
575,ADD_ORDER,3452,SELL,100.07,3
575,ADD_ORDER,3453,BUY,100.08,1
575,MARKET_ORDER,3454,SELL,,2
575,ADD_ORDER,3455,BUY,100.14,2
575,ADD_ORDER,3456,SELL,100.08,1
576,ADD_ORDER,3457,BUY,100.07,3
576,ADD_ORDER,3458,SELL,100.08,4
576,ADD_ORDER,3459,SELL,100.08,1
576,ADD_ORDER,3460,SELL,100.09,5
576,CANCEL_ORDER,2171,,,
576,ADD_ORDER,3461,SELL,100.09,4
576,MARKET_ORDER,3462,SELL,,2
577,ADD_ORDER,3463,SELL,100.09,3
577,CANCEL_ORDER,701,,,
577,ADD_ORDER,3464,SELL,100.08,1
577,ADD_ORDER,3465,BUY,100.06,2
577,ADD_ORDER,3466,BUY,100.06,4
577,CANCEL_ORDER,3334,,,
577,ADD_ORDER,3467,BUY,100.05,4
577,ADD_ORDER,3468,SELL,100.06,5
578,ADD_ORDER,3469,SELL,100.00,1
578,ADD_ORDER,3470,SELL,99.99,1
578,ADD_ORDER,3471,BUY,100.03,1
578,ADD_ORDER,3472,BUY,100.00,4
578,CANCEL_ORDER,2989,,,
578,MARKET_ORDER,3473,SELL,,1
578,MARKET_ORDER,3474,BUY,,2
579,ADD_ORDER,3475,SELL,100.00,1
579,ADD_ORDER,3476,BUY,100.00,2
579,ADD_ORDER,3477,BUY,100.01,2
579,CANCEL_ORDER,2788,,,
579,ADD_ORDER,3478,SELL,100.01,2
579,ADD_ORDER,3479,BUY,100.02,3
579,ADD_ORDER,3480,SELL,100.05,3
580,ADD_ORDER,3481,SELL,100.00,5
580,CANCEL_ORDER,3175,,,
580,ADD_ORDER,3482,BUY,99.99,1
580,MARKET_ORDER,3483,SELL,,1
580,ADD_ORDER,3484,BUY,100.01,5
580,ADD_ORDER,3485,BUY,100.02,2
580,ADD_ORDER,3486,SELL,100.00,1
581,ADD_ORDER,3487,BUY,100.00,4
581,ADD_ORDER,3488,SELL,99.98,3
581,ADD_ORDER,3489,BUY,99.96,3
581,ADD_ORDER,3490,SELL,99.98,5
581,ADD_ORDER,3491,SELL,100.04,2
581,ADD_ORDER,3492,SELL,99.97,3
582,ADD_ORDER,3493,BUY,100.01,5
582,CANCEL_ORDER,2267,,,
582,ADD_ORDER,3494,SELL,100.04,2
582,ADD_ORDER,3495,BUY,99.98,2
582,CANCEL_ORDER,1847,,,
582,ADD_ORDER,3496,BUY,100.01,2
582,ADD_ORDER,3497,SELL,100.00,2
582,CANCEL_ORDER,2822,,,
582,ADD_ORDER,3498,SELL,99.99,5
583,CANCEL_ORDER,2967,,,
583,MARKET_ORDER,3499,BUY,,1
583,CANCEL_ORDER,1704,,,
583,ADD_ORDER,3500,SELL,100.01,2
583,ADD_ORDER,3501,SELL,100.06,3
583,MARKET_ORDER,3502,BUY,,1
583,ADD_ORDER,3503,BUY,100.04,2
583,MARKET_ORDER,3504,BUY,,2
584,ADD_ORDER,3505,SELL,100.05,5
584,CANCEL_ORDER,2938,,,
584,ADD_ORDER,3506,SELL,100.04,4
584,ADD_ORDER,3507,BUY,100.02,3
584,ADD_ORDER,3508,SELL,100.03,4
584,MARKET_ORDER,3509,BUY,,2
584,ADD_ORDER,3510,SELL,100.01,5
585,ADD_ORDER,3511,BUY,100.08,4
585,ADD_ORDER,3512,BUY,100.04,4
585,ADD_ORDER,3513,SELL,100.04,5
585,ADD_ORDER,3514,BUY,100.04,4
585,ADD_ORDER,3515,BUY,100.03,5
585,ADD_ORDER,3516,BUY,100.03,1
586,ADD_ORDER,3517,BUY,100.12,3
586,ADD_ORDER,3518,BUY,100.09,5
586,ADD_ORDER,3519,SELL,100.07,3
586,ADD_ORDER,3520,BUY,100.07,3
586,MARKET_ORDER,3521,BUY,,2
586,ADD_ORDER,3522,SELL,100.05,2
587,CANCEL_ORDER,2222,,,
587,ADD_ORDER,3523,BUY,100.06,1
587,ADD_ORDER,3524,BUY,100.05,1
587,ADD_ORDER,3525,SELL,100.06,4
587,CANCEL_ORDER,759,,,
587,ADD_ORDER,3526,BUY,100.03,1
587,ADD_ORDER,3527,SELL,100.03,3
587,ADD_ORDER,3528,SELL,100.03,5
588,ADD_ORDER,3529,BUY,100.03,5
588,ADD_ORDER,3530,BUY,100.12,2
588,ADD_ORDER,3531,BUY,100.06,4
588,ADD_ORDER,3532,SELL,100.09,2
588,ADD_ORDER,3533,SELL,100.11,2
588,ADD_ORDER,3534,SELL,100.02,2
589,CANCEL_ORDER,3520,,,
589,ADD_ORDER,3535,BUY,100.03,2
589,CANCEL_ORDER,3378,,,
589,ADD_ORDER,3536,SELL,100.04,4
589,ADD_ORDER,3537,BUY,100.04,4
589,ADD_ORDER,3538,SELL,100.03,2
589,CANCEL_ORDER,3399,,,
589,ADD_ORDER,3539,BUY,100.03,5
589,ADD_ORDER,3540,SELL,100.06,1
590,ADD_ORDER,3541,SELL,100.05,5
590,ADD_ORDER,3542,SELL,100.06,2
590,ADD_ORDER,3543,SELL,100.02,3
590,CANCEL_ORDER,920,,,
590,ADD_ORDER,3544,BUY,100.04,3
590,ADD_ORDER,3545,BUY,100.05,5
590,ADD_ORDER,3546,BUY,100.08,2
591,MARKET_ORDER,3547,BUY,,3
591,ADD_ORDER,3548,BUY,100.04,3
591,ADD_ORDER,3549,SELL,100.07,2
591,ADD_ORDER,3550,SELL,100.05,5
591,ADD_ORDER,3551,SELL,100.07,3
591,ADD_ORDER,3552,SELL,100.05,3
592,ADD_ORDER,3553,SELL,100.14,3
592,ADD_ORDER,3554,SELL,100.09,3
592,ADD_ORDER,3555,BUY,100.15,5
592,ADD_ORDER,3556,BUY,100.06,3
592,ADD_ORDER,3557,SELL,100.07,3
592,ADD_ORDER,3558,SELL,100.09,4
593,ADD_ORDER,3559,BUY,100.08,5
593,ADD_ORDER,3560,BUY,100.08,4
593,ADD_ORDER,3561,SELL,100.07,4
593,ADD_ORDER,3562,SELL,100.06,2
593,ADD_ORDER,3563,BUY,100.04,4
593,MARKET_ORDER,3564,SELL,,5
594,ADD_ORDER,3565,BUY,100.06,2
594,ADD_ORDER,3566,SELL,100.06,1
594,ADD_ORDER,3567,SELL,100.10,3
594,CANCEL_ORDER,1112,,,
594,ADD_ORDER,3568,SELL,100.16,4
594,ADD_ORDER,3569,SELL,100.09,4
594,ADD_ORDER,3570,SELL,100.07,4
595,ADD_ORDER,3571,BUY,100.17,1
595,ADD_ORDER,3572,BUY,100.09,2
595,ADD_ORDER,3573,BUY,100.11,1
595,MARKET_ORDER,3574,BUY,,3
595,ADD_ORDER,3575,SELL,100.12,4
595,MARKET_ORDER,3576,SELL,,1
596,MARKET_ORDER,3577,BUY,,2
596,ADD_ORDER,3578,SELL,100.12,5
596,ADD_ORDER,3579,BUY,100.11,4
596,MARKET_ORDER,3580,SELL,,4
596,MARKET_ORDER,3581,SELL,,4
596,ADD_ORDER,3582,SELL,100.12,4
597,MARKET_ORDER,3583,SELL,,4
597,ADD_ORDER,3584,BUY,100.12,4
597,CANCEL_ORDER,1882,,,
597,ADD_ORDER,3585,BUY,100.13,4
597,ADD_ORDER,3586,BUY,100.12,4
597,ADD_ORDER,3587,SELL,100.15,4
597,ADD_ORDER,3588,SELL,100.17,2
598,ADD_ORDER,3589,SELL,100.11,5
598,ADD_ORDER,3590,SELL,100.12,5
598,ADD_ORDER,3591,SELL,100.09,3
598,MARKET_ORDER,3592,BUY,,1
598,ADD_ORDER,3593,BUY,100.12,3
598,MARKET_ORDER,3594,BUY,,3
599,CANCEL_ORDER,1617,,,
599,ADD_ORDER,3595,BUY,100.16,3
599,CANCEL_ORDER,3409,,,
599,ADD_ORDER,3596,SELL,100.14,2
599,ADD_ORDER,3597,SELL,100.15,1
599,ADD_ORDER,3598,SELL,100.12,2
599,MARKET_ORDER,3599,BUY,,5
599,ADD_ORDER,3600,SELL,100.21,4
600,ADD_ORDER,3601,SELL,100.16,3
600,ADD_ORDER,3602,SELL,100.14,4
600,ADD_ORDER,3603,BUY,100.13,4
600,MARKET_ORDER,3604,SELL,,2
600,ADD_ORDER,3605,SELL,100.14,5
600,MARKET_ORDER,3606,SELL,,1
601,ADD_ORDER,3607,BUY,100.13,2
601,ADD_ORDER,3608,BUY,100.16,5
601,ADD_ORDER,3609,SELL,100.14,1
601,ADD_ORDER,3610,SELL,100.13,3
601,ADD_ORDER,3611,BUY,100.13,5
601,ADD_ORDER,3612,SELL,100.12,1
602,ADD_ORDER,3613,BUY,100.19,2
602,ADD_ORDER,3614,SELL,100.18,1
602,ADD_ORDER,3615,BUY,100.14,4
602,CANCEL_ORDER,2977,,,
602,ADD_ORDER,3616,SELL,100.13,3
602,ADD_ORDER,3617,SELL,100.21,4
602,CANCEL_ORDER,2097,,,
602,ADD_ORDER,3618,SELL,100.15,5
603,ADD_ORDER,3619,SELL,100.13,5
603,MARKET_ORDER,3620,BUY,,1
603,ADD_ORDER,3621,SELL,100.15,2
603,CANCEL_ORDER,2331,,,
603,ADD_ORDER,3622,BUY,100.15,5
603,ADD_ORDER,3623,SELL,100.11,1
603,CANCEL_ORDER,3390,,,
603,ADD_ORDER,3624,BUY,100.14,5
604,MARKET_ORDER,3625,BUY,,2
604,ADD_ORDER,3626,BUY,100.21,2
604,ADD_ORDER,3627,SELL,100.20,1
604,ADD_ORDER,3628,SELL,100.16,3
604,ADD_ORDER,3629,SELL,100.22,4
604,CANCEL_ORDER,3006,,,
604,ADD_ORDER,3630,BUY,100.20,3
605,ADD_ORDER,3631,BUY,100.12,5
605,ADD_ORDER,3632,BUY,100.10,5
605,MARKET_ORDER,3633,BUY,,2
605,CANCEL_ORDER,1683,,,
605,ADD_ORDER,3634,SELL,100.09,1
605,CANCEL_ORDER,2532,,,
605,ADD_ORDER,3635,SELL,100.12,2
605,ADD_ORDER,3636,BUY,100.11,2
606,ADD_ORDER,3637,SELL,100.16,3
606,CANCEL_ORDER,543,,,
606,ADD_ORDER,3638,SELL,100.14,4
606,ADD_ORDER,3639,BUY,100.14,5
606,CANCEL_ORDER,3447,,,
606,MARKET_ORDER,3640,BUY,,2
606,ADD_ORDER,3641,BUY,100.14,5
606,CANCEL_ORDER,1373,,,
606,ADD_ORDER,3642,SELL,100.15,5
607,CANCEL_ORDER,2399,,,
607,ADD_ORDER,3643,SELL,100.13,2
607,ADD_ORDER,3644,BUY,100.11,4
607,ADD_ORDER,3645,SELL,100.13,5
607,ADD_ORDER,3646,BUY,100.14,4
607,ADD_ORDER,3647,SELL,100.15,5
607,MARKET_ORDER,3648,SELL,,5
608,CANCEL_ORDER,3224,,,
608,ADD_ORDER,3649,BUY,100.15,1
608,CANCEL_ORDER,1852,,,
608,ADD_ORDER,3650,SELL,100.13,4
608,CANCEL_ORDER,2313,,,
608,ADD_ORDER,3651,SELL,100.13,1
608,CANCEL_ORDER,2804,,,
608,ADD_ORDER,3652,SELL,100.15,4
608,ADD_ORDER,3653,BUY,100.14,5
608,CANCEL_ORDER,441,,,
608,ADD_ORDER,3654,SELL,100.19,1
609,ADD_ORDER,3655,BUY,100.13,5
609,MARKET_ORDER,3656,SELL,,2
609,ADD_ORDER,3657,SELL,100.13,5
609,ADD_ORDER,3658,SELL,100.14,5
609,ADD_ORDER,3659,SELL,100.20,1
609,ADD_ORDER,3660,SELL,100.11,4
610,CANCEL_ORDER,3368,,,
610,ADD_ORDER,3661,SELL,100.11,3
610,MARKET_ORDER,3662,BUY,,3
610,CANCEL_ORDER,3058,,,
610,ADD_ORDER,3663,SELL,100.11,5
610,ADD_ORDER,3664,BUY,100.18,2
610,ADD_ORDER,3665,SELL,100.11,5
610,ADD_ORDER,3666,BUY,100.18,4
611,ADD_ORDER,3667,SELL,100.14,4
611,ADD_ORDER,3668,BUY,100.14,4
611,ADD_ORDER,3669,BUY,100.14,5
611,ADD_ORDER,3670,SELL,100.13,4
611,ADD_ORDER,3671,SELL,100.11,4
611,ADD_ORDER,3672,SELL,100.20,1
612,CANCEL_ORDER,3363,,,
612,MARKET_ORDER,3673,BUY,,4
612,MARKET_ORDER,3674,BUY,,4
612,ADD_ORDER,3675,SELL,100.11,5
612,MARKET_ORDER,3676,SELL,,4
612,MARKET_ORDER,3677,SELL,,5
612,ADD_ORDER,3678,SELL,100.10,1
613,ADD_ORDER,3679,BUY,100.15,4
613,MARKET_ORDER,3680,BUY,,4
613,ADD_ORDER,3681,SELL,100.10,5
613,CANCEL_ORDER,1773,,,
613,ADD_ORDER,3682,SELL,100.16,4
613,ADD_ORDER,3683,SELL,100.09,5
613,ADD_ORDER,3684,BUY,100.09,5
614,ADD_ORDER,3685,SELL,100.15,1
614,CANCEL_ORDER,3138,,,
614,ADD_ORDER,3686,SELL,100.09,1
614,MARKET_ORDER,3687,SELL,,4
614,ADD_ORDER,3688,BUY,100.07,5
614,CANCEL_ORDER,2166,,,
614,ADD_ORDER,3689,SELL,100.15,5
614,ADD_ORDER,3690,BUY,100.10,4
615,ADD_ORDER,3691,SELL,100.10,2
615,CANCEL_ORDER,1730,,,
615,ADD_ORDER,3692,BUY,100.13,5
615,ADD_ORDER,3693,SELL,100.18,2
615,ADD_ORDER,3694,BUY,100.14,5
615,ADD_ORDER,3695,BUY,100.10,1
615,ADD_ORDER,3696,BUY,100.14,1
616,CANCEL_ORDER,928,,,
616,ADD_ORDER,3697,SELL,100.18,4
616,ADD_ORDER,3698,SELL,100.16,1
616,ADD_ORDER,3699,SELL,100.12,3
616,MARKET_ORDER,3700,SELL,,1
616,ADD_ORDER,3701,BUY,100.14,2
616,ADD_ORDER,3702,SELL,100.13,1
617,CANCEL_ORDER,2880,,,
617,ADD_ORDER,3703,SELL,100.11,5
617,CANCEL_ORDER,1789,,,
617,ADD_ORDER,3704,BUY,100.15,4
617,ADD_ORDER,3705,BUY,100.13,1
617,MARKET_ORDER,3706,BUY,,3
617,MARKET_ORDER,3707,SELL,,5
617,MARKET_ORDER,3708,BUY,,4
618,ADD_ORDER,3709,BUY,100.15,2
618,ADD_ORDER,3710,BUY,100.16,5
618,CANCEL_ORDER,1116,,,
618,ADD_ORDER,3711,SELL,100.18,1
618,ADD_ORDER,3712,BUY,100.16,4
618,ADD_ORDER,3713,SELL,100.15,3
618,ADD_ORDER,3714,BUY,100.18,3
619,ADD_ORDER,3715,BUY,100.14,5
619,CANCEL_ORDER,2789,,,
619,MARKET_ORDER,3716,SELL,,2
619,CANCEL_ORDER,2667,,,
619,ADD_ORDER,3717,SELL,100.15,5
619,MARKET_ORDER,3718,BUY,,5
619,CANCEL_ORDER,3482,,,
619,ADD_ORDER,3719,SELL,100.17,3
619,CANCEL_ORDER,2755,,,
619,MARKET_ORDER,3720,SELL,,5
620,ADD_ORDER,3721,BUY,100.13,2
620,CANCEL_ORDER,2862,,,
620,ADD_ORDER,3722,BUY,100.20,4
620,ADD_ORDER,3723,SELL,100.18,4
620,ADD_ORDER,3724,SELL,100.17,3
620,ADD_ORDER,3725,SELL,100.11,5
620,ADD_ORDER,3726,BUY,100.12,1
621,ADD_ORDER,3727,BUY,100.12,1
621,CANCEL_ORDER,585,,,
621,ADD_ORDER,3728,BUY,100.19,1
621,ADD_ORDER,3729,SELL,100.14,4
621,ADD_ORDER,3730,SELL,100.13,3
621,ADD_ORDER,3731,SELL,100.12,1
621,CANCEL_ORDER,3073,,,
621,ADD_ORDER,3732,SELL,100.21,2
622,ADD_ORDER,3733,BUY,100.14,4
622,CANCEL_ORDER,884,,,
622,ADD_ORDER,3734,BUY,100.11,5
622,CANCEL_ORDER,1623,,,
622,MARKET_ORDER,3735,SELL,,3
622,ADD_ORDER,3736,BUY,100.10,1
622,ADD_ORDER,3737,BUY,100.13,4
622,MARKET_ORDER,3738,SELL,,3
623,ADD_ORDER,3739,SELL,100.13,4
623,ADD_ORDER,3740,SELL,100.14,1
623,MARKET_ORDER,3741,BUY,,2
623,CANCEL_ORDER,2823,,,
623,ADD_ORDER,3742,SELL,100.12,5
623,ADD_ORDER,3743,BUY,100.12,3
623,ADD_ORDER,3744,SELL,100.11,3
624,ADD_ORDER,3745,SELL,100.22,3
624,CANCEL_ORDER,1301,,,
624,ADD_ORDER,3746,SELL,100.16,1
624,ADD_ORDER,3747,SELL,100.16,5
624,ADD_ORDER,3748,BUY,100.13,4
624,ADD_ORDER,3749,SELL,100.13,5
624,ADD_ORDER,3750,SELL,100.13,4
625,ADD_ORDER,3751,SELL,100.15,1
625,ADD_ORDER,3752,SELL,100.14,4
625,ADD_ORDER,3753,SELL,100.17,4
625,ADD_ORDER,3754,SELL,100.20,5
625,ADD_ORDER,3755,BUY,100.14,2
625,ADD_ORDER,3756,SELL,100.17,2
626,ADD_ORDER,3757,BUY,100.12,3
626,ADD_ORDER,3758,BUY,100.11,4
626,ADD_ORDER,3759,SELL,100.14,3
626,ADD_ORDER,3760,BUY,100.12,1
626,CANCEL_ORDER,2015,,,
626,ADD_ORDER,3761,BUY,100.14,4
626,CANCEL_ORDER,3543,,,
626,ADD_ORDER,3762,BUY,100.11,5
627,ADD_ORDER,3763,SELL,100.09,1
627,ADD_ORDER,3764,BUY,100.08,4
627,MARKET_ORDER,3765,BUY,,1
627,ADD_ORDER,3766,BUY,100.12,4
627,CANCEL_ORDER,2601,,,
627,ADD_ORDER,3767,SELL,100.10,5
627,ADD_ORDER,3768,SELL,100.09,3
628,ADD_ORDER,3769,SELL,100.10,1
628,ADD_ORDER,3770,SELL,100.09,1
628,MARKET_ORDER,3771,BUY,,4
628,CANCEL_ORDER,2348,,,
628,ADD_ORDER,3772,SELL,100.07,1
628,ADD_ORDER,3773,SELL,100.07,5
628,ADD_ORDER,3774,SELL,100.09,2
629,ADD_ORDER,3775,BUY,100.11,3
629,CANCEL_ORDER,2890,,,
629,MARKET_ORDER,3776,SELL,,4
629,ADD_ORDER,3777,SELL,100.12,5
629,ADD_ORDER,3778,SELL,100.09,2
629,ADD_ORDER,3779,BUY,100.18,3
629,ADD_ORDER,3780,BUY,100.15,5
630,MARKET_ORDER,3781,BUY,,5
630,MARKET_ORDER,3782,BUY,,4
630,ADD_ORDER,3783,BUY,100.05,3
630,CANCEL_ORDER,3503,,,
630,ADD_ORDER,3784,BUY,100.12,2
630,ADD_ORDER,3785,SELL,100.06,1
630,CANCEL_ORDER,3029,,,
630,ADD_ORDER,3786,SELL,100.07,5
631,ADD_ORDER,3787,SELL,100.09,4
631,CANCEL_ORDER,2457,,,
631,ADD_ORDER,3788,SELL,100.08,1
631,ADD_ORDER,3789,BUY,100.08,1
631,MARKET_ORDER,3790,SELL,,4
631,ADD_ORDER,3791,SELL,100.09,1
631,MARKET_ORDER,3792,SELL,,3
632,MARKET_ORDER,3793,BUY,,2
632,ADD_ORDER,3794,BUY,100.07,3
632,MARKET_ORDER,3795,BUY,,1
632,ADD_ORDER,3796,SELL,100.10,4
632,ADD_ORDER,3797,SELL,100.10,4
632,ADD_ORDER,3798,SELL,100.11,4
633,ADD_ORDER,3799,SELL,100.04,2
633,CANCEL_ORDER,1088,,,
633,ADD_ORDER,3800,BUY,100.04,2
633,ADD_ORDER,3801,BUY,100.05,5
633,CANCEL_ORDER,2800,,,
633,MARKET_ORDER,3802,BUY,,4
633,ADD_ORDER,3803,BUY,100.08,2
633,CANCEL_ORDER,1809,,,
633,ADD_ORDER,3804,SELL,100.04,2
634,ADD_ORDER,3805,BUY,100.06,2
634,ADD_ORDER,3806,BUY,100.03,5
634,CANCEL_ORDER,1579,,,
634,MARKET_ORDER,3807,SELL,,3
634,ADD_ORDER,3808,SELL,100.06,1
634,ADD_ORDER,3809,SELL,100.07,4
634,ADD_ORDER,3810,BUY,100.07,1
635,ADD_ORDER,3811,SELL,100.04,4
635,CANCEL_ORDER,786,,,
635,ADD_ORDER,3812,SELL,100.04,5
635,ADD_ORDER,3813,BUY,100.04,2
635,CANCEL_ORDER,1891,,,
635,ADD_ORDER,3814,SELL,100.06,4
635,ADD_ORDER,3815,BUY,100.06,2
635,ADD_ORDER,3816,BUY,100.04,2
636,ADD_ORDER,3817,BUY,100.05,3
636,CANCEL_ORDER,1324,,,
636,ADD_ORDER,3818,BUY,100.05,3
636,CANCEL_ORDER,2408,,,
636,ADD_ORDER,3819,BUY,100.01,5
636,ADD_ORDER,3820,SELL,100.03,4
636,ADD_ORDER,3821,BUY,100.01,1
636,MARKET_ORDER,3822,BUY,,4
637,CANCEL_ORDER,287,,,
637,ADD_ORDER,3823,SELL,100.05,1
637,CANCEL_ORDER,2945,,,
637,ADD_ORDER,3824,BUY,100.05,1
637,CANCEL_ORDER,1951,,,
637,MARKET_ORDER,3825,SELL,,5
637,ADD_ORDER,3826,SELL,100.11,2
637,ADD_ORDER,3827,SELL,100.03,4
637,ADD_ORDER,3828,SELL,100.02,3
638,ADD_ORDER,3829,BUY,100.04,1
638,ADD_ORDER,3830,SELL,100.04,4
638,MARKET_ORDER,3831,BUY,,1
638,ADD_ORDER,3832,SELL,100.10,3
638,ADD_ORDER,3833,SELL,100.03,1
638,MARKET_ORDER,3834,SELL,,1
639,CANCEL_ORDER,1967,,,
639,ADD_ORDER,3835,BUY,100.12,1
639,ADD_ORDER,3836,SELL,100.06,5
639,MARKET_ORDER,3837,SELL,,4
639,MARKET_ORDER,3838,SELL,,4
639,ADD_ORDER,3839,BUY,100.04,1
639,ADD_ORDER,3840,BUY,100.05,2
640,ADD_ORDER,3841,SELL,100.03,5
640,ADD_ORDER,3842,SELL,100.03,5
640,ADD_ORDER,3843,BUY,100.07,3
640,ADD_ORDER,3844,BUY,100.03,3
640,CANCEL_ORDER,1980,,,
640,ADD_ORDER,3845,SELL,100.06,1
640,ADD_ORDER,3846,BUY,100.03,5
641,ADD_ORDER,3847,SELL,100.11,3
641,ADD_ORDER,3848,BUY,100.04,4
641,ADD_ORDER,3849,BUY,100.02,4
641,CANCEL_ORDER,1966,,,
641,ADD_ORDER,3850,BUY,100.03,2
641,MARKET_ORDER,3851,BUY,,4
641,CANCEL_ORDER,2779,,,
641,ADD_ORDER,3852,SELL,100.04,4
642,ADD_ORDER,3853,BUY,100.04,3
642,ADD_ORDER,3854,BUY,100.08,1
642,ADD_ORDER,3855,SELL,100.10,5
642,ADD_ORDER,3856,SELL,100.08,2
642,ADD_ORDER,3857,BUY,100.04,3
642,ADD_ORDER,3858,BUY,100.04,5
643,ADD_ORDER,3859,BUY,100.13,5
643,ADD_ORDER,3860,SELL,100.10,1
643,ADD_ORDER,3861,SELL,100.15,5
643,ADD_ORDER,3862,BUY,100.07,5
643,ADD_ORDER,3863,BUY,100.14,1
643,ADD_ORDER,3864,SELL,100.07,1
644,ADD_ORDER,3865,SELL,100.15,3
644,ADD_ORDER,3866,SELL,100.13,3
644,ADD_ORDER,3867,BUY,100.13,2
644,ADD_ORDER,3868,BUY,100.11,5
644,ADD_ORDER,3869,SELL,100.12,4
644,ADD_ORDER,3870,SELL,100.11,5
645,ADD_ORDER,3871,SELL,100.14,2
645,MARKET_ORDER,3872,BUY,,3
645,ADD_ORDER,3873,SELL,100.11,1
645,ADD_ORDER,3874,SELL,100.13,5
645,ADD_ORDER,3875,BUY,100.20,1
645,MARKET_ORDER,3876,SELL,,2
646,MARKET_ORDER,3877,SELL,,1
646,ADD_ORDER,3878,BUY,100.14,4
646,ADD_ORDER,3879,BUY,100.12,1
646,ADD_ORDER,3880,BUY,100.11,4
646,ADD_ORDER,3881,SELL,100.12,3
646,ADD_ORDER,3882,BUY,100.19,1
647,CANCEL_ORDER,2712,,,
647,ADD_ORDER,3883,SELL,100.15,2
647,CANCEL_ORDER,1100,,,
647,ADD_ORDER,3884,BUY,100.16,3
647,ADD_ORDER,3885,SELL,100.13,2
647,ADD_ORDER,3886,SELL,100.13,5
647,CANCEL_ORDER,3495,,,
647,MARKET_ORDER,3887,BUY,,3
647,ADD_ORDER,3888,BUY,100.12,1
648,ADD_ORDER,3889,SELL,100.12,2
648,ADD_ORDER,3890,SELL,100.19,1
648,CANCEL_ORDER,3729,,,
648,ADD_ORDER,3891,SELL,100.14,4
648,CANCEL_ORDER,2744,,,
648,ADD_ORDER,3892,BUY,100.14,3
648,CANCEL_ORDER,3255,,,
648,ADD_ORDER,3893,BUY,100.13,3
648,MARKET_ORDER,3894,SELL,,1
649,ADD_ORDER,3895,BUY,100.12,4
649,ADD_ORDER,3896,SELL,100.22,3
649,MARKET_ORDER,3897,SELL,,2
649,ADD_ORDER,3898,SELL,100.15,5
649,ADD_ORDER,3899,BUY,100.14,5
649,ADD_ORDER,3900,BUY,100.12,3
650,ADD_ORDER,3901,SELL,100.15,1
650,ADD_ORDER,3902,BUY,100.12,5
650,CANCEL_ORDER,454,,,
650,ADD_ORDER,3903,BUY,100.13,2
650,ADD_ORDER,3904,BUY,100.21,1
650,CANCEL_ORDER,93,,,
650,MARKET_ORDER,3905,SELL,,2
650,ADD_ORDER,3906,BUY,100.11,5
651,ADD_ORDER,3907,SELL,100.16,4
651,ADD_ORDER,3908,BUY,100.13,2
651,ADD_ORDER,3909,BUY,100.12,5
651,ADD_ORDER,3910,BUY,100.14,5
651,CANCEL_ORDER,2536,,,
651,ADD_ORDER,3911,BUY,100.16,4
651,CANCEL_ORDER,2487,,,
651,ADD_ORDER,3912,BUY,100.12,1
652,ADD_ORDER,3913,SELL,100.22,1
652,MARKET_ORDER,3914,SELL,,5
652,ADD_ORDER,3915,BUY,100.13,1
652,CANCEL_ORDER,121,,,
652,ADD_ORDER,3916,SELL,100.13,1
652,ADD_ORDER,3917,BUY,100.12,5
652,ADD_ORDER,3918,SELL,100.13,1
653,ADD_ORDER,3919,SELL,100.13,1
653,ADD_ORDER,3920,SELL,100.10,4
653,ADD_ORDER,3921,BUY,100.17,3
653,ADD_ORDER,3922,BUY,100.10,3
653,ADD_ORDER,3923,BUY,100.18,3
653,ADD_ORDER,3924,SELL,100.10,1
654,ADD_ORDER,3925,SELL,100.08,3
654,ADD_ORDER,3926,BUY,100.09,2
654,ADD_ORDER,3927,SELL,100.09,4
654,ADD_ORDER,3928,SELL,100.11,3
654,ADD_ORDER,3929,SELL,100.10,2
654,ADD_ORDER,3930,SELL,100.10,5
655,MARKET_ORDER,3931,SELL,,4
655,MARKET_ORDER,3932,BUY,,5
655,ADD_ORDER,3933,SELL,100.12,1
655,ADD_ORDER,3934,SELL,100.11,2
655,CANCEL_ORDER,3184,,,
655,MARKET_ORDER,3935,SELL,,3
655,ADD_ORDER,3936,SELL,100.12,1
656,ADD_ORDER,3937,BUY,100.10,1
656,CANCEL_ORDER,3524,,,
656,ADD_ORDER,3938,BUY,100.16,1
656,ADD_ORDER,3939,BUY,100.14,4
656,MARKET_ORDER,3940,BUY,,3
656,ADD_ORDER,3941,BUY,100.10,1
656,CANCEL_ORDER,835,,,
656,MARKET_ORDER,3942,SELL,,4
657,ADD_ORDER,3943,SELL,100.10,5
657,ADD_ORDER,3944,BUY,100.11,5
657,ADD_ORDER,3945,BUY,100.09,2
657,CANCEL_ORDER,1636,,,
657,ADD_ORDER,3946,SELL,100.12,3
657,CANCEL_ORDER,3112,,,
657,ADD_ORDER,3947,BUY,100.13,1
657,ADD_ORDER,3948,SELL,100.13,4
658,CANCEL_ORDER,3753,,,
658,ADD_ORDER,3949,SELL,100.09,2
658,ADD_ORDER,3950,SELL,100.14,4
658,ADD_ORDER,3951,BUY,100.11,3
658,ADD_ORDER,3952,SELL,100.09,2
658,ADD_ORDER,3953,SELL,100.11,1
658,MARKET_ORDER,3954,SELL,,1
659,ADD_ORDER,3955,BUY,100.09,2
659,ADD_ORDER,3956,SELL,100.08,3
659,ADD_ORDER,3957,SELL,100.09,5
659,CANCEL_ORDER,3530,,,
659,ADD_ORDER,3958,BUY,100.08,1
659,ADD_ORDER,3959,SELL,100.11,4
659,ADD_ORDER,3960,BUY,100.10,5
660,ADD_ORDER,3961,BUY,100.10,3
660,ADD_ORDER,3962,BUY,100.08,3
660,CANCEL_ORDER,3785,,,
660,ADD_ORDER,3963,SELL,100.10,3
660,ADD_ORDER,3964,SELL,100.09,4
660,ADD_ORDER,3965,BUY,100.07,1
660,ADD_ORDER,3966,BUY,100.10,4
661,ADD_ORDER,3967,SELL,100.18,3
661,ADD_ORDER,3968,BUY,100.08,5
661,ADD_ORDER,3969,SELL,100.09,5
661,ADD_ORDER,3970,SELL,100.08,3
661,ADD_ORDER,3971,BUY,100.10,2
661,ADD_ORDER,3972,SELL,100.08,5
662,ADD_ORDER,3973,BUY,100.15,4
662,CANCEL_ORDER,2181,,,
662,ADD_ORDER,3974,SELL,100.15,1
662,ADD_ORDER,3975,BUY,100.12,2
662,CANCEL_ORDER,2049,,,
662,MARKET_ORDER,3976,SELL,,1
662,CANCEL_ORDER,98,,,
662,ADD_ORDER,3977,SELL,100.14,3
662,ADD_ORDER,3978,BUY,100.13,2
663,ADD_ORDER,3979,BUY,100.21,1
663,ADD_ORDER,3980,BUY,100.21,4
663,CANCEL_ORDER,1275,,,
663,ADD_ORDER,3981,BUY,100.23,2
663,ADD_ORDER,3982,BUY,100.17,3
663,ADD_ORDER,3983,BUY,100.16,5
663,ADD_ORDER,3984,SELL,100.14,1
664,ADD_ORDER,3985,BUY,100.13,5
664,ADD_ORDER,3986,SELL,100.15,2
664,CANCEL_ORDER,808,,,
664,ADD_ORDER,3987,SELL,100.12,3
664,ADD_ORDER,3988,BUY,100.16,4
664,ADD_ORDER,3989,SELL,100.16,3
664,ADD_ORDER,3990,BUY,100.12,3
665,ADD_ORDER,3991,SELL,100.15,2
665,MARKET_ORDER,3992,BUY,,1
665,ADD_ORDER,3993,SELL,100.14,5
665,ADD_ORDER,3994,SELL,100.14,4
665,ADD_ORDER,3995,SELL,100.16,1
665,ADD_ORDER,3996,SELL,100.15,3
666,CANCEL_ORDER,3136,,,
666,ADD_ORDER,3997,BUY,100.13,3
666,ADD_ORDER,3998,SELL,100.17,5
666,ADD_ORDER,3999,BUY,100.13,2
666,CANCEL_ORDER,2127,,,
666,ADD_ORDER,4000,BUY,100.14,5
666,ADD_ORDER,4001,SELL,100.14,2
666,ADD_ORDER,4002,SELL,100.17,3
667,ADD_ORDER,4003,SELL,100.11,3
667,MARKET_ORDER,4004,BUY,,5
667,ADD_ORDER,4005,SELL,100.10,5
667,MARKET_ORDER,4006,BUY,,2
667,ADD_ORDER,4007,BUY,100.13,2
667,ADD_ORDER,4008,BUY,100.10,2
668,MARKET_ORDER,4009,SELL,,4
668,CANCEL_ORDER,1952,,,
668,ADD_ORDER,4010,SELL,100.11,5
668,ADD_ORDER,4011,BUY,100.15,4
668,CANCEL_ORDER,488,,,
668,ADD_ORDER,4012,BUY,100.07,5
668,MARKET_ORDER,4013,SELL,,4
668,ADD_ORDER,4014,BUY,100.11,1
669,CANCEL_ORDER,2151,,,
669,ADD_ORDER,4015,SELL,100.06,4
669,CANCEL_ORDER,3748,,,
669,ADD_ORDER,4016,SELL,100.06,1
669,ADD_ORDER,4017,BUY,100.08,1
669,ADD_ORDER,4018,BUY,100.07,1
669,CANCEL_ORDER,1613,,,
669,ADD_ORDER,4019,BUY,100.16,5
669,ADD_ORDER,4020,BUY,100.08,3
670,ADD_ORDER,4021,SELL,100.08,3
670,ADD_ORDER,4022,SELL,100.09,4
670,ADD_ORDER,4023,BUY,100.10,1
670,ADD_ORDER,4024,BUY,100.08,4
670,CANCEL_ORDER,3445,,,
670,ADD_ORDER,4025,SELL,100.13,5
670,ADD_ORDER,4026,SELL,100.09,3
671,ADD_ORDER,4027,BUY,100.07,2
671,ADD_ORDER,4028,SELL,100.06,4
671,ADD_ORDER,4029,BUY,100.10,4
671,ADD_ORDER,4030,SELL,100.08,4
671,CANCEL_ORDER,3730,,,
671,ADD_ORDER,4031,BUY,100.10,4
671,ADD_ORDER,4032,BUY,100.06,4
672,ADD_ORDER,4033,BUY,100.07,5
672,ADD_ORDER,4034,BUY,100.08,3
672,ADD_ORDER,4035,BUY,100.07,1
672,ADD_ORDER,4036,BUY,100.12,5
672,ADD_ORDER,4037,SELL,100.13,3
672,ADD_ORDER,4038,SELL,100.07,4
673,ADD_ORDER,4039,BUY,100.07,4
673,ADD_ORDER,4040,BUY,100.07,4
673,CANCEL_ORDER,1299,,,
673,ADD_ORDER,4041,BUY,100.13,3
673,CANCEL_ORDER,2645,,,
673,ADD_ORDER,4042,BUY,100.07,2
673,MARKET_ORDER,4043,SELL,,1
673,ADD_ORDER,4044,SELL,100.08,4
674,ADD_ORDER,4045,SELL,100.09,5
674,ADD_ORDER,4046,BUY,100.12,2
674,MARKET_ORDER,4047,SELL,,3
674,ADD_ORDER,4048,BUY,100.12,2
674,ADD_ORDER,4049,BUY,100.08,4
674,CANCEL_ORDER,521,,,
674,ADD_ORDER,4050,BUY,100.08,4
675,MARKET_ORDER,4051,SELL,,3
675,ADD_ORDER,4052,SELL,100.07,4
675,ADD_ORDER,4053,SELL,100.10,2
675,CANCEL_ORDER,3970,,,
675,ADD_ORDER,4054,SELL,100.08,3
675,ADD_ORDER,4055,BUY,100.10,1
675,MARKET_ORDER,4056,SELL,,3
676,ADD_ORDER,4057,SELL,100.06,1
676,CANCEL_ORDER,1800,,,
676,ADD_ORDER,4058,BUY,100.09,4
676,ADD_ORDER,4059,SELL,100.09,2
676,ADD_ORDER,4060,BUY,100.06,1
676,CANCEL_ORDER,2263,,,
676,ADD_ORDER,4061,BUY,100.09,2
676,MARKET_ORDER,4062,BUY,,4
677,ADD_ORDER,4063,BUY,100.12,5
677,ADD_ORDER,4064,SELL,100.12,5
677,ADD_ORDER,4065,SELL,100.11,3
677,CANCEL_ORDER,1731,,,
677,MARKET_ORDER,4066,BUY,,3
677,ADD_ORDER,4067,SELL,100.14,4
677,CANCEL_ORDER,1471,,,
677,ADD_ORDER,4068,SELL,100.09,4
678,ADD_ORDER,4069,BUY,100.07,2
678,ADD_ORDER,4070,BUY,100.07,5
678,ADD_ORDER,4071,BUY,100.07,5
678,ADD_ORDER,4072,SELL,100.09,3
678,MARKET_ORDER,4073,SELL,,4
678,CANCEL_ORDER,2425,,,
678,ADD_ORDER,4074,SELL,100.09,5
679,ADD_ORDER,4075,BUY,100.08,2
679,MARKET_ORDER,4076,BUY,,5
679,MARKET_ORDER,4077,SELL,,3
679,ADD_ORDER,4078,SELL,100.11,3
679,ADD_ORDER,4079,BUY,100.10,2
679,CANCEL_ORDER,3873,,,
679,MARKET_ORDER,4080,BUY,,3
680,ADD_ORDER,4081,BUY,100.13,2
680,CANCEL_ORDER,1880,,,
680,ADD_ORDER,4082,BUY,100.11,2
680,ADD_ORDER,4083,BUY,100.09,4
680,MARKET_ORDER,4084,SELL,,2
680,CANCEL_ORDER,2302,,,
680,ADD_ORDER,4085,SELL,100.08,1
680,ADD_ORDER,4086,BUY,100.08,3
681,MARKET_ORDER,4087,BUY,,4
681,ADD_ORDER,4088,SELL,100.07,1
681,ADD_ORDER,4089,SELL,100.04,5
681,MARKET_ORDER,4090,SELL,,5
681,CANCEL_ORDER,4016,,,
681,ADD_ORDER,4091,BUY,100.06,4
681,CANCEL_ORDER,2278,,,
681,ADD_ORDER,4092,SELL,100.05,4
682,MARKET_ORDER,4093,SELL,,1
682,CANCEL_ORDER,1695,,,
682,ADD_ORDER,4094,BUY,100.09,2
682,ADD_ORDER,4095,SELL,100.06,3
682,ADD_ORDER,4096,BUY,100.07,4
682,MARKET_ORDER,4097,BUY,,2
682,ADD_ORDER,4098,BUY,100.07,4
683,ADD_ORDER,4099,BUY,100.07,2
683,ADD_ORDER,4100,BUY,100.05,4
683,MARKET_ORDER,4101,SELL,,2
683,MARKET_ORDER,4102,BUY,,2
683,ADD_ORDER,4103,BUY,100.07,1
683,CANCEL_ORDER,1849,,,
683,ADD_ORDER,4104,SELL,100.06,2
684,CANCEL_ORDER,2571,,,
684,ADD_ORDER,4105,SELL,100.05,5
684,ADD_ORDER,4106,SELL,100.04,1
684,ADD_ORDER,4107,SELL,100.08,2
684,CANCEL_ORDER,2820,,,
684,MARKET_ORDER,4108,BUY,,5
684,ADD_ORDER,4109,SELL,100.06,1
684,ADD_ORDER,4110,SELL,100.12,1
685,ADD_ORDER,4111,BUY,100.09,3
685,CANCEL_ORDER,646,,,
685,ADD_ORDER,4112,SELL,100.07,2
685,MARKET_ORDER,4113,SELL,,3
685,CANCEL_ORDER,3900,,,
685,ADD_ORDER,4114,SELL,100.10,1
685,ADD_ORDER,4115,SELL,100.10,4
685,CANCEL_ORDER,1857,,,
685,ADD_ORDER,4116,BUY,100.10,1
686,ADD_ORDER,4117,BUY,100.11,3
686,CANCEL_ORDER,3668,,,
686,ADD_ORDER,4118,SELL,100.10,5
686,ADD_ORDER,4119,BUY,100.10,3
686,MARKET_ORDER,4120,BUY,,2
686,MARKET_ORDER,4121,SELL,,3
686,ADD_ORDER,4122,SELL,100.12,5
687,ADD_ORDER,4123,SELL,100.07,2
687,ADD_ORDER,4124,SELL,100.15,1
687,CANCEL_ORDER,4045,,,
687,ADD_ORDER,4125,SELL,100.08,1
687,ADD_ORDER,4126,SELL,100.09,2
687,ADD_ORDER,4127,BUY,100.07,1
687,ADD_ORDER,4128,BUY,100.08,4
688,ADD_ORDER,4129,SELL,100.08,2
688,ADD_ORDER,4130,BUY,100.08,3
688,MARKET_ORDER,4131,SELL,,4
688,ADD_ORDER,4132,BUY,100.08,5
688,ADD_ORDER,4133,SELL,100.05,1
688,ADD_ORDER,4134,BUY,100.04,2
689,CANCEL_ORDER,1949,,,
689,ADD_ORDER,4135,BUY,100.05,1
689,ADD_ORDER,4136,SELL,100.06,2
689,ADD_ORDER,4137,SELL,100.06,1
689,ADD_ORDER,4138,BUY,100.12,2
689,ADD_ORDER,4139,SELL,100.04,1
689,ADD_ORDER,4140,BUY,100.07,2
690,ADD_ORDER,4141,BUY,100.07,4
690,CANCEL_ORDER,1749,,,
690,ADD_ORDER,4142,SELL,100.06,4
690,ADD_ORDER,4143,BUY,100.12,1
690,ADD_ORDER,4144,BUY,100.06,3
690,ADD_ORDER,4145,BUY,100.05,3
690,ADD_ORDER,4146,BUY,100.07,1
691,ADD_ORDER,4147,SELL,100.13,2
691,ADD_ORDER,4148,BUY,100.04,1
691,MARKET_ORDER,4149,BUY,,3
691,MARKET_ORDER,4150,SELL,,1
691,ADD_ORDER,4151,BUY,100.05,2
691,ADD_ORDER,4152,BUY,100.04,3
692,ADD_ORDER,4153,BUY,100.07,3
692,ADD_ORDER,4154,SELL,100.04,4
692,ADD_ORDER,4155,SELL,100.07,3
692,ADD_ORDER,4156,SELL,100.05,2
692,ADD_ORDER,4157,SELL,100.03,5
692,ADD_ORDER,4158,SELL,100.03,3
693,ADD_ORDER,4159,SELL,100.03,3
693,ADD_ORDER,4160,BUY,100.07,1
693,ADD_ORDER,4161,SELL,99.99,4
693,ADD_ORDER,4162,BUY,100.02,3
693,ADD_ORDER,4163,SELL,100.00,5
693,ADD_ORDER,4164,BUY,99.99,4
694,ADD_ORDER,4165,BUY,99.97,4
694,ADD_ORDER,4166,BUY,99.99,5
694,ADD_ORDER,4167,BUY,99.98,1
694,ADD_ORDER,4168,BUY,99.97,5
694,CANCEL_ORDER,1554,,,
694,ADD_ORDER,4169,BUY,99.97,3
694,ADD_ORDER,4170,SELL,99.98,4
695,ADD_ORDER,4171,BUY,100.04,5
695,ADD_ORDER,4172,SELL,100.02,1
695,CANCEL_ORDER,2027,,,
695,ADD_ORDER,4173,BUY,99.99,4
695,ADD_ORDER,4174,BUY,100.00,1
695,ADD_ORDER,4175,BUY,99.98,5
695,ADD_ORDER,4176,BUY,99.98,1
696,CANCEL_ORDER,40,,,
696,ADD_ORDER,4177,BUY,99.95,4
696,ADD_ORDER,4178,BUY,99.97,5
696,ADD_ORDER,4179,BUY,99.94,3
696,CANCEL_ORDER,2391,,,
696,ADD_ORDER,4180,SELL,99.96,3
696,ADD_ORDER,4181,SELL,99.96,4
696,ADD_ORDER,4182,SELL,99.94,3
697,CANCEL_ORDER,762,,,
697,ADD_ORDER,4183,BUY,99.94,5
697,ADD_ORDER,4184,SELL,99.94,3
697,ADD_ORDER,4185,SELL,100.00,1
697,ADD_ORDER,4186,BUY,99.94,4
697,CANCEL_ORDER,1323,,,
697,ADD_ORDER,4187,BUY,99.97,1
697,ADD_ORDER,4188,BUY,99.96,5
698,ADD_ORDER,4189,BUY,99.91,2
698,ADD_ORDER,4190,BUY,99.93,3
698,ADD_ORDER,4191,SELL,99.93,3
698,ADD_ORDER,4192,BUY,99.94,4
698,CANCEL_ORDER,843,,,
698,ADD_ORDER,4193,BUY,99.91,2
698,CANCEL_ORDER,1215,,,
698,ADD_ORDER,4194,BUY,99.93,3
699,ADD_ORDER,4195,SELL,99.94,1
699,ADD_ORDER,4196,SELL,99.94,4
699,CANCEL_ORDER,1858,,,
699,ADD_ORDER,4197,BUY,99.93,2
699,ADD_ORDER,4198,SELL,99.93,4
699,ADD_ORDER,4199,SELL,99.96,2
699,ADD_ORDER,4200,BUY,99.92,3
700,MARKET_ORDER,4201,BUY,,4
700,MARKET_ORDER,4202,BUY,,3
700,ADD_ORDER,4203,BUY,99.93,5
700,MARKET_ORDER,4204,BUY,,1
700,ADD_ORDER,4205,BUY,100.02,3
700,ADD_ORDER,4206,SELL,99.95,2
701,ADD_ORDER,4207,BUY,100.03,3
701,CANCEL_ORDER,1667,,,
701,ADD_ORDER,4208,BUY,99.94,2
701,ADD_ORDER,4209,BUY,99.95,4
701,ADD_ORDER,4210,SELL,99.97,3
701,CANCEL_ORDER,906,,,
701,ADD_ORDER,4211,SELL,99.94,3
701,ADD_ORDER,4212,SELL,99.97,5
702,ADD_ORDER,4213,SELL,99.93,1
702,ADD_ORDER,4214,BUY,99.96,2
702,MARKET_ORDER,4215,BUY,,3
702,ADD_ORDER,4216,BUY,100.00,2
702,ADD_ORDER,4217,BUY,99.96,1
702,ADD_ORDER,4218,SELL,99.93,4
703,ADD_ORDER,4219,BUY,99.93,5
703,ADD_ORDER,4220,BUY,99.90,2
703,ADD_ORDER,4221,SELL,99.93,3
703,MARKET_ORDER,4222,SELL,,4
703,ADD_ORDER,4223,BUY,99.93,4
703,ADD_ORDER,4224,BUY,99.89,1
704,ADD_ORDER,4225,BUY,99.95,4
704,CANCEL_ORDER,3981,,,
704,MARKET_ORDER,4226,SELL,,2
704,ADD_ORDER,4227,BUY,99.90,3
704,ADD_ORDER,4228,BUY,99.91,3
704,ADD_ORDER,4229,SELL,99.88,4
704,MARKET_ORDER,4230,SELL,,3
705,CANCEL_ORDER,4214,,,
705,MARKET_ORDER,4231,BUY,,3
705,MARKET_ORDER,4232,BUY,,1
705,ADD_ORDER,4233,SELL,99.92,3
705,ADD_ORDER,4234,BUY,99.99,5
705,MARKET_ORDER,4235,SELL,,3
705,CANCEL_ORDER,2005,,,
705,ADD_ORDER,4236,BUY,99.94,5
706,CANCEL_ORDER,2758,,,
706,ADD_ORDER,4237,SELL,100.01,2
706,ADD_ORDER,4238,BUY,99.95,3
706,MARKET_ORDER,4239,SELL,,5
706,ADD_ORDER,4240,BUY,99.94,2
706,ADD_ORDER,4241,SELL,99.94,1
706,ADD_ORDER,4242,BUY,99.96,4
707,ADD_ORDER,4243,SELL,99.94,2
707,CANCEL_ORDER,3119,,,
707,ADD_ORDER,4244,BUY,99.94,5
707,ADD_ORDER,4245,BUY,99.96,3
707,ADD_ORDER,4246,BUY,99.94,1
707,CANCEL_ORDER,1380,,,
707,ADD_ORDER,4247,BUY,99.95,5
707,CANCEL_ORDER,2066,,,
707,ADD_ORDER,4248,SELL,99.96,3
708,CANCEL_ORDER,3129,,,
708,ADD_ORDER,4249,BUY,99.94,1
708,MARKET_ORDER,4250,BUY,,3
708,ADD_ORDER,4251,BUY,99.98,3
708,ADD_ORDER,4252,SELL,100.01,3
708,ADD_ORDER,4253,SELL,99.98,3
708,CANCEL_ORDER,3812,,,
708,ADD_ORDER,4254,SELL,100.04,1
709,ADD_ORDER,4255,SELL,99.93,1
709,ADD_ORDER,4256,BUY,99.92,1
709,ADD_ORDER,4257,SELL,99.91,3
709,ADD_ORDER,4258,SELL,99.92,3
709,ADD_ORDER,4259,BUY,99.93,5
709,CANCEL_ORDER,197,,,
709,ADD_ORDER,4260,SELL,99.92,5
710,MARKET_ORDER,4261,BUY,,4
710,CANCEL_ORDER,1274,,,
710,ADD_ORDER,4262,BUY,99.90,4
710,CANCEL_ORDER,3360,,,
710,ADD_ORDER,4263,SELL,99.91,1
710,ADD_ORDER,4264,BUY,99.94,4
710,ADD_ORDER,4265,SELL,99.93,2
710,ADD_ORDER,4266,SELL,99.92,5
711,CANCEL_ORDER,1633,,,
711,ADD_ORDER,4267,BUY,99.99,1
711,ADD_ORDER,4268,SELL,99.95,5
711,ADD_ORDER,4269,BUY,99.94,5
711,ADD_ORDER,4270,BUY,100.01,3
711,ADD_ORDER,4271,BUY,99.96,2
711,ADD_ORDER,4272,BUY,99.92,2
712,ADD_ORDER,4273,SELL,100.03,5
712,CANCEL_ORDER,2958,,,
712,MARKET_ORDER,4274,SELL,,2
712,ADD_ORDER,4275,SELL,99.96,4
712,ADD_ORDER,4276,BUY,100.03,2
712,ADD_ORDER,4277,SELL,99.96,1
712,CANCEL_ORDER,796,,,
712,ADD_ORDER,4278,SELL,99.93,4
713,ADD_ORDER,4279,SELL,99.96,3
713,ADD_ORDER,4280,BUY,99.96,5
713,CANCEL_ORDER,856,,,
713,MARKET_ORDER,4281,BUY,,4
713,ADD_ORDER,4282,SELL,100.04,3
713,ADD_ORDER,4283,BUY,99.98,2
713,ADD_ORDER,4284,SELL,99.98,5
714,CANCEL_ORDER,3240,,,
714,ADD_ORDER,4285,BUY,99.97,5
714,ADD_ORDER,4286,SELL,99.98,1
714,MARKET_ORDER,4287,SELL,,3
714,ADD_ORDER,4288,SELL,99.97,2
714,ADD_ORDER,4289,SELL,100.03,1
714,ADD_ORDER,4290,SELL,100.03,5
715,ADD_ORDER,4291,BUY,99.97,3
715,ADD_ORDER,4292,BUY,99.97,1
715,ADD_ORDER,4293,BUY,99.97,3
715,ADD_ORDER,4294,BUY,99.98,3
715,ADD_ORDER,4295,SELL,100.01,2
715,CANCEL_ORDER,3286,,,
715,ADD_ORDER,4296,SELL,99.97,1
716,CANCEL_ORDER,2923,,,
716,ADD_ORDER,4297,BUY,99.96,3
716,CANCEL_ORDER,1212,,,
716,ADD_ORDER,4298,BUY,100.04,1
716,ADD_ORDER,4299,BUY,100.00,1
716,CANCEL_ORDER,1165,,,
716,MARKET_ORDER,4300,SELL,,4
716,ADD_ORDER,4301,SELL,99.99,2
716,ADD_ORDER,4302,SELL,99.96,2
717,ADD_ORDER,4303,BUY,99.97,4
717,ADD_ORDER,4304,BUY,100.01,5
717,ADD_ORDER,4305,SELL,99.97,3
717,ADD_ORDER,4306,SELL,99.97,1
717,MARKET_ORDER,4307,BUY,,1
717,ADD_ORDER,4308,SELL,99.99,1
718,MARKET_ORDER,4309,SELL,,2
718,CANCEL_ORDER,1427,,,
718,ADD_ORDER,4310,BUY,99.96,4
718,ADD_ORDER,4311,SELL,99.98,5
718,ADD_ORDER,4312,BUY,99.99,4
718,ADD_ORDER,4313,BUY,99.96,2
718,CANCEL_ORDER,4081,,,
718,ADD_ORDER,4314,SELL,100.04,2
719,ADD_ORDER,4315,BUY,99.97,2
719,CANCEL_ORDER,3090,,,
719,ADD_ORDER,4316,SELL,99.95,3
719,ADD_ORDER,4317,BUY,99.95,4
719,ADD_ORDER,4318,BUY,99.94,1
719,ADD_ORDER,4319,BUY,99.94,4
719,ADD_ORDER,4320,BUY,99.93,5
720,ADD_ORDER,4321,SELL,99.91,5
720,CANCEL_ORDER,4306,,,
720,ADD_ORDER,4322,BUY,99.91,4
720,MARKET_ORDER,4323,BUY,,4
720,ADD_ORDER,4324,SELL,99.92,5
720,MARKET_ORDER,4325,BUY,,5
720,CANCEL_ORDER,2317,,,
720,ADD_ORDER,4326,BUY,99.91,5
721,CANCEL_ORDER,4139,,,
721,ADD_ORDER,4327,SELL,99.94,1
721,ADD_ORDER,4328,BUY,99.93,3
721,MARKET_ORDER,4329,SELL,,5
721,ADD_ORDER,4330,BUY,99.98,1
721,MARKET_ORDER,4331,SELL,,3
721,ADD_ORDER,4332,SELL,99.99,2
722,MARKET_ORDER,4333,SELL,,1
722,CANCEL_ORDER,4036,,,
722,ADD_ORDER,4334,SELL,99.90,5
722,MARKET_ORDER,4335,BUY,,2
722,ADD_ORDER,4336,SELL,99.88,2
722,ADD_ORDER,4337,SELL,99.88,2
722,ADD_ORDER,4338,BUY,99.92,5
723,CANCEL_ORDER,1670,,,
723,ADD_ORDER,4339,BUY,99.92,5
723,ADD_ORDER,4340,SELL,99.92,2
723,ADD_ORDER,4341,SELL,99.91,1
723,ADD_ORDER,4342,SELL,99.89,1
723,ADD_ORDER,4343,BUY,99.91,3
723,ADD_ORDER,4344,BUY,99.91,1
724,ADD_ORDER,4345,SELL,99.95,1
724,ADD_ORDER,4346,BUY,100.00,2
724,CANCEL_ORDER,1333,,,
724,ADD_ORDER,4347,SELL,99.92,5
724,ADD_ORDER,4348,BUY,99.98,1
724,ADD_ORDER,4349,BUY,99.92,4
724,MARKET_ORDER,4350,BUY,,4
725,MARKET_ORDER,4351,SELL,,4
725,ADD_ORDER,4352,SELL,99.95,4
725,MARKET_ORDER,4353,BUY,,4
725,ADD_ORDER,4354,BUY,99.96,1
725,ADD_ORDER,4355,BUY,99.93,5
725,ADD_ORDER,4356,BUY,99.95,3
726,CANCEL_ORDER,2629,,,
726,ADD_ORDER,4357,SELL,99.90,2
726,ADD_ORDER,4358,SELL,99.91,1
726,ADD_ORDER,4359,BUY,99.90,5
726,ADD_ORDER,4360,BUY,99.92,5
726,CANCEL_ORDER,3402,,,
726,MARKET_ORDER,4361,SELL,,2
726,ADD_ORDER,4362,SELL,99.94,5
727,MARKET_ORDER,4363,BUY,,4
727,ADD_ORDER,4364,BUY,99.91,3
727,ADD_ORDER,4365,BUY,99.98,4
727,ADD_ORDER,4366,BUY,99.90,1
727,ADD_ORDER,4367,SELL,99.90,5
727,ADD_ORDER,4368,SELL,99.93,1
728,ADD_ORDER,4369,SELL,99.88,1
728,ADD_ORDER,4370,SELL,99.89,2
728,ADD_ORDER,4371,SELL,99.96,1
728,ADD_ORDER,4372,BUY,99.97,5
728,ADD_ORDER,4373,SELL,99.88,5
728,MARKET_ORDER,4374,BUY,,1
729,ADD_ORDER,4375,SELL,99.95,1
729,ADD_ORDER,4376,BUY,99.88,2
729,ADD_ORDER,4377,SELL,99.89,4
729,MARKET_ORDER,4378,BUY,,3
729,ADD_ORDER,4379,SELL,99.90,2
729,CANCEL_ORDER,4103,,,
729,ADD_ORDER,4380,BUY,99.91,4
730,ADD_ORDER,4381,BUY,99.87,2
730,CANCEL_ORDER,1202,,,
730,ADD_ORDER,4382,BUY,99.88,4
730,ADD_ORDER,4383,BUY,99.86,3
730,CANCEL_ORDER,4368,,,
730,ADD_ORDER,4384,SELL,99.89,5
730,ADD_ORDER,4385,SELL,99.88,2
730,CANCEL_ORDER,2324,,,
730,ADD_ORDER,4386,SELL,99.85,4
731,ADD_ORDER,4387,BUY,99.89,4
731,MARKET_ORDER,4388,BUY,,5
731,ADD_ORDER,4389,BUY,99.90,2
731,ADD_ORDER,4390,SELL,99.89,3
731,MARKET_ORDER,4391,BUY,,4
731,CANCEL_ORDER,2895,,,
731,MARKET_ORDER,4392,SELL,,5
732,ADD_ORDER,4393,BUY,99.91,5
732,ADD_ORDER,4394,SELL,99.91,5
732,ADD_ORDER,4395,SELL,99.89,1
732,ADD_ORDER,4396,SELL,99.94,3
732,ADD_ORDER,4397,SELL,99.89,3
732,MARKET_ORDER,4398,BUY,,2
733,ADD_ORDER,4399,BUY,99.94,5
733,ADD_ORDER,4400,SELL,99.94,5
733,ADD_ORDER,4401,SELL,99.87,1
733,CANCEL_ORDER,1313,,,
733,ADD_ORDER,4402,BUY,99.88,2
733,CANCEL_ORDER,3022,,,
733,MARKET_ORDER,4403,BUY,,2
733,ADD_ORDER,4404,BUY,99.90,1
734,ADD_ORDER,4405,SELL,99.87,2
734,ADD_ORDER,4406,SELL,99.87,3
734,ADD_ORDER,4407,BUY,99.91,2
734,MARKET_ORDER,4408,SELL,,1
734,ADD_ORDER,4409,BUY,99.88,5
734,ADD_ORDER,4410,BUY,99.90,3
735,MARKET_ORDER,4411,BUY,,1
735,ADD_ORDER,4412,SELL,99.90,3
735,ADD_ORDER,4413,BUY,99.88,2
735,ADD_ORDER,4414,SELL,99.95,1
735,ADD_ORDER,4415,BUY,99.89,3
735,ADD_ORDER,4416,BUY,99.90,3
736,ADD_ORDER,4417,BUY,99.84,2
736,ADD_ORDER,4418,SELL,99.94,4
736,MARKET_ORDER,4419,BUY,,4
736,ADD_ORDER,4420,BUY,99.88,3
736,MARKET_ORDER,4421,BUY,,3
736,ADD_ORDER,4422,SELL,99.86,3
737,ADD_ORDER,4423,BUY,99.86,5
737,ADD_ORDER,4424,SELL,99.87,5
737,ADD_ORDER,4425,SELL,99.88,1
737,ADD_ORDER,4426,SELL,99.87,3
737,CANCEL_ORDER,566,,,
737,ADD_ORDER,4427,BUY,99.86,3
737,CANCEL_ORDER,2597,,,
737,ADD_ORDER,4428,BUY,99.85,4
738,MARKET_ORDER,4429,SELL,,3
738,ADD_ORDER,4430,BUY,99.88,1
738,ADD_ORDER,4431,SELL,99.86,4
738,ADD_ORDER,4432,BUY,99.90,5
738,CANCEL_ORDER,2495,,,
738,ADD_ORDER,4433,SELL,99.85,4
738,ADD_ORDER,4434,BUY,99.85,4
739,ADD_ORDER,4435,BUY,99.88,2
739,ADD_ORDER,4436,BUY,99.85,2
739,ADD_ORDER,4437,BUY,99.86,5
739,ADD_ORDER,4438,SELL,99.91,2
739,ADD_ORDER,4439,SELL,99.93,5
739,MARKET_ORDER,4440,BUY,,4
740,ADD_ORDER,4441,BUY,99.87,1
740,ADD_ORDER,4442,SELL,99.87,4
740,ADD_ORDER,4443,BUY,99.90,1
740,ADD_ORDER,4444,SELL,99.86,5
740,ADD_ORDER,4445,SELL,99.86,4
740,ADD_ORDER,4446,SELL,99.92,5
741,ADD_ORDER,4447,SELL,99.85,4
741,ADD_ORDER,4448,SELL,99.85,5
741,ADD_ORDER,4449,BUY,99.86,4
741,ADD_ORDER,4450,BUY,99.82,5
741,CANCEL_ORDER,2518,,,
741,ADD_ORDER,4451,SELL,99.84,1
741,ADD_ORDER,4452,SELL,99.85,3
742,ADD_ORDER,4453,SELL,99.90,1
742,CANCEL_ORDER,1310,,,
742,ADD_ORDER,4454,BUY,99.82,1
742,ADD_ORDER,4455,SELL,99.82,5
742,ADD_ORDER,4456,BUY,99.82,3
742,ADD_ORDER,4457,BUY,99.81,3
742,ADD_ORDER,4458,SELL,99.80,3
743,ADD_ORDER,4459,BUY,99.79,1
743,ADD_ORDER,4460,SELL,99.76,3
743,ADD_ORDER,4461,SELL,99.82,4
743,ADD_ORDER,4462,SELL,99.75,4
743,ADD_ORDER,4463,SELL,99.75,5
743,ADD_ORDER,4464,SELL,99.78,4
744,CANCEL_ORDER,1105,,,
744,ADD_ORDER,4465,BUY,99.79,4
744,ADD_ORDER,4466,SELL,99.77,1
744,ADD_ORDER,4467,BUY,99.79,4
744,CANCEL_ORDER,1385,,,
744,ADD_ORDER,4468,SELL,99.80,3
744,ADD_ORDER,4469,SELL,99.77,5
744,MARKET_ORDER,4470,SELL,,1
745,CANCEL_ORDER,1304,,,
745,ADD_ORDER,4471,SELL,99.88,3
745,ADD_ORDER,4472,SELL,99.80,5
745,ADD_ORDER,4473,BUY,99.80,2
745,ADD_ORDER,4474,SELL,99.82,3
745,MARKET_ORDER,4475,SELL,,5
745,ADD_ORDER,4476,SELL,99.79,3
746,ADD_ORDER,4477,SELL,99.83,4
746,ADD_ORDER,4478,SELL,99.80,5
746,MARKET_ORDER,4479,BUY,,4
746,ADD_ORDER,4480,BUY,99.80,5
746,ADD_ORDER,4481,BUY,99.80,1
746,ADD_ORDER,4482,BUY,99.88,3
747,MARKET_ORDER,4483,BUY,,1
747,ADD_ORDER,4484,BUY,99.77,4
747,ADD_ORDER,4485,BUY,99.85,1
747,CANCEL_ORDER,2635,,,
747,ADD_ORDER,4486,BUY,99.81,2
747,ADD_ORDER,4487,SELL,99.81,2
747,CANCEL_ORDER,2368,,,
747,ADD_ORDER,4488,SELL,99.85,1
748,ADD_ORDER,4489,SELL,99.82,4
748,ADD_ORDER,4490,BUY,99.82,3
748,ADD_ORDER,4491,SELL,99.80,5
748,ADD_ORDER,4492,SELL,99.90,5
748,ADD_ORDER,4493,BUY,99.82,1
748,ADD_ORDER,4494,SELL,99.82,4
749,ADD_ORDER,4495,SELL,99.80,1
749,ADD_ORDER,4496,SELL,99.82,3
749,ADD_ORDER,4497,SELL,99.80,5
749,ADD_ORDER,4498,BUY,99.79,4
749,CANCEL_ORDER,3392,,,
749,ADD_ORDER,4499,SELL,99.87,5
749,ADD_ORDER,4500,BUY,99.87,5
750,CANCEL_ORDER,769,,,
750,ADD_ORDER,4501,SELL,99.80,4
750,ADD_ORDER,4502,BUY,99.81,5
750,ADD_ORDER,4503,SELL,99.83,5
750,ADD_ORDER,4504,BUY,99.82,1
750,CANCEL_ORDER,4292,,,
750,ADD_ORDER,4505,BUY,99.82,4
750,MARKET_ORDER,4506,BUY,,3
751,CANCEL_ORDER,4481,,,
751,ADD_ORDER,4507,BUY,99.81,5
751,ADD_ORDER,4508,SELL,99.83,4
751,ADD_ORDER,4509,SELL,99.84,5
751,ADD_ORDER,4510,BUY,99.83,5
751,ADD_ORDER,4511,SELL,99.81,4
751,ADD_ORDER,4512,SELL,99.81,5
752,CANCEL_ORDER,3703,,,
752,ADD_ORDER,4513,BUY,99.77,2
752,ADD_ORDER,4514,BUY,99.81,2
752,ADD_ORDER,4515,BUY,99.79,4
752,ADD_ORDER,4516,BUY,99.80,5
752,ADD_ORDER,4517,BUY,99.80,3
752,ADD_ORDER,4518,SELL,99.77,5
753,MARKET_ORDER,4519,SELL,,4
753,CANCEL_ORDER,4265,,,
753,ADD_ORDER,4520,BUY,99.87,5
753,CANCEL_ORDER,2685,,,
753,ADD_ORDER,4521,BUY,99.77,2
753,MARKET_ORDER,4522,BUY,,4
753,MARKET_ORDER,4523,SELL,,4
753,ADD_ORDER,4524,BUY,99.81,2
754,ADD_ORDER,4525,BUY,99.78,2
754,ADD_ORDER,4526,BUY,99.79,1
754,ADD_ORDER,4527,SELL,99.81,3
754,ADD_ORDER,4528,BUY,99.82,2
754,CANCEL_ORDER,4415,,,
754,ADD_ORDER,4529,BUY,99.82,4
754,MARKET_ORDER,4530,SELL,,5
755,ADD_ORDER,4531,BUY,99.86,2
755,ADD_ORDER,4532,BUY,99.80,2
755,ADD_ORDER,4533,BUY,99.81,5
755,ADD_ORDER,4534,BUY,99.90,4
755,ADD_ORDER,4535,SELL,99.87,1
755,MARKET_ORDER,4536,SELL,,5
756,MARKET_ORDER,4537,BUY,,5
756,ADD_ORDER,4538,BUY,99.82,2
756,ADD_ORDER,4539,BUY,99.84,3
756,CANCEL_ORDER,4294,,,
756,ADD_ORDER,4540,SELL,99.84,1
756,ADD_ORDER,4541,SELL,99.90,5
756,ADD_ORDER,4542,SELL,99.81,5
757,ADD_ORDER,4543,BUY,99.85,2
757,ADD_ORDER,4544,SELL,99.87,3
757,CANCEL_ORDER,1727,,,
757,ADD_ORDER,4545,BUY,99.86,3
757,MARKET_ORDER,4546,BUY,,1
757,ADD_ORDER,4547,SELL,99.85,2
757,ADD_ORDER,4548,SELL,99.85,3
758,MARKET_ORDER,4549,SELL,,1
758,ADD_ORDER,4550,SELL,99.86,4
758,CANCEL_ORDER,2176,,,
758,MARKET_ORDER,4551,BUY,,2
758,ADD_ORDER,4552,SELL,99.86,5
758,CANCEL_ORDER,1503,,,
758,ADD_ORDER,4553,BUY,99.85,3
758,MARKET_ORDER,4554,SELL,,3
759,ADD_ORDER,4555,BUY,99.87,3
759,CANCEL_ORDER,851,,,
759,ADD_ORDER,4556,BUY,99.85,1
759,CANCEL_ORDER,1455,,,
759,ADD_ORDER,4557,SELL,99.86,4
759,CANCEL_ORDER,2307,,,
759,ADD_ORDER,4558,SELL,99.86,4
759,ADD_ORDER,4559,SELL,99.93,3
759,ADD_ORDER,4560,SELL,99.88,3
760,ADD_ORDER,4561,SELL,99.93,4
760,ADD_ORDER,4562,BUY,99.83,2
760,ADD_ORDER,4563,SELL,99.83,2
760,ADD_ORDER,4564,SELL,99.89,1
760,ADD_ORDER,4565,SELL,99.86,4
760,ADD_ORDER,4566,SELL,99.87,5
761,ADD_ORDER,4567,BUY,99.82,3
761,ADD_ORDER,4568,SELL,99.81,2
761,ADD_ORDER,4569,SELL,99.85,2
761,MARKET_ORDER,4570,BUY,,3
761,CANCEL_ORDER,340,,,
761,MARKET_ORDER,4571,BUY,,2
761,ADD_ORDER,4572,SELL,99.81,1
762,ADD_ORDER,4573,BUY,99.86,5
762,ADD_ORDER,4574,SELL,99.95,3
762,ADD_ORDER,4575,SELL,99.87,4
762,ADD_ORDER,4576,SELL,99.88,2
762,ADD_ORDER,4577,BUY,99.89,4
762,ADD_ORDER,4578,SELL,99.85,5
763,ADD_ORDER,4579,SELL,99.85,3
763,CANCEL_ORDER,3996,,,
763,ADD_ORDER,4580,SELL,99.88,1
763,ADD_ORDER,4581,BUY,99.89,1
763,ADD_ORDER,4582,SELL,99.87,3
763,MARKET_ORDER,4583,SELL,,3
763,CANCEL_ORDER,1860,,,
763,MARKET_ORDER,4584,BUY,,3
764,ADD_ORDER,4585,BUY,99.87,2
764,ADD_ORDER,4586,BUY,99.87,5
764,ADD_ORDER,4587,BUY,99.94,3
764,ADD_ORDER,4588,SELL,99.87,3
764,MARKET_ORDER,4589,BUY,,2
764,CANCEL_ORDER,4147,,,
764,ADD_ORDER,4590,SELL,99.87,5
765,CANCEL_ORDER,4371,,,
765,ADD_ORDER,4591,BUY,99.83,5
765,MARKET_ORDER,4592,SELL,,3
765,MARKET_ORDER,4593,BUY,,5
765,ADD_ORDER,4594,SELL,99.91,4
765,ADD_ORDER,4595,SELL,99.83,2
765,CANCEL_ORDER,1080,,,
765,ADD_ORDER,4596,BUY,99.85,2
766,ADD_ORDER,4597,BUY,99.84,5
766,ADD_ORDER,4598,SELL,99.92,5
766,ADD_ORDER,4599,SELL,99.89,3
766,CANCEL_ORDER,1895,,,
766,ADD_ORDER,4600,SELL,99.84,3
766,CANCEL_ORDER,3721,,,
766,ADD_ORDER,4601,SELL,99.90,1
766,ADD_ORDER,4602,SELL,99.84,5
767,ADD_ORDER,4603,SELL,99.82,1
767,ADD_ORDER,4604,SELL,99.89,4
767,ADD_ORDER,4605,BUY,99.85,4
767,ADD_ORDER,4606,BUY,99.83,5
767,MARKET_ORDER,4607,BUY,,2
767,ADD_ORDER,4608,BUY,99.82,2
768,MARKET_ORDER,4609,SELL,,1
768,ADD_ORDER,4610,SELL,99.84,1
768,ADD_ORDER,4611,BUY,99.89,5
768,ADD_ORDER,4612,BUY,99.82,4
768,CANCEL_ORDER,4327,,,
768,ADD_ORDER,4613,BUY,99.83,3
768,CANCEL_ORDER,2516,,,
768,ADD_ORDER,4614,SELL,99.80,2
769,ADD_ORDER,4615,SELL,99.83,4
769,ADD_ORDER,4616,SELL,99.82,1
769,CANCEL_ORDER,3621,,,
769,MARKET_ORDER,4617,SELL,,1
769,ADD_ORDER,4618,BUY,99.84,5
769,CANCEL_ORDER,1451,,,
769,ADD_ORDER,4619,BUY,99.83,1
769,ADD_ORDER,4620,BUY,99.81,1
770,MARKET_ORDER,4621,BUY,,1
770,MARKET_ORDER,4622,BUY,,5
770,MARKET_ORDER,4623,SELL,,1
770,CANCEL_ORDER,2234,,,
770,ADD_ORDER,4624,BUY,99.83,4
770,ADD_ORDER,4625,SELL,99.83,1
770,CANCEL_ORDER,2902,,,
770,ADD_ORDER,4626,BUY,99.83,4
771,ADD_ORDER,4627,BUY,99.78,3
771,ADD_ORDER,4628,BUY,99.78,1
771,MARKET_ORDER,4629,BUY,,1
771,ADD_ORDER,4630,BUY,99.79,4
771,ADD_ORDER,4631,SELL,99.78,4
771,ADD_ORDER,4632,SELL,99.79,4
772,MARKET_ORDER,4633,BUY,,5
772,ADD_ORDER,4634,BUY,99.84,2
772,MARKET_ORDER,4635,BUY,,1
772,ADD_ORDER,4636,BUY,99.85,4
772,ADD_ORDER,4637,BUY,99.82,3
772,CANCEL_ORDER,4433,,,
772,ADD_ORDER,4638,SELL,99.84,3
773,MARKET_ORDER,4639,BUY,,1
773,ADD_ORDER,4640,SELL,99.83,4
773,ADD_ORDER,4641,SELL,99.82,1
773,ADD_ORDER,4642,BUY,99.80,2
773,ADD_ORDER,4643,SELL,99.81,5
773,CANCEL_ORDER,4515,,,
773,ADD_ORDER,4644,SELL,99.83,2
774,ADD_ORDER,4645,BUY,99.83,5
774,MARKET_ORDER,4646,BUY,,1
774,ADD_ORDER,4647,BUY,99.83,5
774,CANCEL_ORDER,2052,,,
774,ADD_ORDER,4648,SELL,99.88,1
774,ADD_ORDER,4649,BUY,99.83,5
774,CANCEL_ORDER,4254,,,
774,ADD_ORDER,4650,SELL,99.81,5
775,MARKET_ORDER,4651,BUY,,5
775,ADD_ORDER,4652,BUY,99.87,5
775,ADD_ORDER,4653,BUY,99.86,4
775,ADD_ORDER,4654,BUY,99.78,5
775,MARKET_ORDER,4655,SELL,,1
775,MARKET_ORDER,4656,BUY,,3
776,ADD_ORDER,4657,SELL,99.79,5
776,MARKET_ORDER,4658,SELL,,1
776,ADD_ORDER,4659,SELL,99.82,4
776,ADD_ORDER,4660,SELL,99.75,4
776,CANCEL_ORDER,4564,,,
776,ADD_ORDER,4661,BUY,99.78,4
776,ADD_ORDER,4662,BUY,99.78,2
777,MARKET_ORDER,4663,SELL,,1
777,ADD_ORDER,4664,BUY,99.80,3
777,ADD_ORDER,4665,SELL,99.77,3
777,CANCEL_ORDER,3035,,,
777,ADD_ORDER,4666,SELL,99.78,1
777,ADD_ORDER,4667,SELL,99.74,2
777,ADD_ORDER,4668,SELL,99.74,5
778,CANCEL_ORDER,2152,,,
778,ADD_ORDER,4669,BUY,99.74,1
778,ADD_ORDER,4670,SELL,99.76,1
778,ADD_ORDER,4671,SELL,99.72,2
778,ADD_ORDER,4672,SELL,99.80,4
778,ADD_ORDER,4673,SELL,99.75,4
778,ADD_ORDER,4674,BUY,99.72,4
779,ADD_ORDER,4675,SELL,99.75,3
779,ADD_ORDER,4676,BUY,99.77,3
779,ADD_ORDER,4677,BUY,99.75,3
779,MARKET_ORDER,4678,SELL,,5
779,ADD_ORDER,4679,BUY,99.84,4
779,ADD_ORDER,4680,SELL,99.78,1
780,ADD_ORDER,4681,BUY,99.78,5
780,CANCEL_ORDER,3007,,,
780,MARKET_ORDER,4682,BUY,,3
780,ADD_ORDER,4683,SELL,99.79,2
780,ADD_ORDER,4684,BUY,99.75,4
780,ADD_ORDER,4685,BUY,99.77,1
780,CANCEL_ORDER,4489,,,
780,ADD_ORDER,4686,BUY,99.77,3
781,ADD_ORDER,4687,SELL,99.79,4
781,ADD_ORDER,4688,BUY,99.84,3
781,MARKET_ORDER,4689,BUY,,5
781,ADD_ORDER,4690,SELL,99.78,5
781,CANCEL_ORDER,4178,,,
781,MARKET_ORDER,4691,BUY,,5
781,ADD_ORDER,4692,BUY,99.79,4
782,MARKET_ORDER,4693,BUY,,2
782,CANCEL_ORDER,3993,,,
782,ADD_ORDER,4694,BUY,99.84,2
782,ADD_ORDER,4695,BUY,99.79,5
782,ADD_ORDER,4696,SELL,99.80,3
782,ADD_ORDER,4697,SELL,99.80,2
782,ADD_ORDER,4698,SELL,99.79,2
783,ADD_ORDER,4699,SELL,99.81,5
783,CANCEL_ORDER,2471,,,
783,ADD_ORDER,4700,SELL,99.83,2
783,ADD_ORDER,4701,SELL,99.82,4
783,ADD_ORDER,4702,SELL,99.81,1
783,CANCEL_ORDER,614,,,
783,ADD_ORDER,4703,SELL,99.85,2
783,ADD_ORDER,4704,SELL,99.83,5
784,ADD_ORDER,4705,SELL,99.88,5
784,ADD_ORDER,4706,SELL,99.86,5
784,ADD_ORDER,4707,BUY,99.90,3
784,ADD_ORDER,4708,BUY,99.86,5
784,CANCEL_ORDER,3858,,,
784,ADD_ORDER,4709,SELL,99.87,1
784,CANCEL_ORDER,3082,,,
784,ADD_ORDER,4710,SELL,99.86,1
785,CANCEL_ORDER,2191,,,
785,ADD_ORDER,4711,BUY,99.98,2
785,MARKET_ORDER,4712,BUY,,1
785,ADD_ORDER,4713,SELL,99.90,2
785,MARKET_ORDER,4714,BUY,,2
785,MARKET_ORDER,4715,SELL,,1
785,ADD_ORDER,4716,BUY,99.96,5
786,ADD_ORDER,4717,SELL,99.88,4
786,MARKET_ORDER,4718,BUY,,3
786,MARKET_ORDER,4719,BUY,,5
786,CANCEL_ORDER,4330,,,
786,ADD_ORDER,4720,BUY,99.91,1
786,ADD_ORDER,4721,BUY,99.88,2
786,CANCEL_ORDER,3211,,,
786,ADD_ORDER,4722,SELL,99.97,2
787,ADD_ORDER,4723,SELL,99.93,2
787,ADD_ORDER,4724,SELL,99.96,1
787,CANCEL_ORDER,4069,,,
787,ADD_ORDER,4725,BUY,100.00,5
787,ADD_ORDER,4726,BUY,99.94,2
787,ADD_ORDER,4727,SELL,99.93,3
787,CANCEL_ORDER,2498,,,
787,ADD_ORDER,4728,BUY,99.91,1
788,ADD_ORDER,4729,BUY,99.90,1
788,ADD_ORDER,4730,BUY,99.93,3
788,ADD_ORDER,4731,SELL,99.93,5
788,ADD_ORDER,4732,SELL,99.90,3
788,ADD_ORDER,4733,BUY,99.93,3
788,ADD_ORDER,4734,BUY,99.99,2
789,ADD_ORDER,4735,BUY,99.94,4
789,CANCEL_ORDER,4160,,,
789,ADD_ORDER,4736,SELL,99.92,4
789,MARKET_ORDER,4737,BUY,,5
789,ADD_ORDER,4738,SELL,99.94,4
789,ADD_ORDER,4739,BUY,99.91,5
789,ADD_ORDER,4740,SELL,99.92,2
790,ADD_ORDER,4741,SELL,99.93,4
790,ADD_ORDER,4742,SELL,99.93,3
790,ADD_ORDER,4743,BUY,99.94,2
790,CANCEL_ORDER,3322,,,
790,ADD_ORDER,4744,BUY,99.95,5
790,ADD_ORDER,4745,BUY,99.96,1
790,ADD_ORDER,4746,BUY,99.95,3
791,CANCEL_ORDER,692,,,
791,ADD_ORDER,4747,SELL,99.93,2
791,ADD_ORDER,4748,SELL,99.93,5
791,ADD_ORDER,4749,BUY,99.94,3
791,ADD_ORDER,4750,BUY,99.95,4
791,MARKET_ORDER,4751,SELL,,3
791,ADD_ORDER,4752,SELL,99.95,1
792,MARKET_ORDER,4753,SELL,,4
792,ADD_ORDER,4754,SELL,99.94,4
792,ADD_ORDER,4755,BUY,99.93,1
792,ADD_ORDER,4756,BUY,100.01,1
792,ADD_ORDER,4757,SELL,99.95,3
792,MARKET_ORDER,4758,SELL,,2
793,ADD_ORDER,4759,SELL,99.98,1
793,CANCEL_ORDER,4324,,,
793,ADD_ORDER,4760,SELL,99.97,3
793,ADD_ORDER,4761,SELL,100.01,5
793,ADD_ORDER,4762,SELL,99.97,3
793,CANCEL_ORDER,499,,,
793,ADD_ORDER,4763,BUY,99.95,4
793,CANCEL_ORDER,1906,,,
793,ADD_ORDER,4764,BUY,99.95,5
794,ADD_ORDER,4765,SELL,99.95,3
794,ADD_ORDER,4766,SELL,99.97,1
794,CANCEL_ORDER,1848,,,
794,ADD_ORDER,4767,SELL,99.97,2
794,ADD_ORDER,4768,SELL,99.99,5
794,ADD_ORDER,4769,BUY,99.96,1
794,ADD_ORDER,4770,BUY,99.99,1
795,ADD_ORDER,4771,SELL,100.02,5
795,MARKET_ORDER,4772,BUY,,1
795,ADD_ORDER,4773,BUY,99.96,3
795,ADD_ORDER,4774,BUY,99.95,5
795,ADD_ORDER,4775,SELL,99.96,4
795,CANCEL_ORDER,3653,,,
795,ADD_ORDER,4776,BUY,99.94,4
796,ADD_ORDER,4777,BUY,99.95,4
796,MARKET_ORDER,4778,BUY,,5
796,ADD_ORDER,4779,BUY,100.02,4
796,ADD_ORDER,4780,BUY,99.97,3
796,ADD_ORDER,4781,BUY,99.98,3
796,CANCEL_ORDER,4424,,,
796,ADD_ORDER,4782,BUY,99.95,3
797,ADD_ORDER,4783,BUY,99.99,5
797,CANCEL_ORDER,1024,,,
797,ADD_ORDER,4784,SELL,100.00,1
797,MARKET_ORDER,4785,BUY,,1
797,CANCEL_ORDER,1787,,,
797,ADD_ORDER,4786,BUY,100.01,4
797,MARKET_ORDER,4787,SELL,,3
797,ADD_ORDER,4788,BUY,100.07,2
798,CANCEL_ORDER,4565,,,
798,MARKET_ORDER,4789,SELL,,3
798,ADD_ORDER,4790,SELL,99.97,1
798,ADD_ORDER,4791,BUY,100.00,3
798,ADD_ORDER,4792,BUY,100.03,3
798,CANCEL_ORDER,459,,,
798,MARKET_ORDER,4793,BUY,,1
798,ADD_ORDER,4794,SELL,99.97,2
799,ADD_ORDER,4795,BUY,100.01,4
799,ADD_ORDER,4796,BUY,100.03,3
799,ADD_ORDER,4797,BUY,100.07,2
799,ADD_ORDER,4798,BUY,99.99,3
799,ADD_ORDER,4799,BUY,100.02,5
799,ADD_ORDER,4800,SELL,99.99,4
800,MARKET_ORDER,4801,BUY,,4
800,CANCEL_ORDER,4342,,,
800,ADD_ORDER,4802,BUY,99.96,2
800,ADD_ORDER,4803,SELL,99.96,3
800,CANCEL_ORDER,4575,,,
800,ADD_ORDER,4804,BUY,99.95,3
800,ADD_ORDER,4805,SELL,100.05,5
800,ADD_ORDER,4806,SELL,99.96,1
801,ADD_ORDER,4807,SELL,99.96,1
801,ADD_ORDER,4808,BUY,99.94,3
801,ADD_ORDER,4809,SELL,99.98,1
801,ADD_ORDER,4810,BUY,99.94,1
801,ADD_ORDER,4811,SELL,99.95,5
801,CANCEL_ORDER,2427,,,
801,ADD_ORDER,4812,SELL,99.98,1
802,ADD_ORDER,4813,BUY,99.95,2
802,ADD_ORDER,4814,BUY,99.99,4
802,CANCEL_ORDER,2184,,,
802,MARKET_ORDER,4815,BUY,,2
802,ADD_ORDER,4816,BUY,99.98,4
802,ADD_ORDER,4817,BUY,99.96,3
802,ADD_ORDER,4818,SELL,100.01,4
803,ADD_ORDER,4819,BUY,99.98,4
803,ADD_ORDER,4820,SELL,100.00,1
803,ADD_ORDER,4821,SELL,99.99,3
803,ADD_ORDER,4822,BUY,100.01,3
803,ADD_ORDER,4823,BUY,100.01,2
803,ADD_ORDER,4824,BUY,100.07,2
804,ADD_ORDER,4825,BUY,99.99,1
804,ADD_ORDER,4826,BUY,100.04,3
804,ADD_ORDER,4827,SELL,100.00,3
804,ADD_ORDER,4828,BUY,100.01,4
804,ADD_ORDER,4829,BUY,99.97,5
804,MARKET_ORDER,4830,BUY,,5
805,ADD_ORDER,4831,BUY,100.00,4
805,ADD_ORDER,4832,SELL,99.98,4
805,CANCEL_ORDER,4514,,,
805,ADD_ORDER,4833,SELL,100.01,4
805,MARKET_ORDER,4834,SELL,,3
805,ADD_ORDER,4835,SELL,100.02,1
805,ADD_ORDER,4836,BUY,100.00,5
806,ADD_ORDER,4837,BUY,99.98,5
806,ADD_ORDER,4838,SELL,99.96,5
806,ADD_ORDER,4839,BUY,99.97,1
806,ADD_ORDER,4840,BUY,99.97,5
806,CANCEL_ORDER,2983,,,
806,ADD_ORDER,4841,BUY,99.97,1
806,ADD_ORDER,4842,SELL,99.99,5
807,MARKET_ORDER,4843,BUY,,1
807,ADD_ORDER,4844,SELL,99.95,4
807,ADD_ORDER,4845,BUY,99.98,5
807,MARKET_ORDER,4846,SELL,,5
807,ADD_ORDER,4847,BUY,99.96,4
807,ADD_ORDER,4848,BUY,99.98,1
808,ADD_ORDER,4849,SELL,99.98,2
808,ADD_ORDER,4850,SELL,100.02,4
808,ADD_ORDER,4851,BUY,99.96,4
808,ADD_ORDER,4852,SELL,99.97,3
808,ADD_ORDER,4853,SELL,99.94,5
808,ADD_ORDER,4854,SELL,99.97,4
809,ADD_ORDER,4855,SELL,100.01,1
809,MARKET_ORDER,4856,BUY,,5
809,ADD_ORDER,4857,BUY,99.98,4
809,ADD_ORDER,4858,BUY,99.96,3
809,CANCEL_ORDER,4507,,,
809,MARKET_ORDER,4859,BUY,,1
809,ADD_ORDER,4860,SELL,99.97,1
810,ADD_ORDER,4861,SELL,99.97,4
810,ADD_ORDER,4862,BUY,100.05,2
810,ADD_ORDER,4863,BUY,99.97,5
810,ADD_ORDER,4864,SELL,99.95,1
810,CANCEL_ORDER,846,,,
810,ADD_ORDER,4865,SELL,99.98,3
810,ADD_ORDER,4866,SELL,99.98,1
811,ADD_ORDER,4867,SELL,99.93,1
811,ADD_ORDER,4868,BUY,99.96,1
811,ADD_ORDER,4869,SELL,99.92,2
811,ADD_ORDER,4870,SELL,99.98,3
811,CANCEL_ORDER,1393,,,
811,ADD_ORDER,4871,SELL,100.00,4
811,CANCEL_ORDER,4779,,,
811,ADD_ORDER,4872,SELL,99.95,4
812,ADD_ORDER,4873,BUY,99.94,1
812,ADD_ORDER,4874,SELL,99.94,4
812,ADD_ORDER,4875,SELL,99.92,2
812,ADD_ORDER,4876,BUY,99.97,2
812,ADD_ORDER,4877,SELL,99.91,1
812,ADD_ORDER,4878,BUY,99.98,4
813,ADD_ORDER,4879,SELL,99.93,1
813,CANCEL_ORDER,652,,,
813,ADD_ORDER,4880,BUY,99.98,5
813,ADD_ORDER,4881,SELL,99.91,1
813,MARKET_ORDER,4882,SELL,,1
813,MARKET_ORDER,4883,BUY,,2
813,ADD_ORDER,4884,SELL,99.92,5
814,ADD_ORDER,4885,BUY,99.90,3
814,MARKET_ORDER,4886,SELL,,5
814,ADD_ORDER,4887,SELL,99.90,5
814,ADD_ORDER,4888,BUY,99.91,5
814,CANCEL_ORDER,693,,,
814,ADD_ORDER,4889,SELL,99.92,3
814,CANCEL_ORDER,2243,,,
814,ADD_ORDER,4890,SELL,99.96,4
815,CANCEL_ORDER,1190,,,
815,ADD_ORDER,4891,SELL,99.92,2
815,ADD_ORDER,4892,BUY,99.92,3
815,ADD_ORDER,4893,SELL,99.99,5
815,ADD_ORDER,4894,SELL,99.96,4
815,ADD_ORDER,4895,SELL,99.93,2
815,ADD_ORDER,4896,BUY,99.90,1
816,ADD_ORDER,4897,BUY,99.90,4
816,CANCEL_ORDER,2887,,,
816,ADD_ORDER,4898,BUY,99.89,5
816,ADD_ORDER,4899,BUY,99.90,3
816,ADD_ORDER,4900,SELL,99.90,3
816,MARKET_ORDER,4901,SELL,,4
816,ADD_ORDER,4902,BUY,99.88,4
817,ADD_ORDER,4903,SELL,99.90,2
817,ADD_ORDER,4904,BUY,99.90,4
817,ADD_ORDER,4905,SELL,99.89,1
817,ADD_ORDER,4906,BUY,99.87,4
817,ADD_ORDER,4907,BUY,99.88,1
817,CANCEL_ORDER,3276,,,
817,ADD_ORDER,4908,BUY,99.91,5
818,ADD_ORDER,4909,SELL,99.90,1
818,ADD_ORDER,4910,SELL,99.88,1
818,ADD_ORDER,4911,SELL,99.90,5
818,ADD_ORDER,4912,SELL,99.87,4
818,ADD_ORDER,4913,SELL,99.87,2
818,ADD_ORDER,4914,SELL,99.88,1
819,ADD_ORDER,4915,SELL,99.87,2
819,ADD_ORDER,4916,SELL,99.89,4
819,MARKET_ORDER,4917,SELL,,2
819,CANCEL_ORDER,333,,,
819,ADD_ORDER,4918,BUY,99.90,5
819,ADD_ORDER,4919,BUY,99.87,5
819,CANCEL_ORDER,3540,,,
819,ADD_ORDER,4920,BUY,99.91,3
820,CANCEL_ORDER,2419,,,
820,ADD_ORDER,4921,SELL,99.90,2
820,ADD_ORDER,4922,BUY,99.92,3
820,ADD_ORDER,4923,BUY,99.97,1
820,ADD_ORDER,4924,SELL,99.89,3
820,ADD_ORDER,4925,SELL,99.93,5
820,ADD_ORDER,4926,SELL,99.90,3
821,ADD_ORDER,4927,SELL,99.90,5
821,ADD_ORDER,4928,SELL,99.90,1
821,ADD_ORDER,4929,SELL,99.89,4
821,CANCEL_ORDER,4558,,,
821,ADD_ORDER,4930,BUY,99.92,2
821,ADD_ORDER,4931,SELL,99.98,4
821,ADD_ORDER,4932,BUY,99.90,2
822,CANCEL_ORDER,4008,,,
822,ADD_ORDER,4933,BUY,100.00,1
822,MARKET_ORDER,4934,BUY,,1
822,ADD_ORDER,4935,SELL,99.99,3
822,ADD_ORDER,4936,BUY,99.95,2
822,ADD_ORDER,4937,SELL,100.01,2
822,ADD_ORDER,4938,SELL,99.92,2
823,CANCEL_ORDER,662,,,
823,ADD_ORDER,4939,BUY,99.91,5
823,ADD_ORDER,4940,SELL,99.97,2
823,ADD_ORDER,4941,SELL,99.98,2
823,ADD_ORDER,4942,SELL,99.94,3
823,ADD_ORDER,4943,BUY,100.00,3
823,ADD_ORDER,4944,BUY,99.94,3
824,CANCEL_ORDER,4431,,,
824,ADD_ORDER,4945,SELL,99.92,5
824,ADD_ORDER,4946,SELL,99.92,1
824,ADD_ORDER,4947,SELL,99.94,2
824,ADD_ORDER,4948,BUY,99.93,3
824,ADD_ORDER,4949,BUY,99.92,1
824,ADD_ORDER,4950,BUY,99.95,1
825,ADD_ORDER,4951,SELL,99.99,2
825,ADD_ORDER,4952,SELL,99.97,1
825,MARKET_ORDER,4953,SELL,,4
825,CANCEL_ORDER,3076,,,
825,ADD_ORDER,4954,BUY,99.97,1
825,CANCEL_ORDER,2189,,,
825,ADD_ORDER,4955,BUY,99.95,2
825,ADD_ORDER,4956,BUY,99.94,4
826,ADD_ORDER,4957,BUY,99.94,4
826,CANCEL_ORDER,3514,,,
826,ADD_ORDER,4958,BUY,99.97,3
826,ADD_ORDER,4959,SELL,99.99,5
826,CANCEL_ORDER,4851,,,
826,ADD_ORDER,4960,SELL,100.00,5
826,ADD_ORDER,4961,SELL,99.91,2
826,CANCEL_ORDER,825,,,
826,ADD_ORDER,4962,SELL,99.91,2
827,ADD_ORDER,4963,BUY,99.91,5
827,CANCEL_ORDER,4088,,,
827,ADD_ORDER,4964,SELL,99.94,5
827,CANCEL_ORDER,4159,,,
827,ADD_ORDER,4965,BUY,99.95,2
827,ADD_ORDER,4966,BUY,99.89,4
827,ADD_ORDER,4967,SELL,99.92,4
827,ADD_ORDER,4968,SELL,99.88,1
828,ADD_ORDER,4969,SELL,99.90,5
828,CANCEL_ORDER,4477,,,
828,ADD_ORDER,4970,BUY,99.88,5
828,MARKET_ORDER,4971,SELL,,4
828,ADD_ORDER,4972,SELL,99.91,3
828,ADD_ORDER,4973,SELL,99.90,5
828,ADD_ORDER,4974,SELL,99.91,4
829,CANCEL_ORDER,2689,,,
829,ADD_ORDER,4975,BUY,99.91,3
829,ADD_ORDER,4976,BUY,99.88,5
829,ADD_ORDER,4977,BUY,99.89,3
829,CANCEL_ORDER,4669,,,
829,MARKET_ORDER,4978,BUY,,4
829,ADD_ORDER,4979,SELL,99.90,4
829,CANCEL_ORDER,3451,,,
829,ADD_ORDER,4980,BUY,99.91,3
830,CANCEL_ORDER,4190,,,
830,ADD_ORDER,4981,SELL,99.89,5
830,ADD_ORDER,4982,SELL,99.91,5
830,MARKET_ORDER,4983,SELL,,3
830,MARKET_ORDER,4984,SELL,,3
830,CANCEL_ORDER,2475,,,
830,ADD_ORDER,4985,SELL,99.91,5
830,ADD_ORDER,4986,BUY,99.95,2
831,ADD_ORDER,4987,SELL,99.89,5
831,ADD_ORDER,4988,SELL,99.87,5
831,CANCEL_ORDER,2329,,,
831,MARKET_ORDER,4989,BUY,,5
831,ADD_ORDER,4990,BUY,99.90,5
831,ADD_ORDER,4991,SELL,99.87,3
831,ADD_ORDER,4992,SELL,99.87,2
832,ADD_ORDER,4993,SELL,99.87,2
832,ADD_ORDER,4994,BUY,99.89,4
832,CANCEL_ORDER,1121,,,
832,ADD_ORDER,4995,SELL,99.90,4
832,CANCEL_ORDER,622,,,
832,ADD_ORDER,4996,BUY,99.89,1
832,ADD_ORDER,4997,BUY,99.88,1
832,ADD_ORDER,4998,BUY,99.94,5
833,CANCEL_ORDER,3778,,,
833,MARKET_ORDER,4999,BUY,,4
833,ADD_ORDER,5000,BUY,99.91,3
833,ADD_ORDER,5001,SELL,99.88,4
833,MARKET_ORDER,5002,SELL,,5
833,MARKET_ORDER,5003,SELL,,3
833,ADD_ORDER,5004,BUY,99.90,5
834,ADD_ORDER,5005,BUY,99.91,4
834,ADD_ORDER,5006,SELL,99.96,1
834,ADD_ORDER,5007,SELL,99.91,1
834,ADD_ORDER,5008,SELL,99.98,4
834,CANCEL_ORDER,4367,,,
834,MARKET_ORDER,5009,SELL,,4
834,MARKET_ORDER,5010,SELL,,4
835,CANCEL_ORDER,4576,,,
835,ADD_ORDER,5011,BUY,99.89,4
835,MARKET_ORDER,5012,SELL,,3
835,ADD_ORDER,5013,BUY,99.89,3
835,CANCEL_ORDER,2813,,,
835,ADD_ORDER,5014,BUY,99.93,3
835,MARKET_ORDER,5015,BUY,,3
835,ADD_ORDER,5016,SELL,99.91,2
836,MARKET_ORDER,5017,SELL,,3
836,ADD_ORDER,5018,SELL,99.89,1
836,ADD_ORDER,5019,SELL,99.90,1
836,MARKET_ORDER,5020,BUY,,3
836,ADD_ORDER,5021,SELL,99.90,3
836,ADD_ORDER,5022,BUY,99.91,5
837,ADD_ORDER,5023,BUY,99.90,4
837,CANCEL_ORDER,3586,,,
837,ADD_ORDER,5024,SELL,99.91,2
837,ADD_ORDER,5025,SELL,99.98,3
837,ADD_ORDER,5026,BUY,99.93,1
837,MARKET_ORDER,5027,SELL,,5
837,ADD_ORDER,5028,SELL,99.89,5
838,CANCEL_ORDER,3684,,,
838,ADD_ORDER,5029,SELL,99.87,3
838,ADD_ORDER,5030,BUY,99.88,4
838,ADD_ORDER,5031,SELL,99.90,5
838,ADD_ORDER,5032,SELL,99.90,1
838,ADD_ORDER,5033,SELL,99.87,1
838,ADD_ORDER,5034,SELL,99.87,3
839,ADD_ORDER,5035,SELL,99.90,4
839,CANCEL_ORDER,3145,,,
839,ADD_ORDER,5036,SELL,99.92,5
839,ADD_ORDER,5037,BUY,99.90,4
839,ADD_ORDER,5038,SELL,99.90,2
839,ADD_ORDER,5039,BUY,99.98,2
839,ADD_ORDER,5040,BUY,99.90,5
840,ADD_ORDER,5041,BUY,99.92,1
840,ADD_ORDER,5042,BUY,99.98,2
840,ADD_ORDER,5043,SELL,99.92,3
840,ADD_ORDER,5044,BUY,99.89,4
840,ADD_ORDER,5045,BUY,99.90,2
840,ADD_ORDER,5046,BUY,99.91,5
841,ADD_ORDER,5047,BUY,99.92,4
841,ADD_ORDER,5048,SELL,99.89,1
841,ADD_ORDER,5049,BUY,99.89,5
841,ADD_ORDER,5050,SELL,99.97,4
841,ADD_ORDER,5051,SELL,99.96,3
841,CANCEL_ORDER,1916,,,
841,ADD_ORDER,5052,SELL,99.93,3
842,ADD_ORDER,5053,SELL,99.93,3
842,ADD_ORDER,5054,SELL,99.90,4
842,ADD_ORDER,5055,SELL,99.91,2
842,CANCEL_ORDER,2361,,,
842,ADD_ORDER,5056,BUY,99.90,4
842,ADD_ORDER,5057,SELL,99.93,1
842,ADD_ORDER,5058,SELL,100.00,2
843,ADD_ORDER,5059,SELL,99.92,5
843,ADD_ORDER,5060,BUY,99.93,2
843,ADD_ORDER,5061,BUY,100.02,2
843,MARKET_ORDER,5062,BUY,,1
843,MARKET_ORDER,5063,SELL,,2
843,ADD_ORDER,5064,SELL,99.93,5
844,ADD_ORDER,5065,SELL,99.91,5
844,ADD_ORDER,5066,SELL,99.94,1
844,ADD_ORDER,5067,BUY,99.91,2
844,CANCEL_ORDER,2627,,,
844,ADD_ORDER,5068,BUY,99.94,1
844,ADD_ORDER,5069,BUY,99.91,3
844,CANCEL_ORDER,3554,,,
844,ADD_ORDER,5070,SELL,99.91,4
845,ADD_ORDER,5071,BUY,99.92,1
845,MARKET_ORDER,5072,BUY,,3
845,ADD_ORDER,5073,SELL,99.93,3
845,ADD_ORDER,5074,BUY,99.94,4
845,ADD_ORDER,5075,BUY,99.95,1
845,ADD_ORDER,5076,SELL,99.95,3
846,CANCEL_ORDER,607,,,
846,MARKET_ORDER,5077,SELL,,3
846,ADD_ORDER,5078,BUY,99.92,4
846,ADD_ORDER,5079,SELL,99.92,3
846,ADD_ORDER,5080,BUY,99.91,2
846,CANCEL_ORDER,3612,,,
846,ADD_ORDER,5081,SELL,99.94,2
846,ADD_ORDER,5082,SELL,99.93,1
847,ADD_ORDER,5083,SELL,99.87,2
847,MARKET_ORDER,5084,BUY,,1
847,CANCEL_ORDER,1717,,,
847,ADD_ORDER,5085,SELL,99.87,5
847,ADD_ORDER,5086,SELL,99.90,3
847,CANCEL_ORDER,1533,,,
847,ADD_ORDER,5087,SELL,99.86,2
847,ADD_ORDER,5088,BUY,99.87,5
848,ADD_ORDER,5089,SELL,99.87,4
848,MARKET_ORDER,5090,BUY,,5
848,ADD_ORDER,5091,BUY,99.88,4
848,ADD_ORDER,5092,BUY,99.90,4
848,ADD_ORDER,5093,SELL,99.86,3
848,ADD_ORDER,5094,BUY,99.96,2
849,CANCEL_ORDER,4661,,,
849,MARKET_ORDER,5095,BUY,,3
849,ADD_ORDER,5096,BUY,99.86,2
849,ADD_ORDER,5097,SELL,99.89,4
849,ADD_ORDER,5098,BUY,99.89,1
849,ADD_ORDER,5099,SELL,99.86,2
849,ADD_ORDER,5100,BUY,99.93,5
850,MARKET_ORDER,5101,BUY,,3
850,ADD_ORDER,5102,SELL,99.92,5
850,CANCEL_ORDER,1222,,,
850,ADD_ORDER,5103,BUY,99.89,1
850,ADD_ORDER,5104,BUY,99.94,2
850,ADD_ORDER,5105,SELL,99.92,2
850,ADD_ORDER,5106,SELL,99.89,3
851,ADD_ORDER,5107,SELL,99.88,4
851,ADD_ORDER,5108,BUY,99.88,3
851,ADD_ORDER,5109,BUY,99.87,4
851,ADD_ORDER,5110,SELL,99.88,5
851,MARKET_ORDER,5111,BUY,,2
851,ADD_ORDER,5112,SELL,99.84,5
852,ADD_ORDER,5113,BUY,99.87,2
852,ADD_ORDER,5114,BUY,99.80,5
852,ADD_ORDER,5115,SELL,99.88,3
852,ADD_ORDER,5116,BUY,99.82,1
852,ADD_ORDER,5117,SELL,99.84,3
852,ADD_ORDER,5118,SELL,99.82,2
853,CANCEL_ORDER,3387,,,
853,ADD_ORDER,5119,BUY,99.85,4
853,CANCEL_ORDER,3020,,,
853,ADD_ORDER,5120,SELL,99.85,4
853,ADD_ORDER,5121,SELL,99.82,3
853,ADD_ORDER,5122,BUY,99.84,1
853,ADD_ORDER,5123,BUY,99.82,5
853,MARKET_ORDER,5124,BUY,,3
854,ADD_ORDER,5125,BUY,99.86,1
854,MARKET_ORDER,5126,BUY,,1
854,ADD_ORDER,5127,BUY,99.89,4
854,MARKET_ORDER,5128,SELL,,4
854,MARKET_ORDER,5129,BUY,,5
854,ADD_ORDER,5130,SELL,99.88,3
855,CANCEL_ORDER,2195,,,
855,MARKET_ORDER,5131,BUY,,4
855,ADD_ORDER,5132,BUY,99.93,2
855,ADD_ORDER,5133,SELL,99.91,2
855,ADD_ORDER,5134,SELL,99.89,1
855,CANCEL_ORDER,3770,,,
855,ADD_ORDER,5135,BUY,99.86,5
855,MARKET_ORDER,5136,SELL,,4
856,ADD_ORDER,5137,BUY,99.89,1
856,CANCEL_ORDER,3227,,,
856,ADD_ORDER,5138,BUY,99.86,1
856,MARKET_ORDER,5139,SELL,,1
856,MARKET_ORDER,5140,SELL,,5
856,ADD_ORDER,5141,BUY,99.94,1
856,ADD_ORDER,5142,BUY,99.88,4
857,ADD_ORDER,5143,SELL,99.96,1
857,CANCEL_ORDER,2236,,,
857,ADD_ORDER,5144,BUY,99.97,5
857,CANCEL_ORDER,2553,,,
857,ADD_ORDER,5145,SELL,99.90,3
857,CANCEL_ORDER,2527,,,
857,ADD_ORDER,5146,SELL,99.90,4
857,ADD_ORDER,5147,SELL,99.88,4
857,ADD_ORDER,5148,SELL,99.92,4
858,CANCEL_ORDER,4288,,,
858,ADD_ORDER,5149,BUY,99.94,5
858,ADD_ORDER,5150,BUY,99.92,1
858,ADD_ORDER,5151,BUY,99.92,4
858,ADD_ORDER,5152,BUY,99.90,5
858,MARKET_ORDER,5153,SELL,,4
858,CANCEL_ORDER,2697,,,
858,MARKET_ORDER,5154,BUY,,5
859,ADD_ORDER,5155,SELL,99.94,2
859,ADD_ORDER,5156,SELL,99.95,1
859,ADD_ORDER,5157,SELL,99.97,4
859,ADD_ORDER,5158,BUY,99.93,3
859,CANCEL_ORDER,2254,,,
859,ADD_ORDER,5159,BUY,99.95,2
859,CANCEL_ORDER,2465,,,
859,ADD_ORDER,5160,BUY,99.97,4
860,ADD_ORDER,5161,SELL,99.98,5
860,ADD_ORDER,5162,SELL,99.96,1
860,MARKET_ORDER,5163,BUY,,1
860,MARKET_ORDER,5164,SELL,,2
860,ADD_ORDER,5165,SELL,99.98,5
860,MARKET_ORDER,5166,BUY,,2
861,ADD_ORDER,5167,BUY,99.98,1
861,ADD_ORDER,5168,SELL,99.99,4
861,CANCEL_ORDER,1211,,,
861,MARKET_ORDER,5169,SELL,,1
861,ADD_ORDER,5170,BUY,100.05,2
861,ADD_ORDER,5171,BUY,99.99,3
861,ADD_ORDER,5172,SELL,100.03,2
862,MARKET_ORDER,5173,SELL,,5
862,ADD_ORDER,5174,BUY,99.93,4
862,CANCEL_ORDER,1968,,,
862,ADD_ORDER,5175,SELL,99.97,3
862,CANCEL_ORDER,1298,,,
862,ADD_ORDER,5176,BUY,99.94,2
862,ADD_ORDER,5177,BUY,99.95,2
862,ADD_ORDER,5178,BUY,99.96,3
863,MARKET_ORDER,5179,BUY,,5
863,CANCEL_ORDER,3847,,,
863,ADD_ORDER,5180,SELL,99.89,3
863,ADD_ORDER,5181,BUY,99.92,3
863,ADD_ORDER,5182,BUY,99.91,1
863,MARKET_ORDER,5183,BUY,,4
863,MARKET_ORDER,5184,BUY,,1
864,ADD_ORDER,5185,BUY,99.92,1
864,ADD_ORDER,5186,BUY,99.94,1
864,ADD_ORDER,5187,BUY,99.96,5
864,ADD_ORDER,5188,BUY,99.95,5
864,ADD_ORDER,5189,SELL,99.92,5
864,ADD_ORDER,5190,BUY,99.94,5
865,MARKET_ORDER,5191,BUY,,2
865,ADD_ORDER,5192,SELL,99.93,3
865,ADD_ORDER,5193,BUY,99.96,4
865,CANCEL_ORDER,5058,,,
865,MARKET_ORDER,5194,BUY,,4
865,ADD_ORDER,5195,SELL,99.94,1
865,ADD_ORDER,5196,SELL,99.97,4
866,CANCEL_ORDER,1606,,,
866,ADD_ORDER,5197,BUY,99.95,4
866,CANCEL_ORDER,2876,,,
866,ADD_ORDER,5198,SELL,99.92,4
866,MARKET_ORDER,5199,BUY,,2
866,MARKET_ORDER,5200,BUY,,3
866,ADD_ORDER,5201,SELL,99.94,4
866,ADD_ORDER,5202,SELL,99.92,1
867,ADD_ORDER,5203,BUY,99.92,2
867,CANCEL_ORDER,2841,,,
867,ADD_ORDER,5204,SELL,99.92,5
867,ADD_ORDER,5205,BUY,99.92,3
867,ADD_ORDER,5206,BUY,99.95,2
867,ADD_ORDER,5207,SELL,100.02,5
867,ADD_ORDER,5208,BUY,99.92,2
868,MARKET_ORDER,5209,BUY,,3
868,CANCEL_ORDER,4624,,,
868,MARKET_ORDER,5210,SELL,,4
868,MARKET_ORDER,5211,SELL,,1
868,CANCEL_ORDER,4312,,,
868,ADD_ORDER,5212,SELL,99.93,3
868,ADD_ORDER,5213,SELL,99.95,3
868,ADD_ORDER,5214,SELL,99.93,3
869,MARKET_ORDER,5215,SELL,,2
869,ADD_ORDER,5216,SELL,99.95,4
869,ADD_ORDER,5217,SELL,99.95,1
869,ADD_ORDER,5218,SELL,99.91,4
869,ADD_ORDER,5219,SELL,99.93,5
869,ADD_ORDER,5220,SELL,99.97,5
870,MARKET_ORDER,5221,SELL,,5
870,ADD_ORDER,5222,SELL,99.96,5
870,CANCEL_ORDER,4096,,,
870,ADD_ORDER,5223,SELL,99.96,3
870,ADD_ORDER,5224,SELL,99.96,3
870,ADD_ORDER,5225,SELL,99.97,4
870,ADD_ORDER,5226,BUY,99.93,3
871,ADD_ORDER,5227,BUY,99.95,2
871,CANCEL_ORDER,3512,,,
871,ADD_ORDER,5228,SELL,99.95,1
871,ADD_ORDER,5229,BUY,100.05,5
871,ADD_ORDER,5230,SELL,99.96,3
871,CANCEL_ORDER,4595,,,
871,ADD_ORDER,5231,SELL,99.95,2
871,ADD_ORDER,5232,SELL,99.99,3
872,ADD_ORDER,5233,BUY,99.94,5
872,CANCEL_ORDER,12,,,
872,ADD_ORDER,5234,BUY,99.95,4
872,ADD_ORDER,5235,SELL,99.97,2
872,MARKET_ORDER,5236,SELL,,3
872,ADD_ORDER,5237,BUY,99.93,3
872,CANCEL_ORDER,4198,,,
872,ADD_ORDER,5238,BUY,99.96,3
873,ADD_ORDER,5239,SELL,99.97,4
873,ADD_ORDER,5240,SELL,99.95,2
873,CANCEL_ORDER,4713,,,
873,ADD_ORDER,5241,SELL,99.99,5
873,ADD_ORDER,5242,BUY,99.99,4
873,CANCEL_ORDER,4625,,,
873,ADD_ORDER,5243,BUY,99.96,4
873,ADD_ORDER,5244,BUY,99.95,1
874,CANCEL_ORDER,1981,,,
874,ADD_ORDER,5245,BUY,99.96,3
874,ADD_ORDER,5246,BUY,100.02,1
874,MARKET_ORDER,5247,SELL,,5
874,ADD_ORDER,5248,SELL,100.02,1
874,CANCEL_ORDER,1435,,,
874,ADD_ORDER,5249,SELL,99.93,3
874,ADD_ORDER,5250,BUY,99.94,1
875,ADD_ORDER,5251,BUY,99.89,1
875,ADD_ORDER,5252,SELL,99.91,2
875,ADD_ORDER,5253,SELL,99.91,2
875,ADD_ORDER,5254,SELL,99.97,5
875,ADD_ORDER,5255,BUY,99.91,4
875,ADD_ORDER,5256,SELL,99.91,1
876,ADD_ORDER,5257,SELL,99.92,1
876,CANCEL_ORDER,2350,,,
876,ADD_ORDER,5258,BUY,99.90,5
876,ADD_ORDER,5259,SELL,99.91,5
876,ADD_ORDER,5260,BUY,99.95,1
876,ADD_ORDER,5261,SELL,99.90,5
876,MARKET_ORDER,5262,BUY,,3
877,ADD_ORDER,5263,BUY,99.88,5
877,CANCEL_ORDER,1326,,,
877,MARKET_ORDER,5264,SELL,,1
877,ADD_ORDER,5265,SELL,99.92,4
877,MARKET_ORDER,5266,BUY,,5
877,ADD_ORDER,5267,BUY,99.90,1
877,ADD_ORDER,5268,SELL,99.89,5
878,ADD_ORDER,5269,SELL,99.86,5
878,ADD_ORDER,5270,SELL,99.85,5
878,CANCEL_ORDER,3740,,,
878,ADD_ORDER,5271,SELL,99.85,5
878,ADD_ORDER,5272,BUY,99.89,3
878,ADD_ORDER,5273,SELL,99.88,1
878,ADD_ORDER,5274,SELL,99.88,1
879,MARKET_ORDER,5275,BUY,,1
879,MARKET_ORDER,5276,SELL,,3
879,ADD_ORDER,5277,SELL,99.88,2
879,CANCEL_ORDER,4319,,,
879,ADD_ORDER,5278,BUY,99.85,4
879,ADD_ORDER,5279,BUY,99.85,3
879,ADD_ORDER,5280,SELL,99.87,1
880,CANCEL_ORDER,1566,,,
880,ADD_ORDER,5281,BUY,99.85,3
880,CANCEL_ORDER,3949,,,
880,ADD_ORDER,5282,SELL,99.87,4
880,ADD_ORDER,5283,SELL,99.91,3
880,ADD_ORDER,5284,BUY,99.89,4
880,ADD_ORDER,5285,SELL,99.86,2
880,CANCEL_ORDER,3107,,,
880,ADD_ORDER,5286,SELL,99.88,2
881,ADD_ORDER,5287,SELL,99.86,4
881,CANCEL_ORDER,3272,,,
881,ADD_ORDER,5288,SELL,99.86,3
881,ADD_ORDER,5289,BUY,99.95,2
881,ADD_ORDER,5290,BUY,99.90,3
881,CANCEL_ORDER,3609,,,
881,ADD_ORDER,5291,BUY,99.87,4
881,ADD_ORDER,5292,SELL,99.88,5
882,ADD_ORDER,5293,SELL,99.96,1
882,ADD_ORDER,5294,SELL,99.89,2
882,CANCEL_ORDER,284,,,
882,ADD_ORDER,5295,SELL,99.86,5
882,ADD_ORDER,5296,BUY,99.89,2
882,ADD_ORDER,5297,SELL,99.87,4
882,ADD_ORDER,5298,BUY,99.90,2
883,ADD_ORDER,5299,SELL,99.92,3
883,ADD_ORDER,5300,SELL,99.91,5
883,ADD_ORDER,5301,BUY,99.91,5
883,MARKET_ORDER,5302,SELL,,4
883,ADD_ORDER,5303,BUY,99.95,3
883,ADD_ORDER,5304,SELL,99.90,4
884,ADD_ORDER,5305,SELL,99.93,5
884,ADD_ORDER,5306,SELL,99.99,2
884,CANCEL_ORDER,1879,,,
884,ADD_ORDER,5307,BUY,99.92,4
884,MARKET_ORDER,5308,BUY,,1
884,CANCEL_ORDER,1724,,,
884,ADD_ORDER,5309,BUY,99.97,4
884,ADD_ORDER,5310,BUY,99.94,4
885,ADD_ORDER,5311,SELL,99.97,3
885,ADD_ORDER,5312,BUY,99.99,5
885,ADD_ORDER,5313,BUY,99.92,1
885,ADD_ORDER,5314,BUY,99.94,3
885,ADD_ORDER,5315,BUY,99.92,2
885,ADD_ORDER,5316,BUY,99.93,1
886,ADD_ORDER,5317,BUY,99.90,4
886,ADD_ORDER,5318,BUY,99.97,5
886,ADD_ORDER,5319,BUY,99.91,4
886,ADD_ORDER,5320,BUY,99.88,1
886,ADD_ORDER,5321,BUY,99.92,4
886,CANCEL_ORDER,2198,,,
886,MARKET_ORDER,5322,SELL,,3
887,ADD_ORDER,5323,SELL,99.92,5
887,ADD_ORDER,5324,BUY,99.93,1
887,MARKET_ORDER,5325,SELL,,2
887,ADD_ORDER,5326,BUY,99.96,1
887,CANCEL_ORDER,4961,,,
887,ADD_ORDER,5327,SELL,99.98,5
887,ADD_ORDER,5328,BUY,99.92,2
888,MARKET_ORDER,5329,SELL,,1
888,ADD_ORDER,5330,BUY,99.96,3
888,ADD_ORDER,5331,SELL,100.00,3
888,ADD_ORDER,5332,SELL,100.00,2
888,ADD_ORDER,5333,SELL,99.97,2
888,ADD_ORDER,5334,BUY,100.03,5
889,ADD_ORDER,5335,BUY,99.95,5
889,ADD_ORDER,5336,SELL,99.98,2
889,ADD_ORDER,5337,SELL,99.98,1
889,MARKET_ORDER,5338,SELL,,5
889,CANCEL_ORDER,5293,,,
889,ADD_ORDER,5339,BUY,99.97,1
889,ADD_ORDER,5340,SELL,99.96,5
890,MARKET_ORDER,5341,SELL,,2
890,CANCEL_ORDER,3670,,,
890,ADD_ORDER,5342,BUY,99.98,5
890,CANCEL_ORDER,3318,,,
890,MARKET_ORDER,5343,BUY,,4
890,ADD_ORDER,5344,BUY,100.02,4
890,MARKET_ORDER,5345,SELL,,1
890,ADD_ORDER,5346,SELL,100.02,2
891,ADD_ORDER,5347,BUY,99.98,3
891,CANCEL_ORDER,5056,,,
891,ADD_ORDER,5348,SELL,99.96,3
891,ADD_ORDER,5349,SELL,99.97,4
891,ADD_ORDER,5350,SELL,99.98,3
891,ADD_ORDER,5351,BUY,100.02,2
891,ADD_ORDER,5352,SELL,99.97,3
892,ADD_ORDER,5353,BUY,99.96,1
892,ADD_ORDER,5354,BUY,100.02,2
892,CANCEL_ORDER,2966,,,
892,MARKET_ORDER,5355,SELL,,3
892,ADD_ORDER,5356,SELL,99.99,5
892,ADD_ORDER,5357,BUY,100.00,3
892,ADD_ORDER,5358,SELL,99.96,5
893,MARKET_ORDER,5359,BUY,,3
893,CANCEL_ORDER,1705,,,
893,ADD_ORDER,5360,SELL,100.09,4
893,ADD_ORDER,5361,BUY,100.00,1
893,MARKET_ORDER,5362,BUY,,2
893,ADD_ORDER,5363,SELL,100.03,4
893,CANCEL_ORDER,589,,,
893,ADD_ORDER,5364,SELL,100.00,2
894,ADD_ORDER,5365,BUY,100.07,4
894,ADD_ORDER,5366,SELL,100.03,2
894,ADD_ORDER,5367,BUY,100.07,4
894,ADD_ORDER,5368,BUY,100.03,1
894,MARKET_ORDER,5369,BUY,,2
894,ADD_ORDER,5370,BUY,100.03,2
895,MARKET_ORDER,5371,BUY,,4
895,ADD_ORDER,5372,SELL,100.03,3
895,CANCEL_ORDER,5296,,,
895,ADD_ORDER,5373,BUY,99.97,1
895,ADD_ORDER,5374,SELL,99.97,1
895,ADD_ORDER,5375,SELL,99.99,4
895,CANCEL_ORDER,3401,,,
895,ADD_ORDER,5376,BUY,99.98,5
896,CANCEL_ORDER,517,,,
896,ADD_ORDER,5377,BUY,99.95,1
896,ADD_ORDER,5378,SELL,100.05,3
896,ADD_ORDER,5379,BUY,99.97,3
896,CANCEL_ORDER,4784,,,
896,ADD_ORDER,5380,BUY,99.99,1
896,ADD_ORDER,5381,SELL,99.95,2
896,ADD_ORDER,5382,SELL,99.95,4
897,ADD_ORDER,5383,SELL,100.01,2
897,CANCEL_ORDER,3319,,,
897,ADD_ORDER,5384,SELL,100.00,4
897,ADD_ORDER,5385,BUY,100.04,2
897,ADD_ORDER,5386,BUY,100.01,3
897,ADD_ORDER,5387,BUY,100.05,3
897,MARKET_ORDER,5388,SELL,,3
898,MARKET_ORDER,5389,BUY,,4
898,ADD_ORDER,5390,BUY,99.99,5
898,MARKET_ORDER,5391,SELL,,3
898,ADD_ORDER,5392,BUY,99.97,2
898,CANCEL_ORDER,5133,,,
898,ADD_ORDER,5393,SELL,99.96,3
898,ADD_ORDER,5394,BUY,100.02,2
899,CANCEL_ORDER,508,,,
899,MARKET_ORDER,5395,SELL,,4
899,ADD_ORDER,5396,SELL,100.05,2
899,ADD_ORDER,5397,SELL,99.98,5
899,ADD_ORDER,5398,BUY,99.96,2
899,ADD_ORDER,5399,BUY,99.99,1
899,ADD_ORDER,5400,SELL,100.03,2
900,ADD_ORDER,5401,SELL,100.00,3
900,ADD_ORDER,5402,SELL,100.02,2
900,CANCEL_ORDER,4906,,,
900,MARKET_ORDER,5403,BUY,,5
900,CANCEL_ORDER,4389,,,
900,ADD_ORDER,5404,BUY,99.98,4
900,ADD_ORDER,5405,BUY,100.01,3
900,ADD_ORDER,5406,SELL,100.00,2
901,MARKET_ORDER,5407,SELL,,3
901,ADD_ORDER,5408,SELL,100.02,3
901,ADD_ORDER,5409,SELL,100.00,1
901,CANCEL_ORDER,1511,,,
901,ADD_ORDER,5410,SELL,100.02,3
901,ADD_ORDER,5411,SELL,99.99,2
901,ADD_ORDER,5412,SELL,100.00,2
902,CANCEL_ORDER,2221,,,
902,ADD_ORDER,5413,BUY,100.00,2
902,ADD_ORDER,5414,BUY,100.02,4
902,CANCEL_ORDER,5005,,,
902,ADD_ORDER,5415,BUY,99.98,4
902,ADD_ORDER,5416,SELL,100.00,5
902,ADD_ORDER,5417,BUY,99.98,3
902,CANCEL_ORDER,3994,,,
902,ADD_ORDER,5418,SELL,100.07,3
903,ADD_ORDER,5419,SELL,100.01,3
903,MARKET_ORDER,5420,BUY,,2
903,ADD_ORDER,5421,BUY,100.03,3
903,ADD_ORDER,5422,SELL,100.07,1
903,ADD_ORDER,5423,SELL,100.02,2
903,ADD_ORDER,5424,SELL,100.08,3
904,ADD_ORDER,5425,BUY,100.00,5
904,ADD_ORDER,5426,BUY,100.04,5
904,MARKET_ORDER,5427,SELL,,4
904,ADD_ORDER,5428,SELL,100.10,1
904,ADD_ORDER,5429,SELL,100.00,3
904,CANCEL_ORDER,375,,,
904,ADD_ORDER,5430,BUY,100.01,2
905,CANCEL_ORDER,1797,,,
905,ADD_ORDER,5431,SELL,100.02,1
905,ADD_ORDER,5432,SELL,100.00,5
905,ADD_ORDER,5433,BUY,100.01,3
905,ADD_ORDER,5434,SELL,100.02,4
905,ADD_ORDER,5435,SELL,100.02,1
905,ADD_ORDER,5436,SELL,99.98,3
906,ADD_ORDER,5437,SELL,100.00,3
906,ADD_ORDER,5438,BUY,100.01,3
906,ADD_ORDER,5439,SELL,100.01,4
906,ADD_ORDER,5440,SELL,100.01,1
906,ADD_ORDER,5441,BUY,100.00,1
906,ADD_ORDER,5442,BUY,99.98,4
907,CANCEL_ORDER,3739,,,
907,ADD_ORDER,5443,SELL,100.00,3
907,MARKET_ORDER,5444,BUY,,1
907,ADD_ORDER,5445,BUY,100.01,1
907,CANCEL_ORDER,1278,,,
907,ADD_ORDER,5446,SELL,100.01,4
907,CANCEL_ORDER,4749,,,
907,ADD_ORDER,5447,BUY,99.99,5
907,MARKET_ORDER,5448,SELL,,3
908,ADD_ORDER,5449,BUY,99.98,5
908,ADD_ORDER,5450,BUY,99.95,3
908,ADD_ORDER,5451,SELL,99.97,5
908,ADD_ORDER,5452,SELL,99.96,3
908,ADD_ORDER,5453,SELL,100.02,3
908,CANCEL_ORDER,4711,,,
908,ADD_ORDER,5454,BUY,99.99,2
909,ADD_ORDER,5455,BUY,99.98,3
909,ADD_ORDER,5456,BUY,99.97,1
909,CANCEL_ORDER,5106,,,
909,ADD_ORDER,5457,BUY,99.98,2
909,ADD_ORDER,5458,SELL,99.98,3
909,CANCEL_ORDER,4372,,,
909,MARKET_ORDER,5459,SELL,,4
909,ADD_ORDER,5460,BUY,100.05,1
910,ADD_ORDER,5461,BUY,99.96,4
910,ADD_ORDER,5462,BUY,99.97,2
910,ADD_ORDER,5463,SELL,99.98,1
910,MARKET_ORDER,5464,SELL,,1
910,ADD_ORDER,5465,BUY,100.00,2
910,CANCEL_ORDER,4269,,,
910,ADD_ORDER,5466,SELL,99.98,2
911,ADD_ORDER,5467,BUY,99.95,2
911,ADD_ORDER,5468,SELL,99.97,1
911,ADD_ORDER,5469,SELL,99.96,5
911,CANCEL_ORDER,4586,,,
911,ADD_ORDER,5470,SELL,99.96,4
911,ADD_ORDER,5471,SELL,99.95,2
911,ADD_ORDER,5472,SELL,99.96,1
912,CANCEL_ORDER,4673,,,
912,ADD_ORDER,5473,SELL,99.97,2
912,ADD_ORDER,5474,SELL,99.97,1
912,CANCEL_ORDER,2369,,,
912,ADD_ORDER,5475,SELL,99.97,3
912,ADD_ORDER,5476,BUY,100.06,1
912,ADD_ORDER,5477,SELL,99.99,4
912,ADD_ORDER,5478,BUY,99.98,1
913,ADD_ORDER,5479,SELL,100.00,4
913,ADD_ORDER,5480,SELL,100.00,2
913,ADD_ORDER,5481,BUY,99.99,1
913,ADD_ORDER,5482,SELL,99.98,1
913,ADD_ORDER,5483,BUY,100.00,3
913,CANCEL_ORDER,1384,,,
913,ADD_ORDER,5484,BUY,100.01,5
914,ADD_ORDER,5485,BUY,100.01,1
914,MARKET_ORDER,5486,SELL,,1
914,CANCEL_ORDER,5130,,,
914,ADD_ORDER,5487,BUY,100.01,2
914,ADD_ORDER,5488,BUY,100.00,5
914,ADD_ORDER,5489,BUY,100.00,1
914,MARKET_ORDER,5490,BUY,,2
915,ADD_ORDER,5491,SELL,99.99,3
915,ADD_ORDER,5492,BUY,99.96,4
915,MARKET_ORDER,5493,SELL,,3
915,ADD_ORDER,5494,SELL,99.97,5
915,ADD_ORDER,5495,BUY,100.00,4
915,ADD_ORDER,5496,BUY,99.98,5
916,ADD_ORDER,5497,SELL,100.00,5
916,ADD_ORDER,5498,BUY,100.02,1
916,CANCEL_ORDER,631,,,
916,MARKET_ORDER,5499,BUY,,3
916,CANCEL_ORDER,2159,,,
916,ADD_ORDER,5500,SELL,99.98,3
916,MARKET_ORDER,5501,BUY,,4
916,ADD_ORDER,5502,SELL,99.99,5
917,CANCEL_ORDER,938,,,
917,ADD_ORDER,5503,BUY,99.98,2
917,ADD_ORDER,5504,BUY,100.04,5
917,ADD_ORDER,5505,BUY,99.99,4
917,ADD_ORDER,5506,BUY,99.99,2
917,CANCEL_ORDER,5502,,,
917,ADD_ORDER,5507,BUY,99.97,1
917,ADD_ORDER,5508,BUY,99.99,1
918,ADD_ORDER,5509,BUY,99.94,1
918,ADD_ORDER,5510,SELL,99.96,2
918,ADD_ORDER,5511,SELL,99.97,3
918,ADD_ORDER,5512,BUY,100.00,4
918,MARKET_ORDER,5513,SELL,,2
918,CANCEL_ORDER,261,,,
918,MARKET_ORDER,5514,BUY,,3
919,ADD_ORDER,5515,SELL,99.93,3
919,ADD_ORDER,5516,SELL,99.96,1
919,ADD_ORDER,5517,BUY,99.99,2
919,ADD_ORDER,5518,BUY,99.97,2
919,ADD_ORDER,5519,BUY,99.94,4
919,ADD_ORDER,5520,SELL,99.95,3
920,CANCEL_ORDER,2752,,,
920,ADD_ORDER,5521,SELL,99.96,5
920,ADD_ORDER,5522,SELL,99.94,3
920,ADD_ORDER,5523,BUY,99.94,1
920,ADD_ORDER,5524,BUY,100.00,1
920,ADD_ORDER,5525,BUY,99.92,3
920,ADD_ORDER,5526,BUY,99.96,3
921,ADD_ORDER,5527,SELL,99.96,1
921,MARKET_ORDER,5528,SELL,,2
921,ADD_ORDER,5529,SELL,99.98,4
921,ADD_ORDER,5530,SELL,99.96,5
921,ADD_ORDER,5531,SELL,99.95,5
921,ADD_ORDER,5532,SELL,100.00,3
922,ADD_ORDER,5533,BUY,99.95,2
922,CANCEL_ORDER,4260,,,
922,MARKET_ORDER,5534,SELL,,4
922,CANCEL_ORDER,1493,,,
922,MARKET_ORDER,5535,SELL,,3
922,ADD_ORDER,5536,BUY,99.96,4
922,ADD_ORDER,5537,BUY,99.96,1
922,ADD_ORDER,5538,SELL,99.95,4
923,CANCEL_ORDER,4003,,,
923,ADD_ORDER,5539,BUY,99.98,3
923,ADD_ORDER,5540,BUY,99.97,2
923,ADD_ORDER,5541,BUY,99.98,5
923,ADD_ORDER,5542,SELL,100.01,2
923,ADD_ORDER,5543,BUY,99.97,3
923,ADD_ORDER,5544,SELL,99.98,3
924,ADD_ORDER,5545,SELL,100.05,3
924,ADD_ORDER,5546,BUY,100.01,5
924,ADD_ORDER,5547,BUY,100.00,4
924,MARKET_ORDER,5548,SELL,,4
924,ADD_ORDER,5549,BUY,100.00,4
924,ADD_ORDER,5550,BUY,100.03,5
925,ADD_ORDER,5551,SELL,100.00,2
925,MARKET_ORDER,5552,SELL,,2
925,ADD_ORDER,5553,SELL,99.96,3
925,ADD_ORDER,5554,SELL,100.00,3
925,CANCEL_ORDER,3479,,,
925,ADD_ORDER,5555,BUY,100.06,1
925,CANCEL_ORDER,1336,,,
925,ADD_ORDER,5556,BUY,99.98,5
926,ADD_ORDER,5557,SELL,99.99,1
926,ADD_ORDER,5558,BUY,100.00,5
926,ADD_ORDER,5559,BUY,100.00,1
926,CANCEL_ORDER,4336,,,
926,ADD_ORDER,5560,SELL,99.98,2
926,ADD_ORDER,5561,SELL,100.04,4
926,MARKET_ORDER,5562,BUY,,5
927,CANCEL_ORDER,289,,,
927,MARKET_ORDER,5563,SELL,,5
927,CANCEL_ORDER,4079,,,
927,ADD_ORDER,5564,SELL,99.94,4
927,ADD_ORDER,5565,SELL,100.03,3
927,ADD_ORDER,5566,BUY,99.95,4
927,CANCEL_ORDER,1518,,,
927,ADD_ORDER,5567,SELL,99.95,4
927,CANCEL_ORDER,3429,,,
927,ADD_ORDER,5568,BUY,99.96,5
928,ADD_ORDER,5569,SELL,99.93,3
928,ADD_ORDER,5570,SELL,100.01,1
928,ADD_ORDER,5571,SELL,99.97,4
928,MARKET_ORDER,5572,SELL,,1
928,ADD_ORDER,5573,BUY,99.97,3
928,CANCEL_ORDER,3987,,,
928,ADD_ORDER,5574,SELL,100.02,3
929,ADD_ORDER,5575,BUY,99.90,2
929,ADD_ORDER,5576,SELL,99.98,3
929,ADD_ORDER,5577,BUY,99.92,2
929,ADD_ORDER,5578,SELL,99.92,2
929,CANCEL_ORDER,2561,,,
929,ADD_ORDER,5579,BUY,99.91,3
929,ADD_ORDER,5580,BUY,99.91,4
930,ADD_ORDER,5581,SELL,99.90,5
930,CANCEL_ORDER,3280,,,
930,ADD_ORDER,5582,BUY,99.91,3
930,CANCEL_ORDER,5205,,,
930,ADD_ORDER,5583,SELL,99.91,2
930,CANCEL_ORDER,2647,,,
930,ADD_ORDER,5584,SELL,99.93,4
930,CANCEL_ORDER,3788,,,
930,ADD_ORDER,5585,BUY,100.00,1
930,ADD_ORDER,5586,BUY,99.94,4
931,CANCEL_ORDER,2417,,,
931,ADD_ORDER,5587,SELL,99.94,5
931,ADD_ORDER,5588,BUY,99.90,2
931,ADD_ORDER,5589,SELL,99.92,5
931,ADD_ORDER,5590,SELL,99.92,3
931,ADD_ORDER,5591,SELL,99.91,3
931,ADD_ORDER,5592,SELL,99.98,5
932,ADD_ORDER,5593,BUY,99.89,1
932,MARKET_ORDER,5594,BUY,,5
932,ADD_ORDER,5595,SELL,99.92,3
932,ADD_ORDER,5596,BUY,99.98,1
932,ADD_ORDER,5597,SELL,99.88,5
932,CANCEL_ORDER,1918,,,
932,ADD_ORDER,5598,BUY,99.91,2
933,CANCEL_ORDER,732,,,
933,ADD_ORDER,5599,BUY,99.87,5
933,ADD_ORDER,5600,BUY,99.87,4
933,ADD_ORDER,5601,BUY,99.88,5
933,CANCEL_ORDER,1721,,,
933,ADD_ORDER,5602,BUY,99.85,3
933,ADD_ORDER,5603,BUY,99.86,4
933,CANCEL_ORDER,5406,,,
933,ADD_ORDER,5604,SELL,99.88,1
934,CANCEL_ORDER,4484,,,
934,ADD_ORDER,5605,BUY,99.86,2
934,ADD_ORDER,5606,BUY,99.86,2
934,MARKET_ORDER,5607,BUY,,2
934,MARKET_ORDER,5608,BUY,,3
934,ADD_ORDER,5609,BUY,99.85,1
934,MARKET_ORDER,5610,SELL,,1
935,ADD_ORDER,5611,BUY,99.90,5
935,ADD_ORDER,5612,SELL,99.96,1
935,ADD_ORDER,5613,BUY,99.89,5
935,CANCEL_ORDER,5265,,,
935,ADD_ORDER,5614,SELL,99.89,4
935,ADD_ORDER,5615,BUY,99.91,2
935,ADD_ORDER,5616,SELL,99.90,1
936,ADD_ORDER,5617,SELL,99.99,5
936,MARKET_ORDER,5618,SELL,,1
936,ADD_ORDER,5619,SELL,99.92,4
936,ADD_ORDER,5620,SELL,99.92,5
936,ADD_ORDER,5621,SELL,99.92,1
936,ADD_ORDER,5622,BUY,99.93,3
937,CANCEL_ORDER,2370,,,
937,MARKET_ORDER,5623,SELL,,2
937,MARKET_ORDER,5624,SELL,,1
937,ADD_ORDER,5625,BUY,99.92,3
937,CANCEL_ORDER,4033,,,
937,ADD_ORDER,5626,SELL,99.91,4
937,CANCEL_ORDER,1408,,,
937,ADD_ORDER,5627,BUY,99.98,3
937,ADD_ORDER,5628,BUY,99.93,5
938,ADD_ORDER,5629,BUY,99.93,5
938,CANCEL_ORDER,958,,,
938,ADD_ORDER,5630,SELL,99.93,4
938,ADD_ORDER,5631,SELL,99.94,1
938,MARKET_ORDER,5632,BUY,,3
938,CANCEL_ORDER,1710,,,
938,ADD_ORDER,5633,BUY,99.92,3
938,CANCEL_ORDER,221,,,
938,MARKET_ORDER,5634,BUY,,1
939,ADD_ORDER,5635,SELL,99.92,4
939,ADD_ORDER,5636,SELL,99.92,1
939,ADD_ORDER,5637,SELL,99.92,5
939,ADD_ORDER,5638,SELL,99.94,5
939,ADD_ORDER,5639,SELL,99.94,1
939,CANCEL_ORDER,1648,,,
939,ADD_ORDER,5640,SELL,99.99,1
940,ADD_ORDER,5641,SELL,99.93,1
940,ADD_ORDER,5642,BUY,100.00,4
940,ADD_ORDER,5643,BUY,99.94,4
940,ADD_ORDER,5644,BUY,99.97,3
940,ADD_ORDER,5645,BUY,99.98,4
940,ADD_ORDER,5646,BUY,99.92,5
941,CANCEL_ORDER,3645,,,
941,ADD_ORDER,5647,SELL,99.91,3
941,ADD_ORDER,5648,SELL,99.93,3
941,ADD_ORDER,5649,BUY,99.91,4
941,ADD_ORDER,5650,SELL,99.98,1
941,ADD_ORDER,5651,SELL,99.93,1
941,CANCEL_ORDER,5270,,,
941,ADD_ORDER,5652,SELL,99.95,2
942,CANCEL_ORDER,5431,,,
942,MARKET_ORDER,5653,BUY,,3
942,ADD_ORDER,5654,BUY,99.92,3
942,ADD_ORDER,5655,SELL,99.95,2
942,ADD_ORDER,5656,BUY,99.92,2
942,MARKET_ORDER,5657,BUY,,4
942,ADD_ORDER,5658,BUY,99.97,2
943,ADD_ORDER,5659,SELL,99.94,2
943,ADD_ORDER,5660,SELL,99.94,5
943,CANCEL_ORDER,4511,,,
943,ADD_ORDER,5661,SELL,99.90,2
943,ADD_ORDER,5662,SELL,99.93,3
943,ADD_ORDER,5663,BUY,99.92,2
943,ADD_ORDER,5664,SELL,99.92,1
944,ADD_ORDER,5665,BUY,99.93,1
944,MARKET_ORDER,5666,BUY,,4
944,ADD_ORDER,5667,SELL,99.95,4
944,ADD_ORDER,5668,SELL,99.96,5
944,ADD_ORDER,5669,BUY,99.95,4
944,CANCEL_ORDER,2223,,,
944,ADD_ORDER,5670,SELL,99.93,1
945,CANCEL_ORDER,3669,,,
945,ADD_ORDER,5671,SELL,100.06,3
945,ADD_ORDER,5672,SELL,99.99,3
945,CANCEL_ORDER,5057,,,
945,MARKET_ORDER,5673,SELL,,2
945,MARKET_ORDER,5674,BUY,,3
945,ADD_ORDER,5675,BUY,100.00,2
945,ADD_ORDER,5676,SELL,100.00,1
946,ADD_ORDER,5677,SELL,99.99,4
946,ADD_ORDER,5678,SELL,100.02,5
946,ADD_ORDER,5679,BUY,100.00,4
946,ADD_ORDER,5680,BUY,100.00,2
946,ADD_ORDER,5681,BUY,100.00,2
946,CANCEL_ORDER,3457,,,
946,ADD_ORDER,5682,BUY,100.01,4
947,ADD_ORDER,5683,SELL,100.00,1
947,ADD_ORDER,5684,BUY,100.00,2
947,CANCEL_ORDER,2741,,,
947,MARKET_ORDER,5685,BUY,,4
947,ADD_ORDER,5686,BUY,100.03,3
947,ADD_ORDER,5687,SELL,100.03,2
947,ADD_ORDER,5688,SELL,100.06,3
948,ADD_ORDER,5689,SELL,99.96,2
948,ADD_ORDER,5690,BUY,99.99,2
948,ADD_ORDER,5691,BUY,99.97,4
948,ADD_ORDER,5692,SELL,99.97,4
948,CANCEL_ORDER,3865,,,
948,ADD_ORDER,5693,SELL,99.98,5
948,ADD_ORDER,5694,SELL,100.05,4
949,ADD_ORDER,5695,SELL,99.99,2
949,ADD_ORDER,5696,SELL,99.93,2
949,ADD_ORDER,5697,BUY,99.99,5
949,ADD_ORDER,5698,SELL,99.96,4
949,ADD_ORDER,5699,SELL,99.93,5
949,ADD_ORDER,5700,BUY,99.95,4
950,ADD_ORDER,5701,SELL,99.94,2
950,ADD_ORDER,5702,SELL,99.95,2
950,MARKET_ORDER,5703,BUY,,3
950,ADD_ORDER,5704,BUY,99.95,5
950,ADD_ORDER,5705,SELL,100.03,3
950,CANCEL_ORDER,2774,,,
950,ADD_ORDER,5706,BUY,99.94,2
951,CANCEL_ORDER,940,,,
951,MARKET_ORDER,5707,BUY,,4
951,ADD_ORDER,5708,SELL,99.93,4
951,CANCEL_ORDER,3427,,,
951,ADD_ORDER,5709,SELL,99.97,1
951,ADD_ORDER,5710,SELL,99.93,3
951,ADD_ORDER,5711,SELL,99.96,3
951,ADD_ORDER,5712,BUY,99.97,2
952,ADD_ORDER,5713,SELL,99.96,3
952,CANCEL_ORDER,1434,,,
952,MARKET_ORDER,5714,SELL,,3
952,CANCEL_ORDER,4936,,,
952,ADD_ORDER,5715,SELL,99.96,4
952,ADD_ORDER,5716,BUY,100.02,4
952,MARKET_ORDER,5717,BUY,,1
952,ADD_ORDER,5718,SELL,99.92,4
953,ADD_ORDER,5719,SELL,99.94,1
953,ADD_ORDER,5720,SELL,100.02,5
953,MARKET_ORDER,5721,BUY,,2
953,ADD_ORDER,5722,SELL,99.99,4
953,ADD_ORDER,5723,SELL,99.95,4
953,CANCEL_ORDER,3516,,,
953,ADD_ORDER,5724,BUY,99.99,4
954,ADD_ORDER,5725,BUY,99.93,4
954,MARKET_ORDER,5726,SELL,,4
954,ADD_ORDER,5727,SELL,99.97,4
954,CANCEL_ORDER,5589,,,
954,ADD_ORDER,5728,BUY,99.95,2
954,ADD_ORDER,5729,BUY,99.95,4
954,CANCEL_ORDER,3775,,,
954,MARKET_ORDER,5730,BUY,,3
955,CANCEL_ORDER,1940,,,
955,ADD_ORDER,5731,BUY,99.96,1
955,CANCEL_ORDER,1746,,,
955,ADD_ORDER,5732,BUY,100.02,1
955,ADD_ORDER,5733,SELL,100.02,3
955,ADD_ORDER,5734,BUY,99.95,1
955,ADD_ORDER,5735,SELL,99.98,5
955,CANCEL_ORDER,2284,,,
955,ADD_ORDER,5736,SELL,99.97,2
956,ADD_ORDER,5737,SELL,99.98,4
956,ADD_ORDER,5738,BUY,99.96,5
956,MARKET_ORDER,5739,BUY,,5
956,ADD_ORDER,5740,SELL,99.96,3
956,ADD_ORDER,5741,BUY,99.95,1
956,ADD_ORDER,5742,SELL,99.99,4
957,ADD_ORDER,5743,BUY,100.05,5
957,ADD_ORDER,5744,SELL,99.96,4
957,CANCEL_ORDER,4438,,,
957,ADD_ORDER,5745,SELL,99.97,4
957,ADD_ORDER,5746,BUY,99.97,3
957,MARKET_ORDER,5747,BUY,,5
957,ADD_ORDER,5748,SELL,99.99,1
958,CANCEL_ORDER,1778,,,
958,ADD_ORDER,5749,BUY,99.94,5
958,CANCEL_ORDER,4007,,,
958,ADD_ORDER,5750,BUY,99.96,5
958,CANCEL_ORDER,1907,,,
958,ADD_ORDER,5751,BUY,99.94,5
958,ADD_ORDER,5752,SELL,99.92,2
958,ADD_ORDER,5753,SELL,99.93,3
958,CANCEL_ORDER,2074,,,
958,ADD_ORDER,5754,BUY,99.94,4
959,ADD_ORDER,5755,SELL,99.96,3
959,CANCEL_ORDER,5155,,,
959,ADD_ORDER,5756,SELL,99.94,4
959,ADD_ORDER,5757,BUY,99.99,1
959,ADD_ORDER,5758,SELL,99.94,1
959,CANCEL_ORDER,3405,,,
959,ADD_ORDER,5759,SELL,99.96,4
959,ADD_ORDER,5760,SELL,99.94,2
960,MARKET_ORDER,5761,SELL,,2
960,ADD_ORDER,5762,SELL,100.01,5
960,ADD_ORDER,5763,SELL,100.07,3
960,ADD_ORDER,5764,BUY,99.98,2
960,CANCEL_ORDER,1296,,,
960,ADD_ORDER,5765,BUY,100.01,2
960,CANCEL_ORDER,5086,,,
960,ADD_ORDER,5766,BUY,100.00,5
961,MARKET_ORDER,5767,BUY,,2
961,CANCEL_ORDER,2662,,,
961,MARKET_ORDER,5768,SELL,,2
961,CANCEL_ORDER,2396,,,
961,ADD_ORDER,5769,BUY,99.96,1
961,CANCEL_ORDER,2160,,,
961,ADD_ORDER,5770,BUY,99.96,3
961,ADD_ORDER,5771,BUY,100.00,2
961,ADD_ORDER,5772,BUY,100.06,4
962,ADD_ORDER,5773,SELL,99.98,4
962,ADD_ORDER,5774,BUY,99.99,3
962,ADD_ORDER,5775,SELL,99.99,4
962,CANCEL_ORDER,3797,,,
962,ADD_ORDER,5776,SELL,99.98,3
962,ADD_ORDER,5777,BUY,99.99,4
962,CANCEL_ORDER,3713,,,
962,MARKET_ORDER,5778,BUY,,4
963,CANCEL_ORDER,5651,,,
963,ADD_ORDER,5779,BUY,100.01,2
963,MARKET_ORDER,5780,SELL,,3
963,ADD_ORDER,5781,SELL,100.02,5
963,ADD_ORDER,5782,SELL,100.00,2
963,ADD_ORDER,5783,SELL,99.99,3
963,ADD_ORDER,5784,SELL,100.00,4
964,ADD_ORDER,5785,BUY,100.00,2
964,CANCEL_ORDER,2325,,,
964,ADD_ORDER,5786,BUY,99.98,3
964,ADD_ORDER,5787,BUY,100.00,2
964,ADD_ORDER,5788,BUY,100.02,4
964,ADD_ORDER,5789,BUY,100.02,5
964,ADD_ORDER,5790,SELL,100.02,5
965,ADD_ORDER,5791,BUY,100.05,5
965,ADD_ORDER,5792,SELL,100.02,2
965,ADD_ORDER,5793,SELL,100.05,1
965,ADD_ORDER,5794,BUY,100.02,3
965,ADD_ORDER,5795,SELL,100.05,3
965,MARKET_ORDER,5796,SELL,,3
966,ADD_ORDER,5797,SELL,100.07,1
966,CANCEL_ORDER,3448,,,
966,ADD_ORDER,5798,SELL,100.05,2
966,ADD_ORDER,5799,BUY,100.03,5
966,CANCEL_ORDER,5148,,,
966,ADD_ORDER,5800,BUY,100.03,2
966,ADD_ORDER,5801,SELL,100.06,1
966,ADD_ORDER,5802,SELL,100.06,1
967,ADD_ORDER,5803,BUY,100.07,4
967,ADD_ORDER,5804,BUY,100.09,4
967,ADD_ORDER,5805,SELL,100.06,1
967,MARKET_ORDER,5806,SELL,,1
967,ADD_ORDER,5807,BUY,100.09,1
967,MARKET_ORDER,5808,BUY,,1
968,ADD_ORDER,5809,SELL,100.11,2
968,ADD_ORDER,5810,BUY,100.08,2
968,ADD_ORDER,5811,SELL,100.08,2
968,MARKET_ORDER,5812,BUY,,3
968,CANCEL_ORDER,4555,,,
968,MARKET_ORDER,5813,BUY,,1
968,CANCEL_ORDER,4721,,,
968,ADD_ORDER,5814,BUY,100.13,3
969,ADD_ORDER,5815,BUY,100.08,5
969,ADD_ORDER,5816,SELL,100.05,1
969,ADD_ORDER,5817,SELL,100.07,2
969,CANCEL_ORDER,4503,,,
969,ADD_ORDER,5818,SELL,100.05,2
969,CANCEL_ORDER,5533,,,
969,ADD_ORDER,5819,SELL,100.08,1
969,MARKET_ORDER,5820,BUY,,1
970,MARKET_ORDER,5821,SELL,,5
970,ADD_ORDER,5822,BUY,100.04,4
970,ADD_ORDER,5823,BUY,100.05,2
970,MARKET_ORDER,5824,SELL,,4
970,ADD_ORDER,5825,SELL,100.04,4
970,ADD_ORDER,5826,SELL,100.03,2
971,ADD_ORDER,5827,SELL,100.05,2
971,MARKET_ORDER,5828,SELL,,1
971,ADD_ORDER,5829,SELL,100.06,5
971,MARKET_ORDER,5830,BUY,,5
971,ADD_ORDER,5831,BUY,100.04,5
971,ADD_ORDER,5832,BUY,100.09,5
972,ADD_ORDER,5833,BUY,100.01,4
972,ADD_ORDER,5834,BUY,100.03,2
972,ADD_ORDER,5835,SELL,100.03,4
972,ADD_ORDER,5836,SELL,100.01,1
972,CANCEL_ORDER,1282,,,
972,ADD_ORDER,5837,SELL,100.00,1
972,ADD_ORDER,5838,BUY,100.01,5
973,CANCEL_ORDER,438,,,
973,MARKET_ORDER,5839,BUY,,5
973,ADD_ORDER,5840,BUY,100.01,2
973,ADD_ORDER,5841,SELL,99.99,2
973,ADD_ORDER,5842,SELL,100.08,1
973,ADD_ORDER,5843,SELL,100.05,5
973,ADD_ORDER,5844,BUY,100.05,5
974,ADD_ORDER,5845,BUY,100.00,2
974,MARKET_ORDER,5846,BUY,,5
974,ADD_ORDER,5847,BUY,99.97,4
974,ADD_ORDER,5848,SELL,99.98,1
974,CANCEL_ORDER,5142,,,
974,ADD_ORDER,5849,BUY,99.99,2
974,CANCEL_ORDER,2754,,,
974,ADD_ORDER,5850,SELL,99.97,4
975,ADD_ORDER,5851,SELL,99.99,1
975,ADD_ORDER,5852,SELL,99.99,4
975,ADD_ORDER,5853,SELL,99.97,2
975,ADD_ORDER,5854,BUY,99.99,3
975,ADD_ORDER,5855,SELL,99.97,4
975,ADD_ORDER,5856,BUY,100.04,3
976,ADD_ORDER,5857,SELL,99.98,3
976,CANCEL_ORDER,1914,,,
976,ADD_ORDER,5858,BUY,99.98,5
976,ADD_ORDER,5859,SELL,99.96,3
976,CANCEL_ORDER,755,,,
976,ADD_ORDER,5860,BUY,99.98,2
976,ADD_ORDER,5861,BUY,99.97,2
976,CANCEL_ORDER,795,,,
976,ADD_ORDER,5862,SELL,99.95,4
977,ADD_ORDER,5863,BUY,99.97,3
977,ADD_ORDER,5864,BUY,99.94,3
977,ADD_ORDER,5865,BUY,99.94,2
977,ADD_ORDER,5866,SELL,99.94,5
977,ADD_ORDER,5867,BUY,99.96,4
977,ADD_ORDER,5868,SELL,99.97,4
978,CANCEL_ORDER,996,,,
978,ADD_ORDER,5869,BUY,99.99,2
978,ADD_ORDER,5870,BUY,99.98,2
978,ADD_ORDER,5871,BUY,99.96,2
978,MARKET_ORDER,5872,SELL,,3
978,CANCEL_ORDER,5030,,,
978,ADD_ORDER,5873,BUY,99.98,2
978,ADD_ORDER,5874,BUY,99.95,5
979,ADD_ORDER,5875,SELL,100.06,5
979,ADD_ORDER,5876,SELL,99.99,4
979,ADD_ORDER,5877,SELL,99.99,4
979,ADD_ORDER,5878,BUY,99.98,4
979,ADD_ORDER,5879,BUY,99.98,2
979,ADD_ORDER,5880,BUY,99.96,3
980,ADD_ORDER,5881,BUY,99.96,5
980,ADD_ORDER,5882,SELL,99.98,2
980,CANCEL_ORDER,1260,,,
980,ADD_ORDER,5883,SELL,100.03,5
980,CANCEL_ORDER,3194,,,
980,ADD_ORDER,5884,BUY,99.99,2
980,CANCEL_ORDER,3441,,,
980,ADD_ORDER,5885,BUY,99.99,5
980,CANCEL_ORDER,244,,,
980,ADD_ORDER,5886,BUY,99.96,1
981,ADD_ORDER,5887,SELL,99.95,3
981,ADD_ORDER,5888,SELL,99.97,5
981,ADD_ORDER,5889,SELL,99.96,2
981,CANCEL_ORDER,1259,,,
981,MARKET_ORDER,5890,SELL,,1
981,MARKET_ORDER,5891,SELL,,1
981,MARKET_ORDER,5892,SELL,,2
982,ADD_ORDER,5893,SELL,99.98,4
982,ADD_ORDER,5894,SELL,100.00,5
982,ADD_ORDER,5895,SELL,99.98,3
982,CANCEL_ORDER,5708,,,
982,ADD_ORDER,5896,SELL,100.01,1
982,ADD_ORDER,5897,BUY,100.02,3
982,ADD_ORDER,5898,BUY,100.01,4
983,ADD_ORDER,5899,SELL,99.96,1
983,ADD_ORDER,5900,BUY,100.00,2
983,ADD_ORDER,5901,SELL,99.96,5
983,ADD_ORDER,5902,BUY,99.96,3
983,ADD_ORDER,5903,BUY,100.05,4
983,ADD_ORDER,5904,BUY,100.00,2
984,MARKET_ORDER,5905,BUY,,4
984,ADD_ORDER,5906,SELL,100.00,2
984,ADD_ORDER,5907,SELL,99.98,3
984,ADD_ORDER,5908,SELL,99.96,3
984,ADD_ORDER,5909,BUY,99.98,5
984,ADD_ORDER,5910,BUY,100.05,5
985,ADD_ORDER,5911,SELL,99.94,2
985,CANCEL_ORDER,462,,,
985,ADD_ORDER,5912,BUY,99.98,2
985,ADD_ORDER,5913,SELL,100.04,3
985,CANCEL_ORDER,4251,,,
985,ADD_ORDER,5914,BUY,99.97,3
985,ADD_ORDER,5915,SELL,99.98,3
985,ADD_ORDER,5916,BUY,99.97,1
986,ADD_ORDER,5917,BUY,100.00,4
986,ADD_ORDER,5918,BUY,100.07,2
986,ADD_ORDER,5919,SELL,100.00,1
986,CANCEL_ORDER,4783,,,
986,ADD_ORDER,5920,SELL,100.00,4
986,ADD_ORDER,5921,SELL,100.00,3
986,MARKET_ORDER,5922,BUY,,5
987,MARKET_ORDER,5923,SELL,,3
987,ADD_ORDER,5924,BUY,100.06,4
987,ADD_ORDER,5925,BUY,100.05,4
987,ADD_ORDER,5926,SELL,100.04,4
987,ADD_ORDER,5927,BUY,100.03,4
987,ADD_ORDER,5928,BUY,100.12,1
988,CANCEL_ORDER,2573,,,
988,ADD_ORDER,5929,BUY,100.03,5
988,ADD_ORDER,5930,SELL,100.05,4
988,CANCEL_ORDER,3588,,,
988,ADD_ORDER,5931,BUY,100.02,1
988,ADD_ORDER,5932,SELL,100.02,4
988,ADD_ORDER,5933,BUY,100.11,2
988,ADD_ORDER,5934,SELL,100.02,4
989,ADD_ORDER,5935,SELL,100.04,1
989,MARKET_ORDER,5936,SELL,,1
989,ADD_ORDER,5937,SELL,100.03,4
989,MARKET_ORDER,5938,SELL,,2
989,ADD_ORDER,5939,SELL,100.12,2
989,CANCEL_ORDER,3893,,,
989,ADD_ORDER,5940,SELL,100.09,5
990,ADD_ORDER,5941,BUY,100.04,4
990,CANCEL_ORDER,3135,,,
990,ADD_ORDER,5942,BUY,100.02,2
990,ADD_ORDER,5943,SELL,100.09,2
990,ADD_ORDER,5944,SELL,100.03,3
990,ADD_ORDER,5945,BUY,100.05,3
990,CANCEL_ORDER,1481,,,
990,ADD_ORDER,5946,SELL,100.03,5
991,CANCEL_ORDER,3882,,,
991,ADD_ORDER,5947,SELL,100.05,4
991,CANCEL_ORDER,4840,,,
991,ADD_ORDER,5948,SELL,100.09,1
991,CANCEL_ORDER,372,,,
991,MARKET_ORDER,5949,BUY,,1
991,ADD_ORDER,5950,SELL,100.03,3
991,ADD_ORDER,5951,BUY,100.04,4
991,ADD_ORDER,5952,SELL,100.05,2
992,ADD_ORDER,5953,BUY,100.07,5
992,MARKET_ORDER,5954,SELL,,4
992,ADD_ORDER,5955,BUY,100.01,4
992,ADD_ORDER,5956,BUY,100.04,1
992,ADD_ORDER,5957,BUY,100.00,3
992,CANCEL_ORDER,3727,,,
992,ADD_ORDER,5958,SELL,99.99,3
993,ADD_ORDER,5959,BUY,100.01,3
993,ADD_ORDER,5960,BUY,100.01,5
993,ADD_ORDER,5961,BUY,100.03,1
993,CANCEL_ORDER,901,,,
993,ADD_ORDER,5962,SELL,100.03,4
993,ADD_ORDER,5963,BUY,100.02,2
993,ADD_ORDER,5964,BUY,100.03,1
994,ADD_ORDER,5965,BUY,100.02,5
994,ADD_ORDER,5966,BUY,100.00,3
994,CANCEL_ORDER,5945,,,
994,ADD_ORDER,5967,BUY,100.02,4
994,ADD_ORDER,5968,SELL,100.03,5
994,ADD_ORDER,5969,BUY,100.02,4
994,CANCEL_ORDER,2461,,,
994,ADD_ORDER,5970,BUY,100.10,5
995,ADD_ORDER,5971,SELL,100.00,1
995,CANCEL_ORDER,1412,,,
995,ADD_ORDER,5972,SELL,100.08,5
995,ADD_ORDER,5973,SELL,100.03,4
995,CANCEL_ORDER,5740,,,
995,ADD_ORDER,5974,SELL,99.99,2
995,ADD_ORDER,5975,BUY,100.03,1
995,ADD_ORDER,5976,BUY,100.03,1
996,ADD_ORDER,5977,SELL,100.01,3
996,ADD_ORDER,5978,BUY,100.02,3
996,MARKET_ORDER,5979,BUY,,2
996,ADD_ORDER,5980,BUY,100.05,5
996,CANCEL_ORDER,2196,,,
996,MARKET_ORDER,5981,SELL,,4
996,ADD_ORDER,5982,SELL,100.03,1
997,ADD_ORDER,5983,BUY,100.05,5
997,CANCEL_ORDER,3122,,,
997,ADD_ORDER,5984,SELL,100.01,3
997,ADD_ORDER,5985,SELL,100.03,1
997,CANCEL_ORDER,5495,,,
997,MARKET_ORDER,5986,SELL,,2
997,ADD_ORDER,5987,SELL,100.04,4
997,ADD_ORDER,5988,SELL,100.03,3
998,ADD_ORDER,5989,BUY,100.09,2
998,ADD_ORDER,5990,BUY,100.08,3
998,CANCEL_ORDER,4896,,,
998,ADD_ORDER,5991,SELL,100.10,4
998,CANCEL_ORDER,3018,,,
998,ADD_ORDER,5992,SELL,100.09,3
998,ADD_ORDER,5993,SELL,100.09,1
998,ADD_ORDER,5994,BUY,100.08,4
999,ADD_ORDER,5995,BUY,100.10,2
999,ADD_ORDER,5996,SELL,100.10,4
999,CANCEL_ORDER,4685,,,
999,ADD_ORDER,5997,BUY,100.09,4
999,ADD_ORDER,5998,SELL,100.09,4
999,ADD_ORDER,5999,SELL,100.09,1
999,ADD_ORDER,6000,SELL,100.13,2
1000,ADD_ORDER,6001,SELL,100.07,4
1000,MARKET_ORDER,6002,BUY,,4
1000,ADD_ORDER,6003,SELL,100.13,2
1000,ADD_ORDER,6004,BUY,100.14,4
1000,ADD_ORDER,6005,BUY,100.08,1
1000,CANCEL_ORDER,2556,,,
1000,ADD_ORDER,6006,SELL,100.10,1
1001,CANCEL_ORDER,2021,,,
1001,ADD_ORDER,6007,SELL,100.03,5
1001,MARKET_ORDER,6008,SELL,,5
1001,ADD_ORDER,6009,BUY,100.05,3
1001,ADD_ORDER,6010,BUY,100.12,3
1001,ADD_ORDER,6011,BUY,100.04,3
1001,CANCEL_ORDER,1158,,,
1001,ADD_ORDER,6012,BUY,100.04,1
1002,ADD_ORDER,6013,BUY,100.02,5
1002,ADD_ORDER,6014,BUY,100.06,4
1002,ADD_ORDER,6015,BUY,100.04,4
1002,ADD_ORDER,6016,BUY,100.06,2
1002,MARKET_ORDER,6017,BUY,,2
1002,ADD_ORDER,6018,BUY,100.12,5
1003,ADD_ORDER,6019,BUY,100.03,3
1003,ADD_ORDER,6020,SELL,100.02,1
1003,MARKET_ORDER,6021,BUY,,2
1003,ADD_ORDER,6022,SELL,100.03,4
1003,ADD_ORDER,6023,SELL,100.04,1
1003,ADD_ORDER,6024,SELL,100.08,1
1004,MARKET_ORDER,6025,SELL,,5
1004,MARKET_ORDER,6026,SELL,,3
1004,ADD_ORDER,6027,BUY,100.06,3
1004,ADD_ORDER,6028,SELL,100.04,3
1004,CANCEL_ORDER,3269,,,
1004,ADD_ORDER,6029,SELL,100.13,5
1004,ADD_ORDER,6030,SELL,100.04,5
1005,MARKET_ORDER,6031,BUY,,4
1005,ADD_ORDER,6032,BUY,100.04,1
1005,ADD_ORDER,6033,SELL,100.01,4
1005,ADD_ORDER,6034,SELL,100.06,3
1005,CANCEL_ORDER,5988,,,
1005,ADD_ORDER,6035,SELL,100.03,5
1005,ADD_ORDER,6036,SELL,100.03,1
1006,ADD_ORDER,6037,BUY,100.02,2
1006,ADD_ORDER,6038,SELL,100.03,4
1006,CANCEL_ORDER,576,,,
1006,ADD_ORDER,6039,SELL,100.03,1
1006,MARKET_ORDER,6040,SELL,,2
1006,CANCEL_ORDER,2109,,,
1006,ADD_ORDER,6041,BUY,100.03,1
1006,CANCEL_ORDER,3178,,,
1006,ADD_ORDER,6042,BUY,100.00,1
1007,ADD_ORDER,6043,BUY,100.07,4
1007,ADD_ORDER,6044,SELL,100.03,5
1007,MARKET_ORDER,6045,SELL,,4
1007,MARKET_ORDER,6046,BUY,,4
1007,ADD_ORDER,6047,BUY,100.01,2
1007,CANCEL_ORDER,2086,,,
1007,ADD_ORDER,6048,SELL,100.05,3
1008,ADD_ORDER,6049,BUY,99.97,1
1008,ADD_ORDER,6050,BUY,99.97,5
1008,ADD_ORDER,6051,BUY,99.97,4
1008,ADD_ORDER,6052,BUY,100.05,3
1008,MARKET_ORDER,6053,SELL,,3
1008,MARKET_ORDER,6054,BUY,,4
1009,MARKET_ORDER,6055,SELL,,5
1009,CANCEL_ORDER,2661,,,
1009,ADD_ORDER,6056,BUY,99.96,3
1009,CANCEL_ORDER,5510,,,
1009,ADD_ORDER,6057,SELL,99.95,5
1009,ADD_ORDER,6058,SELL,99.94,3
1009,ADD_ORDER,6059,SELL,99.94,3
1009,CANCEL_ORDER,1411,,,
1009,MARKET_ORDER,6060,BUY,,2
1010,ADD_ORDER,6061,BUY,99.96,2
1010,ADD_ORDER,6062,SELL,100.01,5
1010,CANCEL_ORDER,4137,,,
1010,MARKET_ORDER,6063,SELL,,3
1010,CANCEL_ORDER,3537,,,
1010,ADD_ORDER,6064,BUY,99.94,2
1010,ADD_ORDER,6065,SELL,99.95,5
1010,ADD_ORDER,6066,BUY,99.95,2
1011,ADD_ORDER,6067,SELL,99.93,4
1011,ADD_ORDER,6068,BUY,99.95,1
1011,ADD_ORDER,6069,SELL,99.96,3
1011,ADD_ORDER,6070,BUY,99.94,5
1011,ADD_ORDER,6071,BUY,100.01,3
1011,ADD_ORDER,6072,BUY,100.00,4
1012,ADD_ORDER,6073,BUY,99.94,3
1012,ADD_ORDER,6074,SELL,99.96,4
1012,ADD_ORDER,6075,BUY,99.95,4
1012,ADD_ORDER,6076,SELL,99.95,3
1012,ADD_ORDER,6077,SELL,99.95,2
1012,CANCEL_ORDER,374,,,
1012,ADD_ORDER,6078,SELL,99.95,5
1013,ADD_ORDER,6079,SELL,99.95,1
1013,ADD_ORDER,6080,SELL,99.94,2
1013,ADD_ORDER,6081,BUY,99.93,3
1013,ADD_ORDER,6082,SELL,99.95,4
1013,ADD_ORDER,6083,BUY,99.92,5
1013,ADD_ORDER,6084,SELL,99.91,3
1014,ADD_ORDER,6085,SELL,99.89,2
1014,ADD_ORDER,6086,SELL,99.91,4
1014,CANCEL_ORDER,1016,,,
1014,ADD_ORDER,6087,BUY,99.89,4
1014,ADD_ORDER,6088,SELL,99.93,2
1014,ADD_ORDER,6089,BUY,99.91,1
1014,ADD_ORDER,6090,SELL,99.90,3
1015,ADD_ORDER,6091,BUY,99.93,5
1015,MARKET_ORDER,6092,BUY,,4
1015,ADD_ORDER,6093,BUY,99.89,5
1015,ADD_ORDER,6094,BUY,99.89,5
1015,CANCEL_ORDER,5171,,,
1015,ADD_ORDER,6095,SELL,99.91,1
1015,CANCEL_ORDER,3943,,,
1015,ADD_ORDER,6096,SELL,99.90,2
1016,ADD_ORDER,6097,SELL,99.92,5
1016,ADD_ORDER,6098,BUY,99.89,5
1016,ADD_ORDER,6099,SELL,99.92,4
1016,ADD_ORDER,6100,SELL,99.93,5
1016,ADD_ORDER,6101,SELL,99.91,5
1016,MARKET_ORDER,6102,BUY,,2
1017,CANCEL_ORDER,3140,,,
1017,MARKET_ORDER,6103,SELL,,3
1017,MARKET_ORDER,6104,BUY,,3
1017,ADD_ORDER,6105,BUY,99.89,4
1017,ADD_ORDER,6106,SELL,99.91,3
1017,MARKET_ORDER,6107,SELL,,3
1017,ADD_ORDER,6108,SELL,99.92,4
1018,ADD_ORDER,6109,BUY,99.91,4
1018,ADD_ORDER,6110,BUY,99.96,2
1018,ADD_ORDER,6111,SELL,99.88,2
1018,ADD_ORDER,6112,BUY,99.91,3
1018,ADD_ORDER,6113,SELL,99.97,2
1018,MARKET_ORDER,6114,BUY,,2
1019,ADD_ORDER,6115,BUY,99.91,1
1019,CANCEL_ORDER,3808,,,
1019,ADD_ORDER,6116,BUY,99.92,4
1019,CANCEL_ORDER,3950,,,
1019,ADD_ORDER,6117,BUY,99.99,3
1019,ADD_ORDER,6118,SELL,99.92,3
1019,CANCEL_ORDER,5898,,,
1019,ADD_ORDER,6119,BUY,99.93,5
1019,ADD_ORDER,6120,BUY,99.99,5
1020,ADD_ORDER,6121,SELL,99.93,5
1020,CANCEL_ORDER,886,,,
1020,ADD_ORDER,6122,SELL,99.98,1
1020,ADD_ORDER,6123,SELL,99.92,5
1020,ADD_ORDER,6124,SELL,99.92,3
1020,ADD_ORDER,6125,SELL,99.92,1
1020,CANCEL_ORDER,5061,,,
1020,ADD_ORDER,6126,BUY,99.96,5
1021,ADD_ORDER,6127,BUY,99.93,3
1021,MARKET_ORDER,6128,BUY,,5
1021,CANCEL_ORDER,3089,,,
1021,ADD_ORDER,6129,BUY,99.97,1
1021,ADD_ORDER,6130,SELL,99.97,5
1021,CANCEL_ORDER,3767,,,
1021,ADD_ORDER,6131,SELL,99.93,2
1021,ADD_ORDER,6132,BUY,99.94,1
1022,ADD_ORDER,6133,BUY,99.97,4
1022,ADD_ORDER,6134,SELL,99.94,2
1022,ADD_ORDER,6135,BUY,99.97,3
1022,MARKET_ORDER,6136,BUY,,3
1022,CANCEL_ORDER,5825,,,
1022,ADD_ORDER,6137,SELL,99.94,4
1022,ADD_ORDER,6138,SELL,99.98,5
1023,ADD_ORDER,6139,BUY,99.94,5
1023,ADD_ORDER,6140,SELL,99.96,3
1023,MARKET_ORDER,6141,SELL,,2
1023,ADD_ORDER,6142,BUY,100.02,4
1023,ADD_ORDER,6143,BUY,99.95,3
1023,ADD_ORDER,6144,BUY,99.96,3
1024,ADD_ORDER,6145,SELL,100.00,3
1024,ADD_ORDER,6146,SELL,100.01,3
1024,ADD_ORDER,6147,BUY,100.01,2
1024,ADD_ORDER,6148,SELL,100.00,4
1024,ADD_ORDER,6149,SELL,100.02,1
1024,MARKET_ORDER,6150,BUY,,3
1025,ADD_ORDER,6151,BUY,99.97,2
1025,ADD_ORDER,6152,SELL,99.97,3
1025,ADD_ORDER,6153,BUY,99.98,3
1025,ADD_ORDER,6154,BUY,99.98,1
1025,ADD_ORDER,6155,SELL,100.05,3
1025,ADD_ORDER,6156,SELL,100.00,4
1026,MARKET_ORDER,6157,BUY,,2
1026,MARKET_ORDER,6158,BUY,,2
1026,ADD_ORDER,6159,SELL,99.99,5
1026,CANCEL_ORDER,4931,,,
1026,MARKET_ORDER,6160,SELL,,5
1026,MARKET_ORDER,6161,SELL,,2
1026,CANCEL_ORDER,4221,,,
1026,ADD_ORDER,6162,BUY,100.07,2
1027,ADD_ORDER,6163,BUY,100.02,4
1027,MARKET_ORDER,6164,BUY,,1
1027,ADD_ORDER,6165,BUY,100.06,5
1027,MARKET_ORDER,6166,SELL,,2
1027,MARKET_ORDER,6167,BUY,,2
1027,ADD_ORDER,6168,BUY,100.04,2
1028,ADD_ORDER,6169,BUY,100.02,1
1028,ADD_ORDER,6170,SELL,100.00,2
1028,MARKET_ORDER,6171,SELL,,4
1028,MARKET_ORDER,6172,SELL,,3
1028,MARKET_ORDER,6173,BUY,,1
1028,ADD_ORDER,6174,BUY,100.03,5
1029,ADD_ORDER,6175,SELL,100.10,1
1029,ADD_ORDER,6176,SELL,100.03,3
1029,ADD_ORDER,6177,BUY,100.03,4
1029,ADD_ORDER,6178,SELL,100.03,2
1029,ADD_ORDER,6179,SELL,100.07,2
1029,ADD_ORDER,6180,BUY,100.06,1
1030,ADD_ORDER,6181,SELL,100.06,4
1030,CANCEL_ORDER,5286,,,
1030,ADD_ORDER,6182,BUY,100.06,4
1030,ADD_ORDER,6183,BUY,100.08,4
1030,ADD_ORDER,6184,BUY,100.08,3
1030,ADD_ORDER,6185,BUY,100.10,1
1030,CANCEL_ORDER,307,,,
1030,ADD_ORDER,6186,BUY,100.07,2
1031,ADD_ORDER,6187,SELL,100.09,1
1031,ADD_ORDER,6188,BUY,100.09,5
1031,CANCEL_ORDER,3863,,,
1031,ADD_ORDER,6189,BUY,100.06,3
1031,ADD_ORDER,6190,SELL,100.08,5
1031,ADD_ORDER,6191,SELL,100.08,5
1031,ADD_ORDER,6192,SELL,100.07,1
1032,ADD_ORDER,6193,SELL,100.06,1
1032,ADD_ORDER,6194,BUY,100.07,5
1032,ADD_ORDER,6195,SELL,100.10,3
1032,CANCEL_ORDER,5044,,,
1032,ADD_ORDER,6196,BUY,100.14,1
1032,ADD_ORDER,6197,SELL,100.09,2
1032,CANCEL_ORDER,1174,,,
1032,ADD_ORDER,6198,SELL,100.09,5
1033,ADD_ORDER,6199,SELL,100.07,5
1033,ADD_ORDER,6200,SELL,100.06,4
1033,MARKET_ORDER,6201,SELL,,1
1033,MARKET_ORDER,6202,BUY,,3
1033,ADD_ORDER,6203,BUY,100.15,1
1033,ADD_ORDER,6204,SELL,100.10,4
1034,ADD_ORDER,6205,SELL,100.08,2
1034,CANCEL_ORDER,2756,,,
1034,ADD_ORDER,6206,BUY,100.08,4
1034,MARKET_ORDER,6207,SELL,,3
1034,CANCEL_ORDER,5421,,,
1034,ADD_ORDER,6208,BUY,100.12,1
1034,ADD_ORDER,6209,BUY,100.17,4
1034,CANCEL_ORDER,157,,,
1034,ADD_ORDER,6210,SELL,100.08,1
1035,MARKET_ORDER,6211,SELL,,2
1035,CANCEL_ORDER,3655,,,
1035,ADD_ORDER,6212,BUY,100.11,3
1035,ADD_ORDER,6213,SELL,100.19,3
1035,ADD_ORDER,6214,BUY,100.10,2
1035,CANCEL_ORDER,4774,,,
1035,ADD_ORDER,6215,BUY,100.10,4
1035,CANCEL_ORDER,1306,,,
1035,ADD_ORDER,6216,BUY,100.11,4
1036,ADD_ORDER,6217,SELL,100.15,3
1036,ADD_ORDER,6218,BUY,100.11,5
1036,ADD_ORDER,6219,SELL,100.15,4
1036,CANCEL_ORDER,3305,,,
1036,ADD_ORDER,6220,BUY,100.15,2
1036,ADD_ORDER,6221,BUY,100.11,5
1036,ADD_ORDER,6222,SELL,100.12,3
1037,ADD_ORDER,6223,BUY,100.17,1
1037,ADD_ORDER,6224,BUY,100.19,1
1037,ADD_ORDER,6225,SELL,100.18,5
1037,CANCEL_ORDER,3105,,,
1037,ADD_ORDER,6226,SELL,100.20,4
1037,ADD_ORDER,6227,BUY,100.20,1
1037,ADD_ORDER,6228,BUY,100.19,4
1038,ADD_ORDER,6229,SELL,100.17,1
1038,ADD_ORDER,6230,SELL,100.20,4
1038,ADD_ORDER,6231,SELL,100.18,3
1038,ADD_ORDER,6232,SELL,100.17,2
1038,ADD_ORDER,6233,SELL,100.19,4
1038,MARKET_ORDER,6234,BUY,,4
1039,ADD_ORDER,6235,SELL,100.17,5
1039,CANCEL_ORDER,3705,,,
1039,MARKET_ORDER,6236,SELL,,2
1039,ADD_ORDER,6237,SELL,100.18,2
1039,ADD_ORDER,6238,BUY,100.15,4
1039,ADD_ORDER,6239,BUY,100.18,4
1039,CANCEL_ORDER,5784,,,
1039,MARKET_ORDER,6240,BUY,,2
1040,ADD_ORDER,6241,SELL,100.17,3
1040,MARKET_ORDER,6242,SELL,,3
1040,ADD_ORDER,6243,BUY,100.17,5
1040,ADD_ORDER,6244,BUY,100.19,3
1040,ADD_ORDER,6245,SELL,100.17,2
1040,CANCEL_ORDER,2497,,,
1040,ADD_ORDER,6246,SELL,100.17,4
1041,ADD_ORDER,6247,SELL,100.24,4
1041,ADD_ORDER,6248,BUY,100.23,5
1041,CANCEL_ORDER,1925,,,
1041,ADD_ORDER,6249,BUY,100.22,1
1041,MARKET_ORDER,6250,BUY,,3
1041,ADD_ORDER,6251,BUY,100.20,2
1041,ADD_ORDER,6252,BUY,100.22,5
1042,ADD_ORDER,6253,BUY,100.23,3
1042,ADD_ORDER,6254,SELL,100.23,1
1042,ADD_ORDER,6255,BUY,100.23,5
1042,ADD_ORDER,6256,BUY,100.24,3
1042,ADD_ORDER,6257,BUY,100.23,3
1042,ADD_ORDER,6258,BUY,100.24,5
1043,MARKET_ORDER,6259,BUY,,3
1043,ADD_ORDER,6260,BUY,100.23,3
1043,ADD_ORDER,6261,SELL,100.20,4
1043,ADD_ORDER,6262,BUY,100.23,3
1043,ADD_ORDER,6263,BUY,100.27,2
1043,ADD_ORDER,6264,SELL,100.22,5
1044,MARKET_ORDER,6265,BUY,,2
1044,ADD_ORDER,6266,BUY,100.24,3
1044,ADD_ORDER,6267,SELL,100.22,5
1044,ADD_ORDER,6268,BUY,100.21,1
1044,ADD_ORDER,6269,BUY,100.24,5
1044,ADD_ORDER,6270,SELL,100.23,3
1045,CANCEL_ORDER,5826,,,
1045,ADD_ORDER,6271,SELL,100.23,4
1045,MARKET_ORDER,6272,BUY,,2
1045,ADD_ORDER,6273,BUY,100.22,1
1045,ADD_ORDER,6274,BUY,100.21,5
1045,MARKET_ORDER,6275,SELL,,5
1045,ADD_ORDER,6276,BUY,100.23,5
1046,ADD_ORDER,6277,BUY,100.20,1
1046,ADD_ORDER,6278,BUY,100.24,4
1046,ADD_ORDER,6279,SELL,100.30,2
1046,ADD_ORDER,6280,BUY,100.23,4
1046,ADD_ORDER,6281,BUY,100.22,1
1046,ADD_ORDER,6282,SELL,100.21,3
1047,ADD_ORDER,6283,SELL,100.23,1
1047,MARKET_ORDER,6284,SELL,,5
1047,ADD_ORDER,6285,SELL,100.21,3
1047,CANCEL_ORDER,6098,,,
1047,ADD_ORDER,6286,BUY,100.19,3
1047,MARKET_ORDER,6287,BUY,,2
1047,ADD_ORDER,6288,SELL,100.27,5
1048,ADD_ORDER,6289,BUY,100.31,4
1048,CANCEL_ORDER,4236,,,
1048,ADD_ORDER,6290,SELL,100.22,5
1048,ADD_ORDER,6291,SELL,100.31,2
1048,CANCEL_ORDER,3030,,,
1048,ADD_ORDER,6292,SELL,100.26,3
1048,CANCEL_ORDER,6091,,,
1048,ADD_ORDER,6293,SELL,100.29,3
1048,ADD_ORDER,6294,BUY,100.26,2
1049,ADD_ORDER,6295,SELL,100.24,4
1049,ADD_ORDER,6296,BUY,100.23,5
1049,ADD_ORDER,6297,SELL,100.26,4
1049,ADD_ORDER,6298,BUY,100.22,1
1049,ADD_ORDER,6299,SELL,100.31,2
1049,MARKET_ORDER,6300,SELL,,5
1050,ADD_ORDER,6301,SELL,100.22,4
1050,ADD_ORDER,6302,BUY,100.25,5
1050,ADD_ORDER,6303,BUY,100.24,5
1050,CANCEL_ORDER,4126,,,
1050,ADD_ORDER,6304,BUY,100.28,1
1050,MARKET_ORDER,6305,SELL,,1
1050,ADD_ORDER,6306,BUY,100.25,5
1051,ADD_ORDER,6307,BUY,100.21,1
1051,MARKET_ORDER,6308,BUY,,1
1051,ADD_ORDER,6309,BUY,100.28,1
1051,CANCEL_ORDER,3973,,,
1051,ADD_ORDER,6310,BUY,100.27,4
1051,ADD_ORDER,6311,SELL,100.23,2
1051,CANCEL_ORDER,3693,,,
1051,ADD_ORDER,6312,SELL,100.23,1
1052,ADD_ORDER,6313,BUY,100.27,4
1052,CANCEL_ORDER,4058,,,
1052,ADD_ORDER,6314,SELL,100.27,4
1052,MARKET_ORDER,6315,BUY,,4
1052,ADD_ORDER,6316,SELL,100.26,1
1052,ADD_ORDER,6317,SELL,100.27,3
1052,ADD_ORDER,6318,SELL,100.27,3
1053,MARKET_ORDER,6319,BUY,,2
1053,ADD_ORDER,6320,BUY,100.24,2
1053,ADD_ORDER,6321,SELL,100.25,3
1053,ADD_ORDER,6322,SELL,100.33,1
1053,ADD_ORDER,6323,SELL,100.27,3
1053,ADD_ORDER,6324,SELL,100.30,4
1054,ADD_ORDER,6325,BUY,100.32,2
1054,ADD_ORDER,6326,BUY,100.26,1
1054,ADD_ORDER,6327,SELL,100.26,1
1054,MARKET_ORDER,6328,SELL,,4
1054,ADD_ORDER,6329,SELL,100.23,1
1054,ADD_ORDER,6330,BUY,100.22,5
1055,ADD_ORDER,6331,SELL,100.24,2
1055,ADD_ORDER,6332,SELL,100.22,1
1055,ADD_ORDER,6333,SELL,100.23,2
1055,ADD_ORDER,6334,BUY,100.26,3
1055,MARKET_ORDER,6335,BUY,,2
1055,MARKET_ORDER,6336,BUY,,4
1056,ADD_ORDER,6337,SELL,100.32,3
1056,ADD_ORDER,6338,BUY,100.28,3
1056,ADD_ORDER,6339,SELL,100.27,3
1056,ADD_ORDER,6340,SELL,100.26,2
1056,ADD_ORDER,6341,SELL,100.28,2
1056,ADD_ORDER,6342,BUY,100.28,4
1057,CANCEL_ORDER,5400,,,
1057,ADD_ORDER,6343,SELL,100.28,1
1057,ADD_ORDER,6344,BUY,100.26,2
1057,ADD_ORDER,6345,BUY,100.32,1
1057,CANCEL_ORDER,3321,,,
1057,MARKET_ORDER,6346,BUY,,5
1057,CANCEL_ORDER,3945,,,
1057,ADD_ORDER,6347,BUY,100.24,2
1057,ADD_ORDER,6348,BUY,100.24,3
1058,ADD_ORDER,6349,BUY,100.27,2
1058,ADD_ORDER,6350,SELL,100.27,5
1058,ADD_ORDER,6351,SELL,100.25,3
1058,CANCEL_ORDER,5097,,,
1058,ADD_ORDER,6352,BUY,100.29,3
1058,MARKET_ORDER,6353,BUY,,4
1058,ADD_ORDER,6354,SELL,100.28,2
1059,MARKET_ORDER,6355,BUY,,2
1059,ADD_ORDER,6356,SELL,100.29,4
1059,ADD_ORDER,6357,SELL,100.35,4
1059,CANCEL_ORDER,6212,,,
1059,ADD_ORDER,6358,SELL,100.26,4
1059,CANCEL_ORDER,4641,,,
1059,MARKET_ORDER,6359,BUY,,4
1059,ADD_ORDER,6360,SELL,100.27,4
1060,ADD_ORDER,6361,SELL,100.26,4
1060,ADD_ORDER,6362,SELL,100.26,5
1060,ADD_ORDER,6363,BUY,100.25,5
1060,ADD_ORDER,6364,BUY,100.26,3
1060,CANCEL_ORDER,3628,,,
1060,ADD_ORDER,6365,BUY,100.24,4
1060,ADD_ORDER,6366,BUY,100.24,3
1061,MARKET_ORDER,6367,BUY,,4
1061,ADD_ORDER,6368,BUY,100.23,4
1061,ADD_ORDER,6369,BUY,100.24,2
1061,MARKET_ORDER,6370,SELL,,5
1061,ADD_ORDER,6371,SELL,100.23,2
1061,ADD_ORDER,6372,BUY,100.30,5
1062,ADD_ORDER,6373,SELL,100.27,5
1062,ADD_ORDER,6374,BUY,100.23,1
1062,ADD_ORDER,6375,SELL,100.26,4
1062,ADD_ORDER,6376,BUY,100.24,1
1062,CANCEL_ORDER,4005,,,
1062,ADD_ORDER,6377,SELL,100.24,1
1062,ADD_ORDER,6378,SELL,100.23,3
1063,MARKET_ORDER,6379,SELL,,4
1063,ADD_ORDER,6380,SELL,100.24,1
1063,CANCEL_ORDER,3694,,,
1063,ADD_ORDER,6381,BUY,100.34,4
1063,ADD_ORDER,6382,SELL,100.31,4
1063,ADD_ORDER,6383,BUY,100.28,3
1063,ADD_ORDER,6384,BUY,100.24,4
1064,ADD_ORDER,6385,SELL,100.35,4
1064,ADD_ORDER,6386,SELL,100.29,1
1064,ADD_ORDER,6387,SELL,100.28,2
1064,ADD_ORDER,6388,SELL,100.30,1
1064,ADD_ORDER,6389,SELL,100.29,1
1064,ADD_ORDER,6390,BUY,100.29,4
1065,ADD_ORDER,6391,BUY,100.33,3
1065,ADD_ORDER,6392,SELL,100.27,5
1065,ADD_ORDER,6393,SELL,100.24,3
1065,ADD_ORDER,6394,BUY,100.24,1
1065,MARKET_ORDER,6395,SELL,,5
1065,CANCEL_ORDER,3290,,,
1065,ADD_ORDER,6396,BUY,100.24,5
1066,ADD_ORDER,6397,SELL,100.23,4
1066,ADD_ORDER,6398,SELL,100.26,3
1066,ADD_ORDER,6399,BUY,100.23,3
1066,ADD_ORDER,6400,BUY,100.25,2
1066,ADD_ORDER,6401,SELL,100.32,5
1066,ADD_ORDER,6402,BUY,100.26,1
1067,ADD_ORDER,6403,SELL,100.26,3
1067,MARKET_ORDER,6404,BUY,,1
1067,ADD_ORDER,6405,SELL,100.25,4
1067,ADD_ORDER,6406,BUY,100.25,1
1067,ADD_ORDER,6407,SELL,100.27,3
1067,MARKET_ORDER,6408,SELL,,4
1068,ADD_ORDER,6409,SELL,100.25,1
1068,ADD_ORDER,6410,SELL,100.23,2
1068,ADD_ORDER,6411,BUY,100.21,2
1068,ADD_ORDER,6412,BUY,100.29,5
1068,ADD_ORDER,6413,BUY,100.25,4
1068,ADD_ORDER,6414,BUY,100.21,1
1069,ADD_ORDER,6415,BUY,100.23,5
1069,ADD_ORDER,6416,SELL,100.22,1
1069,ADD_ORDER,6417,BUY,100.20,5
1069,ADD_ORDER,6418,SELL,100.23,3
1069,ADD_ORDER,6419,SELL,100.22,3
1069,ADD_ORDER,6420,BUY,100.21,4
1070,MARKET_ORDER,6421,BUY,,2
1070,ADD_ORDER,6422,BUY,100.28,4
1070,CANCEL_ORDER,687,,,
1070,ADD_ORDER,6423,SELL,100.24,4
1070,MARKET_ORDER,6424,SELL,,5
1070,ADD_ORDER,6425,SELL,100.20,4
1070,ADD_ORDER,6426,BUY,100.20,5
1071,ADD_ORDER,6427,BUY,100.21,1
1071,MARKET_ORDER,6428,BUY,,4
1071,ADD_ORDER,6429,SELL,100.24,3
1071,ADD_ORDER,6430,SELL,100.23,4
1071,MARKET_ORDER,6431,BUY,,5
1071,ADD_ORDER,6432,BUY,100.23,3
1072,ADD_ORDER,6433,BUY,100.21,3
1072,ADD_ORDER,6434,BUY,100.23,1
1072,ADD_ORDER,6435,BUY,100.21,5
1072,ADD_ORDER,6436,SELL,100.24,2
1072,ADD_ORDER,6437,BUY,100.21,1
1072,CANCEL_ORDER,1378,,,
1072,ADD_ORDER,6438,SELL,100.20,4
1073,ADD_ORDER,6439,SELL,100.23,3
1073,ADD_ORDER,6440,BUY,100.23,3
1073,ADD_ORDER,6441,SELL,100.21,5
1073,ADD_ORDER,6442,BUY,100.22,1
1073,MARKET_ORDER,6443,BUY,,5
1073,MARKET_ORDER,6444,BUY,,4
1074,ADD_ORDER,6445,SELL,100.23,1
1074,MARKET_ORDER,6446,BUY,,4
1074,CANCEL_ORDER,5240,,,
1074,ADD_ORDER,6447,SELL,100.21,3
1074,ADD_ORDER,6448,SELL,100.23,4
1074,ADD_ORDER,6449,BUY,100.23,4
1074,ADD_ORDER,6450,BUY,100.22,5
1075,ADD_ORDER,6451,BUY,100.30,1
1075,CANCEL_ORDER,4105,,,
1075,ADD_ORDER,6452,BUY,100.26,1
1075,ADD_ORDER,6453,BUY,100.22,5
1075,ADD_ORDER,6454,SELL,100.24,2
1075,ADD_ORDER,6455,SELL,100.20,2
1075,ADD_ORDER,6456,BUY,100.21,4
1076,ADD_ORDER,6457,SELL,100.22,4
1076,ADD_ORDER,6458,BUY,100.20,1
1076,ADD_ORDER,6459,SELL,100.23,3
1076,CANCEL_ORDER,1581,,,
1076,ADD_ORDER,6460,SELL,100.20,3
1076,ADD_ORDER,6461,SELL,100.27,2
1076,ADD_ORDER,6462,SELL,100.22,2
1077,CANCEL_ORDER,4110,,,
1077,ADD_ORDER,6463,SELL,100.25,2
1077,ADD_ORDER,6464,SELL,100.30,4
1077,ADD_ORDER,6465,BUY,100.21,1
1077,MARKET_ORDER,6466,BUY,,4
1077,MARKET_ORDER,6467,SELL,,4
1077,ADD_ORDER,6468,BUY,100.25,1
1078,ADD_ORDER,6469,SELL,100.26,1
1078,ADD_ORDER,6470,SELL,100.23,3
1078,ADD_ORDER,6471,BUY,100.27,4
1078,ADD_ORDER,6472,BUY,100.19,2
1078,CANCEL_ORDER,1930,,,
1078,MARKET_ORDER,6473,BUY,,4
1078,CANCEL_ORDER,5994,,,
1078,ADD_ORDER,6474,SELL,100.29,3
1079,ADD_ORDER,6475,BUY,100.20,5
1079,CANCEL_ORDER,5178,,,
1079,ADD_ORDER,6476,BUY,100.16,3
1079,ADD_ORDER,6477,BUY,100.19,4
1079,ADD_ORDER,6478,BUY,100.19,1
1079,ADD_ORDER,6479,BUY,100.17,3
1079,CANCEL_ORDER,6318,,,
1079,ADD_ORDER,6480,BUY,100.24,2
1080,CANCEL_ORDER,3658,,,
1080,ADD_ORDER,6481,BUY,100.16,2
1080,ADD_ORDER,6482,SELL,100.16,4
1080,ADD_ORDER,6483,SELL,100.14,3
1080,MARKET_ORDER,6484,BUY,,2
1080,ADD_ORDER,6485,BUY,100.15,5
1080,MARKET_ORDER,6486,BUY,,2
1081,ADD_ORDER,6487,BUY,100.14,1
1081,ADD_ORDER,6488,SELL,100.16,4
1081,ADD_ORDER,6489,BUY,100.15,1
1081,MARKET_ORDER,6490,SELL,,5
1081,ADD_ORDER,6491,BUY,100.17,5
1081,ADD_ORDER,6492,BUY,100.15,5
1082,ADD_ORDER,6493,SELL,100.19,4
1082,CANCEL_ORDER,2075,,,
1082,ADD_ORDER,6494,BUY,100.17,1
1082,CANCEL_ORDER,5655,,,
1082,ADD_ORDER,6495,SELL,100.17,4
1082,ADD_ORDER,6496,SELL,100.19,3
1082,ADD_ORDER,6497,BUY,100.18,2
1082,CANCEL_ORDER,2077,,,
1082,ADD_ORDER,6498,BUY,100.17,2
1083,ADD_ORDER,6499,SELL,100.18,2
1083,ADD_ORDER,6500,BUY,100.18,3
1083,ADD_ORDER,6501,BUY,100.25,5
1083,ADD_ORDER,6502,SELL,100.15,1
1083,ADD_ORDER,6503,SELL,100.17,4
1083,ADD_ORDER,6504,BUY,100.19,3
1084,ADD_ORDER,6505,SELL,100.14,2
1084,ADD_ORDER,6506,BUY,100.14,2
1084,ADD_ORDER,6507,SELL,100.17,4
1084,ADD_ORDER,6508,BUY,100.18,5
1084,CANCEL_ORDER,6347,,,
1084,MARKET_ORDER,6509,BUY,,2
1084,ADD_ORDER,6510,SELL,100.15,5
1085,ADD_ORDER,6511,BUY,100.15,5
1085,ADD_ORDER,6512,BUY,100.22,3
1085,CANCEL_ORDER,6232,,,
1085,ADD_ORDER,6513,BUY,100.15,3
1085,MARKET_ORDER,6514,SELL,,2
1085,MARKET_ORDER,6515,SELL,,3
1085,ADD_ORDER,6516,BUY,100.17,3
1086,ADD_ORDER,6517,BUY,100.15,5
1086,ADD_ORDER,6518,SELL,100.15,5
1086,ADD_ORDER,6519,SELL,100.17,5
1086,MARKET_ORDER,6520,BUY,,4
1086,ADD_ORDER,6521,BUY,100.16,2
1086,ADD_ORDER,6522,SELL,100.24,5
1087,CANCEL_ORDER,4959,,,
1087,ADD_ORDER,6523,BUY,100.15,2
1087,ADD_ORDER,6524,BUY,100.13,5
1087,MARKET_ORDER,6525,SELL,,5
1087,CANCEL_ORDER,1744,,,
1087,ADD_ORDER,6526,SELL,100.16,5
1087,ADD_ORDER,6527,BUY,100.13,2
1087,ADD_ORDER,6528,SELL,100.14,1
1088,ADD_ORDER,6529,BUY,100.19,5
1088,ADD_ORDER,6530,SELL,100.19,2
1088,ADD_ORDER,6531,SELL,100.18,3
1088,ADD_ORDER,6532,SELL,100.18,4
1088,MARKET_ORDER,6533,SELL,,2
1088,ADD_ORDER,6534,SELL,100.27,2
1089,MARKET_ORDER,6535,BUY,,3
1089,CANCEL_ORDER,5546,,,
1089,ADD_ORDER,6536,SELL,100.20,3
1089,MARKET_ORDER,6537,BUY,,1
1089,ADD_ORDER,6538,BUY,100.24,1
1089,ADD_ORDER,6539,BUY,100.21,1
1089,CANCEL_ORDER,1681,,,
1089,ADD_ORDER,6540,SELL,100.20,3
1090,ADD_ORDER,6541,SELL,100.17,1
1090,CANCEL_ORDER,3646,,,
1090,ADD_ORDER,6542,SELL,100.17,1
1090,ADD_ORDER,6543,SELL,100.18,5
1090,ADD_ORDER,6544,SELL,100.19,5
1090,CANCEL_ORDER,5021,,,
1090,ADD_ORDER,6545,SELL,100.18,5
1090,ADD_ORDER,6546,SELL,100.18,3
1091,CANCEL_ORDER,4451,,,
1091,ADD_ORDER,6547,BUY,100.26,2
1091,ADD_ORDER,6548,SELL,100.18,3
1091,ADD_ORDER,6549,SELL,100.25,2
1091,ADD_ORDER,6550,BUY,100.18,4
1091,MARKET_ORDER,6551,BUY,,4
1091,CANCEL_ORDER,2891,,,
1091,ADD_ORDER,6552,SELL,100.20,1
1092,ADD_ORDER,6553,BUY,100.14,2
1092,ADD_ORDER,6554,BUY,100.15,3
1092,ADD_ORDER,6555,BUY,100.22,2
1092,ADD_ORDER,6556,SELL,100.24,1
1092,ADD_ORDER,6557,SELL,100.17,4
1092,ADD_ORDER,6558,BUY,100.23,4
1093,ADD_ORDER,6559,SELL,100.17,3
1093,MARKET_ORDER,6560,BUY,,2
1093,CANCEL_ORDER,2261,,,
1093,ADD_ORDER,6561,BUY,100.15,1
1093,ADD_ORDER,6562,SELL,100.15,1
1093,MARKET_ORDER,6563,BUY,,5
1093,ADD_ORDER,6564,SELL,100.13,2
1094,ADD_ORDER,6565,SELL,100.13,3
1094,ADD_ORDER,6566,SELL,100.14,1
1094,MARKET_ORDER,6567,BUY,,3
1094,ADD_ORDER,6568,BUY,100.20,5
1094,ADD_ORDER,6569,BUY,100.15,2
1094,CANCEL_ORDER,2180,,,
1094,ADD_ORDER,6570,BUY,100.16,2
1095,CANCEL_ORDER,1255,,,
1095,ADD_ORDER,6571,BUY,100.11,1
1095,ADD_ORDER,6572,SELL,100.13,2
1095,MARKET_ORDER,6573,SELL,,5
1095,ADD_ORDER,6574,SELL,100.10,4
1095,CANCEL_ORDER,1339,,,
1095,ADD_ORDER,6575,SELL,100.09,4
1095,CANCEL_ORDER,3061,,,
1095,ADD_ORDER,6576,SELL,100.18,3
1096,ADD_ORDER,6577,BUY,100.10,1
1096,ADD_ORDER,6578,BUY,100.18,3
1096,MARKET_ORDER,6579,BUY,,2
1096,ADD_ORDER,6580,SELL,100.10,4
1096,ADD_ORDER,6581,SELL,100.13,3
1096,CANCEL_ORDER,4741,,,
1096,ADD_ORDER,6582,BUY,100.13,5
1097,ADD_ORDER,6583,SELL,100.12,2
1097,ADD_ORDER,6584,SELL,100.11,5
1097,ADD_ORDER,6585,SELL,100.10,4
1097,ADD_ORDER,6586,BUY,100.19,2
1097,ADD_ORDER,6587,BUY,100.09,3
1097,ADD_ORDER,6588,BUY,100.10,1
1098,ADD_ORDER,6589,SELL,100.14,3
1098,ADD_ORDER,6590,BUY,100.14,4
1098,MARKET_ORDER,6591,SELL,,2
1098,ADD_ORDER,6592,SELL,100.14,1
1098,ADD_ORDER,6593,BUY,100.14,1
1098,ADD_ORDER,6594,BUY,100.12,2
1099,ADD_ORDER,6595,SELL,100.13,5
1099,ADD_ORDER,6596,BUY,100.09,1
1099,ADD_ORDER,6597,BUY,100.11,4
1099,ADD_ORDER,6598,SELL,100.19,2
1099,MARKET_ORDER,6599,SELL,,4
1099,ADD_ORDER,6600,SELL,100.17,2
1100,CANCEL_ORDER,5880,,,
1100,ADD_ORDER,6601,SELL,100.11,1
1100,CANCEL_ORDER,1971,,,
1100,ADD_ORDER,6602,SELL,100.13,5
1100,ADD_ORDER,6603,BUY,100.10,4
1100,ADD_ORDER,6604,BUY,100.09,4
1100,ADD_ORDER,6605,SELL,100.11,4
1100,CANCEL_ORDER,2747,,,
1100,ADD_ORDER,6606,BUY,100.10,5
1101,MARKET_ORDER,6607,BUY,,2
1101,ADD_ORDER,6608,SELL,100.04,3
1101,ADD_ORDER,6609,SELL,100.06,1
1101,MARKET_ORDER,6610,SELL,,4
1101,ADD_ORDER,6611,SELL,100.08,2
1101,ADD_ORDER,6612,BUY,100.05,1
1102,ADD_ORDER,6613,SELL,100.08,3
1102,ADD_ORDER,6614,SELL,100.06,3
1102,CANCEL_ORDER,5436,,,
1102,ADD_ORDER,6615,BUY,100.07,1
1102,ADD_ORDER,6616,SELL,100.10,1
1102,ADD_ORDER,6617,BUY,100.08,3
1102,ADD_ORDER,6618,BUY,100.08,3
1103,CANCEL_ORDER,5561,,,
1103,ADD_ORDER,6619,BUY,100.08,5
1103,MARKET_ORDER,6620,SELL,,2
1103,CANCEL_ORDER,4067,,,
1103,ADD_ORDER,6621,SELL,100.13,3
1103,CANCEL_ORDER,5847,,,
1103,MARKET_ORDER,6622,SELL,,5
1103,ADD_ORDER,6623,SELL,100.09,4
1103,ADD_ORDER,6624,BUY,100.16,3
1104,MARKET_ORDER,6625,BUY,,5
1104,ADD_ORDER,6626,SELL,100.12,2
1104,ADD_ORDER,6627,BUY,100.19,3
1104,ADD_ORDER,6628,SELL,100.11,4
1104,ADD_ORDER,6629,SELL,100.13,1
1104,MARKET_ORDER,6630,BUY,,5
1105,ADD_ORDER,6631,SELL,100.07,1
1105,ADD_ORDER,6632,SELL,100.08,1
1105,CANCEL_ORDER,3498,,,
1105,MARKET_ORDER,6633,BUY,,5
1105,ADD_ORDER,6634,BUY,100.08,4
1105,ADD_ORDER,6635,BUY,100.14,2
1105,ADD_ORDER,6636,SELL,100.06,1
1106,ADD_ORDER,6637,BUY,100.08,2
1106,CANCEL_ORDER,5731,,,
1106,ADD_ORDER,6638,BUY,100.04,4
1106,ADD_ORDER,6639,BUY,100.08,2
1106,ADD_ORDER,6640,BUY,100.13,4
1106,ADD_ORDER,6641,BUY,100.06,3
1106,CANCEL_ORDER,6062,,,
1106,ADD_ORDER,6642,BUY,100.14,5
1107,CANCEL_ORDER,3413,,,
1107,ADD_ORDER,6643,SELL,100.07,4
1107,ADD_ORDER,6644,BUY,100.09,2
1107,ADD_ORDER,6645,BUY,100.05,5
1107,MARKET_ORDER,6646,BUY,,2
1107,ADD_ORDER,6647,SELL,100.06,3
1107,MARKET_ORDER,6648,BUY,,1
1108,CANCEL_ORDER,2586,,,
1108,ADD_ORDER,6649,SELL,100.12,2
1108,MARKET_ORDER,6650,SELL,,4
1108,ADD_ORDER,6651,SELL,100.05,5
1108,CANCEL_ORDER,4808,,,
1108,ADD_ORDER,6652,SELL,100.04,3
1108,MARKET_ORDER,6653,SELL,,3
1108,CANCEL_ORDER,2330,,,
1108,ADD_ORDER,6654,SELL,100.08,2
1109,ADD_ORDER,6655,SELL,100.03,4
1109,ADD_ORDER,6656,SELL,100.03,5
1109,ADD_ORDER,6657,SELL,100.06,2
1109,ADD_ORDER,6658,BUY,100.05,4
1109,CANCEL_ORDER,4893,,,
1109,ADD_ORDER,6659,BUY,100.04,2
1109,CANCEL_ORDER,4273,,,
1109,MARKET_ORDER,6660,BUY,,5
1110,MARKET_ORDER,6661,SELL,,3
1110,ADD_ORDER,6662,SELL,100.05,2
1110,ADD_ORDER,6663,SELL,100.10,1
1110,ADD_ORDER,6664,SELL,100.07,5
1110,CANCEL_ORDER,4194,,,
1110,ADD_ORDER,6665,SELL,100.05,5
1110,ADD_ORDER,6666,SELL,100.09,4
1111,ADD_ORDER,6667,SELL,100.03,4
1111,ADD_ORDER,6668,SELL,100.03,3
1111,ADD_ORDER,6669,SELL,100.04,4
1111,ADD_ORDER,6670,BUY,100.05,1
1111,ADD_ORDER,6671,BUY,100.05,1
1111,CANCEL_ORDER,6593,,,
1111,MARKET_ORDER,6672,BUY,,4
1112,ADD_ORDER,6673,SELL,100.06,4
1112,CANCEL_ORDER,4907,,,
1112,ADD_ORDER,6674,SELL,100.08,4
1112,ADD_ORDER,6675,BUY,100.08,5
1112,ADD_ORDER,6676,SELL,100.06,2
1112,MARKET_ORDER,6677,SELL,,3
1112,CANCEL_ORDER,5235,,,
1112,ADD_ORDER,6678,BUY,100.09,3
1113,ADD_ORDER,6679,SELL,100.12,3
1113,MARKET_ORDER,6680,BUY,,3
1113,ADD_ORDER,6681,BUY,100.06,3
1113,ADD_ORDER,6682,BUY,100.06,2
1113,CANCEL_ORDER,5735,,,
1113,ADD_ORDER,6683,SELL,100.07,2
1113,ADD_ORDER,6684,BUY,100.06,1
1114,ADD_ORDER,6685,SELL,100.08,4
1114,ADD_ORDER,6686,BUY,100.06,2
1114,CANCEL_ORDER,2793,,,
1114,ADD_ORDER,6687,BUY,100.02,2
1114,ADD_ORDER,6688,SELL,100.03,3
1114,CANCEL_ORDER,2868,,,
1114,MARKET_ORDER,6689,SELL,,3
1114,CANCEL_ORDER,5647,,,
1114,ADD_ORDER,6690,BUY,100.06,3
1115,ADD_ORDER,6691,BUY,100.06,1
1115,ADD_ORDER,6692,BUY,100.03,3
1115,ADD_ORDER,6693,BUY,100.05,3
1115,CANCEL_ORDER,1631,,,
1115,ADD_ORDER,6694,SELL,100.05,4
1115,ADD_ORDER,6695,SELL,100.11,2
1115,CANCEL_ORDER,1868,,,
1115,ADD_ORDER,6696,BUY,100.04,2
1116,MARKET_ORDER,6697,BUY,,3
1116,ADD_ORDER,6698,BUY,100.05,5
1116,ADD_ORDER,6699,BUY,100.07,2
1116,MARKET_ORDER,6700,BUY,,4
1116,ADD_ORDER,6701,BUY,100.05,5
1116,ADD_ORDER,6702,SELL,100.10,1
1117,ADD_ORDER,6703,SELL,100.07,2
1117,CANCEL_ORDER,5864,,,
1117,ADD_ORDER,6704,BUY,100.06,2
1117,ADD_ORDER,6705,BUY,100.15,4
1117,ADD_ORDER,6706,BUY,100.09,3
1117,ADD_ORDER,6707,SELL,100.06,1
1117,ADD_ORDER,6708,SELL,100.07,3
1118,ADD_ORDER,6709,SELL,100.06,3
1118,ADD_ORDER,6710,BUY,100.04,5
1118,ADD_ORDER,6711,SELL,100.05,4
1118,MARKET_ORDER,6712,BUY,,2
1118,ADD_ORDER,6713,BUY,100.06,2
1118,CANCEL_ORDER,2568,,,
1118,ADD_ORDER,6714,SELL,100.10,2
1119,MARKET_ORDER,6715,SELL,,4
1119,ADD_ORDER,6716,BUY,100.05,3
1119,ADD_ORDER,6717,SELL,100.06,5
1119,ADD_ORDER,6718,BUY,100.04,3
1119,ADD_ORDER,6719,BUY,100.08,2
1119,ADD_ORDER,6720,SELL,100.14,2
1120,ADD_ORDER,6721,SELL,100.13,1
1120,ADD_ORDER,6722,SELL,100.05,5
1120,ADD_ORDER,6723,BUY,100.03,1
1120,ADD_ORDER,6724,BUY,100.06,3
1120,MARKET_ORDER,6725,SELL,,1
1120,ADD_ORDER,6726,SELL,100.03,4
1121,ADD_ORDER,6727,SELL,100.07,3
1121,ADD_ORDER,6728,SELL,100.11,1
1121,ADD_ORDER,6729,BUY,100.01,5
1121,CANCEL_ORDER,3744,,,
1121,ADD_ORDER,6730,SELL,100.04,3
1121,ADD_ORDER,6731,SELL,100.03,3
1121,ADD_ORDER,6732,BUY,100.03,5
1122,ADD_ORDER,6733,SELL,100.03,1
1122,CANCEL_ORDER,4390,,,
1122,ADD_ORDER,6734,SELL,100.02,3
1122,ADD_ORDER,6735,SELL,100.05,3
1122,ADD_ORDER,6736,SELL,100.01,2
1122,ADD_ORDER,6737,SELL,100.01,2
1122,ADD_ORDER,6738,SELL,100.01,4
1123,ADD_ORDER,6739,SELL,100.06,5
1123,ADD_ORDER,6740,BUY,100.05,5
1123,ADD_ORDER,6741,BUY,100.07,5
1123,MARKET_ORDER,6742,BUY,,5
1123,CANCEL_ORDER,2547,,,
1123,ADD_ORDER,6743,BUY,100.07,5
1123,ADD_ORDER,6744,SELL,100.05,1
1124,CANCEL_ORDER,806,,,
1124,ADD_ORDER,6745,BUY,100.09,3
1124,MARKET_ORDER,6746,BUY,,1
1124,ADD_ORDER,6747,BUY,100.07,5
1124,CANCEL_ORDER,2407,,,
1124,ADD_ORDER,6748,BUY,100.14,3
1124,CANCEL_ORDER,4111,,,
1124,ADD_ORDER,6749,BUY,100.09,5
1124,ADD_ORDER,6750,SELL,100.09,1
1125,CANCEL_ORDER,397,,,
1125,ADD_ORDER,6751,SELL,100.13,5
1125,ADD_ORDER,6752,SELL,100.10,3
1125,CANCEL_ORDER,2749,,,
1125,ADD_ORDER,6753,BUY,100.12,5
1125,CANCEL_ORDER,1160,,,
1125,ADD_ORDER,6754,BUY,100.13,2
1125,MARKET_ORDER,6755,BUY,,2
1125,ADD_ORDER,6756,BUY,100.14,2
1126,ADD_ORDER,6757,BUY,100.13,2
1126,MARKET_ORDER,6758,SELL,,4
1126,ADD_ORDER,6759,BUY,100.13,4
1126,MARKET_ORDER,6760,SELL,,5
1126,ADD_ORDER,6761,SELL,100.11,3
1126,ADD_ORDER,6762,SELL,100.14,5
1127,ADD_ORDER,6763,BUY,100.12,5
1127,CANCEL_ORDER,630,,,
1127,ADD_ORDER,6764,BUY,100.10,2
1127,CANCEL_ORDER,4289,,,
1127,ADD_ORDER,6765,SELL,100.16,1
1127,ADD_ORDER,6766,SELL,100.10,3
1127,CANCEL_ORDER,4872,,,
1127,ADD_ORDER,6767,SELL,100.14,5
1127,MARKET_ORDER,6768,BUY,,3
1128,ADD_ORDER,6769,BUY,100.12,4
1128,ADD_ORDER,6770,BUY,100.15,3
1128,ADD_ORDER,6771,BUY,100.13,2
1128,ADD_ORDER,6772,SELL,100.15,4
1128,ADD_ORDER,6773,SELL,100.18,1
1128,MARKET_ORDER,6774,SELL,,3
1129,ADD_ORDER,6775,SELL,100.11,5
1129,ADD_ORDER,6776,BUY,100.09,3
1129,CANCEL_ORDER,6576,,,
1129,ADD_ORDER,6777,BUY,100.10,5
1129,ADD_ORDER,6778,SELL,100.10,4
1129,CANCEL_ORDER,2954,,,
1129,MARKET_ORDER,6779,SELL,,2
1129,MARKET_ORDER,6780,SELL,,1
1130,ADD_ORDER,6781,SELL,100.02,3
1130,CANCEL_ORDER,3616,,,
1130,ADD_ORDER,6782,BUY,100.08,1
1130,ADD_ORDER,6783,SELL,100.03,3
1130,ADD_ORDER,6784,SELL,100.07,5
1130,ADD_ORDER,6785,SELL,100.04,1
1130,ADD_ORDER,6786,SELL,100.01,1
1131,ADD_ORDER,6787,BUY,100.02,4
1131,ADD_ORDER,6788,BUY,100.01,1
1131,ADD_ORDER,6789,BUY,100.01,2
1131,ADD_ORDER,6790,SELL,100.05,2
1131,CANCEL_ORDER,2981,,,
1131,ADD_ORDER,6791,SELL,100.07,4
1131,ADD_ORDER,6792,SELL,100.01,2
1132,ADD_ORDER,6793,BUY,100.04,4
1132,ADD_ORDER,6794,SELL,100.03,2
1132,ADD_ORDER,6795,BUY,100.06,1
1132,ADD_ORDER,6796,BUY,100.03,3
1132,CANCEL_ORDER,4034,,,
1132,ADD_ORDER,6797,BUY,100.02,3
1132,ADD_ORDER,6798,SELL,100.03,4
1133,ADD_ORDER,6799,BUY,100.02,1
1133,ADD_ORDER,6800,SELL,100.04,3
1133,ADD_ORDER,6801,BUY,100.06,1
1133,ADD_ORDER,6802,BUY,100.03,1
1133,ADD_ORDER,6803,BUY,100.03,5
1133,ADD_ORDER,6804,BUY,100.04,4
1134,ADD_ORDER,6805,BUY,100.01,1
1134,CANCEL_ORDER,3317,,,
1134,ADD_ORDER,6806,SELL,100.02,1
1134,CANCEL_ORDER,4898,,,
1134,ADD_ORDER,6807,BUY,100.01,2
1134,MARKET_ORDER,6808,BUY,,1
1134,ADD_ORDER,6809,BUY,100.01,5
1134,ADD_ORDER,6810,BUY,100.04,4
1135,CANCEL_ORDER,2456,,,
1135,ADD_ORDER,6811,SELL,100.03,4
1135,ADD_ORDER,6812,SELL,100.02,1
1135,MARKET_ORDER,6813,BUY,,4
1135,ADD_ORDER,6814,SELL,100.03,4
1135,ADD_ORDER,6815,BUY,100.00,3
1135,ADD_ORDER,6816,BUY,100.02,5
1136,ADD_ORDER,6817,SELL,100.04,4
1136,ADD_ORDER,6818,BUY,100.01,2
1136,ADD_ORDER,6819,SELL,100.00,3
1136,ADD_ORDER,6820,SELL,100.09,5
1136,ADD_ORDER,6821,SELL,100.01,4
1136,ADD_ORDER,6822,SELL,100.03,1
1137,MARKET_ORDER,6823,BUY,,2
1137,ADD_ORDER,6824,BUY,100.01,5
1137,ADD_ORDER,6825,BUY,100.00,1
1137,ADD_ORDER,6826,BUY,100.02,3
1137,ADD_ORDER,6827,BUY,100.06,3
1137,CANCEL_ORDER,2812,,,
1137,ADD_ORDER,6828,BUY,100.02,2
1138,ADD_ORDER,6829,BUY,100.02,1
1138,ADD_ORDER,6830,SELL,100.03,3
1138,ADD_ORDER,6831,BUY,99.99,3
1138,MARKET_ORDER,6832,BUY,,4
1138,ADD_ORDER,6833,BUY,100.02,4
1138,ADD_ORDER,6834,SELL,100.00,3
1139,ADD_ORDER,6835,BUY,100.06,2
1139,ADD_ORDER,6836,BUY,100.06,1
1139,ADD_ORDER,6837,BUY,100.05,5
1139,ADD_ORDER,6838,BUY,100.07,5
1139,ADD_ORDER,6839,SELL,100.13,3
1139,ADD_ORDER,6840,SELL,100.12,1
1140,ADD_ORDER,6841,SELL,100.07,5
1140,CANCEL_ORDER,2828,,,
1140,ADD_ORDER,6842,BUY,100.17,2
1140,ADD_ORDER,6843,BUY,100.07,5
1140,MARKET_ORDER,6844,BUY,,5
1140,CANCEL_ORDER,5658,,,
1140,MARKET_ORDER,6845,BUY,,4
1140,ADD_ORDER,6846,SELL,100.08,4
1141,ADD_ORDER,6847,SELL,100.08,3
1141,CANCEL_ORDER,516,,,
1141,ADD_ORDER,6848,BUY,100.13,4
1141,ADD_ORDER,6849,BUY,100.05,3
1141,MARKET_ORDER,6850,SELL,,4
1141,MARKET_ORDER,6851,SELL,,1
1141,ADD_ORDER,6852,SELL,100.05,3
1142,ADD_ORDER,6853,SELL,100.07,3
1142,CANCEL_ORDER,953,,,
1142,ADD_ORDER,6854,BUY,100.12,3
1142,ADD_ORDER,6855,BUY,100.13,2
1142,ADD_ORDER,6856,BUY,100.09,5
1142,ADD_ORDER,6857,SELL,100.10,5
1142,ADD_ORDER,6858,BUY,100.06,4
1143,CANCEL_ORDER,4548,,,
1143,ADD_ORDER,6859,BUY,100.12,2
1143,ADD_ORDER,6860,BUY,100.18,5
1143,ADD_ORDER,6861,BUY,100.11,3
1143,ADD_ORDER,6862,BUY,100.08,2
1143,ADD_ORDER,6863,SELL,100.12,3
1143,CANCEL_ORDER,3131,,,
1143,ADD_ORDER,6864,BUY,100.18,4
1144,CANCEL_ORDER,4246,,,
1144,MARKET_ORDER,6865,SELL,,5
1144,ADD_ORDER,6866,SELL,100.07,3
1144,ADD_ORDER,6867,SELL,100.09,5
1144,ADD_ORDER,6868,SELL,100.08,2
1144,ADD_ORDER,6869,BUY,100.13,4
1144,ADD_ORDER,6870,SELL,100.08,4
1145,ADD_ORDER,6871,SELL,100.06,3
1145,CANCEL_ORDER,1548,,,
1145,ADD_ORDER,6872,BUY,100.10,4
1145,ADD_ORDER,6873,SELL,100.06,2
1145,ADD_ORDER,6874,SELL,100.07,2
1145,ADD_ORDER,6875,BUY,100.09,3
1145,ADD_ORDER,6876,SELL,100.10,2
1146,MARKET_ORDER,6877,SELL,,5
1146,MARKET_ORDER,6878,BUY,,4
1146,MARKET_ORDER,6879,BUY,,4
1146,ADD_ORDER,6880,SELL,100.16,1
1146,ADD_ORDER,6881,BUY,100.06,3
1146,CANCEL_ORDER,3037,,,
1146,ADD_ORDER,6882,BUY,100.09,3
1147,CANCEL_ORDER,5759,,,
1147,ADD_ORDER,6883,SELL,100.15,5
1147,ADD_ORDER,6884,BUY,100.12,5
1147,CANCEL_ORDER,2739,,,
1147,ADD_ORDER,6885,SELL,100.14,4
1147,ADD_ORDER,6886,SELL,100.14,5
1147,ADD_ORDER,6887,BUY,100.14,5
1147,ADD_ORDER,6888,SELL,100.15,2
1148,ADD_ORDER,6889,BUY,100.12,4
1148,ADD_ORDER,6890,SELL,100.11,3
1148,CANCEL_ORDER,5642,,,
1148,ADD_ORDER,6891,BUY,100.13,5
1148,ADD_ORDER,6892,BUY,100.09,3
1148,ADD_ORDER,6893,BUY,100.18,4
1148,ADD_ORDER,6894,SELL,100.11,1
1149,ADD_ORDER,6895,BUY,100.11,3
1149,ADD_ORDER,6896,BUY,100.11,5
1149,ADD_ORDER,6897,BUY,100.12,5
1149,ADD_ORDER,6898,BUY,100.13,2
1149,ADD_ORDER,6899,BUY,100.11,4
1149,CANCEL_ORDER,823,,,
1149,ADD_ORDER,6900,BUY,100.13,5
1150,MARKET_ORDER,6901,SELL,,4
1150,ADD_ORDER,6902,BUY,100.11,4
1150,ADD_ORDER,6903,BUY,100.15,3
1150,ADD_ORDER,6904,SELL,100.13,2
1150,ADD_ORDER,6905,BUY,100.12,4
1150,CANCEL_ORDER,2590,,,
1150,ADD_ORDER,6906,BUY,100.12,5
1151,ADD_ORDER,6907,SELL,100.13,2
1151,ADD_ORDER,6908,SELL,100.10,1
1151,ADD_ORDER,6909,SELL,100.14,5
1151,MARKET_ORDER,6910,BUY,,4
1151,ADD_ORDER,6911,SELL,100.13,3
1151,CANCEL_ORDER,4413,,,
1151,ADD_ORDER,6912,SELL,100.12,3
1152,CANCEL_ORDER,52,,,
1152,ADD_ORDER,6913,BUY,100.06,4
1152,ADD_ORDER,6914,BUY,100.06,4
1152,CANCEL_ORDER,605,,,
1152,ADD_ORDER,6915,SELL,100.08,1
1152,ADD_ORDER,6916,SELL,100.05,2
1152,ADD_ORDER,6917,SELL,100.05,5
1152,ADD_ORDER,6918,SELL,100.05,5
1153,ADD_ORDER,6919,SELL,100.10,5
1153,ADD_ORDER,6920,SELL,100.09,4
1153,ADD_ORDER,6921,SELL,100.08,4
1153,ADD_ORDER,6922,BUY,100.07,4
1153,MARKET_ORDER,6923,SELL,,1
1153,ADD_ORDER,6924,BUY,100.08,3
1154,ADD_ORDER,6925,BUY,100.12,1
1154,ADD_ORDER,6926,BUY,100.09,2
1154,ADD_ORDER,6927,SELL,100.09,5
1154,MARKET_ORDER,6928,SELL,,2
1154,ADD_ORDER,6929,SELL,100.11,4
1154,CANCEL_ORDER,5034,,,
1154,ADD_ORDER,6930,BUY,100.15,1
1155,ADD_ORDER,6931,BUY,100.05,5
1155,MARKET_ORDER,6932,SELL,,5
1155,ADD_ORDER,6933,BUY,100.09,4
1155,CANCEL_ORDER,5456,,,
1155,MARKET_ORDER,6934,BUY,,2
1155,ADD_ORDER,6935,SELL,100.07,3
1155,CANCEL_ORDER,3312,,,
1155,MARKET_ORDER,6936,SELL,,1
1156,ADD_ORDER,6937,SELL,100.08,4
1156,ADD_ORDER,6938,BUY,100.05,3
1156,ADD_ORDER,6939,BUY,100.06,2
1156,CANCEL_ORDER,3859,,,
1156,MARKET_ORDER,6940,SELL,,3
1156,ADD_ORDER,6941,BUY,100.06,2
1156,ADD_ORDER,6942,SELL,100.14,5
1157,ADD_ORDER,6943,BUY,100.09,2
1157,ADD_ORDER,6944,SELL,100.10,2
1157,ADD_ORDER,6945,SELL,100.02,5
1157,CANCEL_ORDER,2849,,,
1157,MARKET_ORDER,6946,BUY,,3
1157,ADD_ORDER,6947,BUY,100.12,4
1157,ADD_ORDER,6948,SELL,100.03,5
1158,ADD_ORDER,6949,BUY,100.02,3
1158,MARKET_ORDER,6950,SELL,,1
1158,CANCEL_ORDER,4386,,,
1158,ADD_ORDER,6951,BUY,100.03,5
1158,ADD_ORDER,6952,SELL,100.04,2
1158,ADD_ORDER,6953,SELL,100.05,3
1158,CANCEL_ORDER,5585,,,
1158,MARKET_ORDER,6954,SELL,,1
1159,MARKET_ORDER,6955,SELL,,2
1159,ADD_ORDER,6956,BUY,100.05,2
1159,ADD_ORDER,6957,BUY,100.06,5
1159,CANCEL_ORDER,6326,,,
1159,ADD_ORDER,6958,SELL,100.05,1
1159,ADD_ORDER,6959,BUY,100.03,2
1159,ADD_ORDER,6960,BUY,100.04,4
1160,ADD_ORDER,6961,SELL,100.12,1
1160,CANCEL_ORDER,5452,,,
1160,ADD_ORDER,6962,SELL,100.04,1
1160,ADD_ORDER,6963,SELL,100.07,2
1160,ADD_ORDER,6964,BUY,100.06,2
1160,ADD_ORDER,6965,SELL,100.07,3
1160,ADD_ORDER,6966,BUY,100.13,1
1161,ADD_ORDER,6967,SELL,100.09,3
1161,ADD_ORDER,6968,SELL,100.09,1
1161,ADD_ORDER,6969,SELL,100.06,5
1161,ADD_ORDER,6970,BUY,100.15,5
1161,ADD_ORDER,6971,SELL,100.06,5
1161,CANCEL_ORDER,4136,,,
1161,ADD_ORDER,6972,SELL,100.05,4
1162,ADD_ORDER,6973,BUY,100.06,2
1162,MARKET_ORDER,6974,BUY,,5
1162,ADD_ORDER,6975,BUY,100.10,3
1162,ADD_ORDER,6976,BUY,100.08,2
1162,ADD_ORDER,6977,BUY,100.07,1
1162,ADD_ORDER,6978,BUY,100.07,2
1163,CANCEL_ORDER,4924,,,
1163,ADD_ORDER,6979,BUY,100.11,3
1163,ADD_ORDER,6980,SELL,100.12,3
1163,ADD_ORDER,6981,BUY,100.08,1
1163,ADD_ORDER,6982,BUY,100.11,1
1163,MARKET_ORDER,6983,SELL,,3
1163,ADD_ORDER,6984,SELL,100.11,5
1164,MARKET_ORDER,6985,SELL,,5
1164,MARKET_ORDER,6986,BUY,,2
1164,ADD_ORDER,6987,SELL,100.14,2
1164,ADD_ORDER,6988,SELL,100.14,3
1164,ADD_ORDER,6989,SELL,100.13,2
1164,CANCEL_ORDER,6730,,,
1164,ADD_ORDER,6990,SELL,100.14,3
1165,CANCEL_ORDER,5506,,,
1165,MARKET_ORDER,6991,SELL,,3
1165,ADD_ORDER,6992,SELL,100.14,3
1165,ADD_ORDER,6993,SELL,100.14,2
1165,ADD_ORDER,6994,BUY,100.13,3
1165,ADD_ORDER,6995,BUY,100.19,1
1165,CANCEL_ORDER,1263,,,
1165,ADD_ORDER,6996,BUY,100.14,3
1166,ADD_ORDER,6997,BUY,100.12,1
1166,ADD_ORDER,6998,BUY,100.11,4
1166,CANCEL_ORDER,4280,,,
1166,ADD_ORDER,6999,BUY,100.11,1
1166,ADD_ORDER,7000,SELL,100.10,3
1166,ADD_ORDER,7001,SELL,100.12,5
1166,ADD_ORDER,7002,BUY,100.13,5
1167,ADD_ORDER,7003,BUY,100.12,1
1167,ADD_ORDER,7004,SELL,100.14,4
1167,CANCEL_ORDER,4794,,,
1167,ADD_ORDER,7005,BUY,100.12,5
1167,MARKET_ORDER,7006,BUY,,3
1167,CANCEL_ORDER,6076,,,
1167,ADD_ORDER,7007,BUY,100.15,1
1167,ADD_ORDER,7008,BUY,100.18,3
1168,ADD_ORDER,7009,BUY,100.13,3
1168,MARKET_ORDER,7010,SELL,,5
1168,ADD_ORDER,7011,SELL,100.13,3
1168,ADD_ORDER,7012,BUY,100.19,3
1168,ADD_ORDER,7013,SELL,100.15,5
1168,ADD_ORDER,7014,BUY,100.13,2
1169,CANCEL_ORDER,6101,,,
1169,ADD_ORDER,7015,SELL,100.13,3
1169,CANCEL_ORDER,2502,,,
1169,ADD_ORDER,7016,SELL,100.15,1
1169,ADD_ORDER,7017,BUY,100.14,5
1169,MARKET_ORDER,7018,BUY,,1
1169,CANCEL_ORDER,3508,,,
1169,ADD_ORDER,7019,BUY,100.12,5
1169,ADD_ORDER,7020,SELL,100.15,1
1170,ADD_ORDER,7021,BUY,100.21,2
1170,MARKET_ORDER,7022,SELL,,1
1170,CANCEL_ORDER,1474,,,
1170,ADD_ORDER,7023,BUY,100.21,5
1170,CANCEL_ORDER,2485,,,
1170,ADD_ORDER,7024,SELL,100.15,1
1170,CANCEL_ORDER,1685,,,
1170,MARKET_ORDER,7025,BUY,,1
1170,MARKET_ORDER,7026,BUY,,4
1171,CANCEL_ORDER,4598,,,
1171,ADD_ORDER,7027,BUY,100.16,5
1171,ADD_ORDER,7028,SELL,100.24,4
1171,CANCEL_ORDER,5290,,,
1171,ADD_ORDER,7029,BUY,100.17,4
1171,ADD_ORDER,7030,BUY,100.16,5
1171,CANCEL_ORDER,1540,,,
1171,MARKET_ORDER,7031,SELL,,2
1171,ADD_ORDER,7032,SELL,100.20,4
1172,CANCEL_ORDER,2235,,,
1172,ADD_ORDER,7033,BUY,100.14,1
1172,ADD_ORDER,7034,SELL,100.22,1
1172,ADD_ORDER,7035,BUY,100.23,2
1172,MARKET_ORDER,7036,SELL,,2
1172,ADD_ORDER,7037,SELL,100.14,5
1172,ADD_ORDER,7038,SELL,100.15,4
1173,MARKET_ORDER,7039,SELL,,2
1173,ADD_ORDER,7040,SELL,100.17,5
1173,ADD_ORDER,7041,BUY,100.15,5
1173,ADD_ORDER,7042,SELL,100.15,4
1173,ADD_ORDER,7043,BUY,100.21,4
1173,ADD_ORDER,7044,BUY,100.13,4
1174,ADD_ORDER,7045,SELL,100.19,2
1174,CANCEL_ORDER,4148,,,
1174,MARKET_ORDER,7046,SELL,,2
1174,CANCEL_ORDER,6993,,,
1174,ADD_ORDER,7047,SELL,100.25,3
1174,CANCEL_ORDER,6233,,,
1174,ADD_ORDER,7048,SELL,100.25,1
1174,ADD_ORDER,7049,SELL,100.16,1
1174,ADD_ORDER,7050,SELL,100.18,1
1175,ADD_ORDER,7051,SELL,100.23,1
1175,ADD_ORDER,7052,SELL,100.19,4
1175,CANCEL_ORDER,5588,,,
1175,ADD_ORDER,7053,BUY,100.20,4
1175,ADD_ORDER,7054,BUY,100.18,5
1175,ADD_ORDER,7055,BUY,100.25,5
1175,CANCEL_ORDER,4373,,,
1175,ADD_ORDER,7056,SELL,100.19,4
1176,ADD_ORDER,7057,BUY,100.15,1
1176,CANCEL_ORDER,6554,,,
1176,ADD_ORDER,7058,SELL,100.16,2
1176,ADD_ORDER,7059,SELL,100.18,5
1176,CANCEL_ORDER,5220,,,
1176,ADD_ORDER,7060,SELL,100.19,4
1176,CANCEL_ORDER,3977,,,
1176,ADD_ORDER,7061,BUY,100.17,4
1176,ADD_ORDER,7062,SELL,100.15,3
1177,ADD_ORDER,7063,BUY,100.24,3
1177,MARKET_ORDER,7064,SELL,,1
1177,ADD_ORDER,7065,BUY,100.25,1
1177,CANCEL_ORDER,3631,,,
1177,MARKET_ORDER,7066,SELL,,5
1177,ADD_ORDER,7067,SELL,100.17,5
1177,ADD_ORDER,7068,SELL,100.17,5
1178,ADD_ORDER,7069,BUY,100.24,5
1178,CANCEL_ORDER,5374,,,
1178,ADD_ORDER,7070,SELL,100.16,3
1178,ADD_ORDER,7071,SELL,100.26,5
1178,ADD_ORDER,7072,BUY,100.23,5
1178,ADD_ORDER,7073,SELL,100.25,3
1178,ADD_ORDER,7074,BUY,100.18,2
1179,ADD_ORDER,7075,BUY,100.17,3
1179,ADD_ORDER,7076,SELL,100.21,3
1179,CANCEL_ORDER,5242,,,
1179,ADD_ORDER,7077,BUY,100.21,1
1179,ADD_ORDER,7078,SELL,100.17,4
1179,ADD_ORDER,7079,SELL,100.17,3
1179,ADD_ORDER,7080,SELL,100.18,5
1180,ADD_ORDER,7081,SELL,100.21,5
1180,ADD_ORDER,7082,SELL,100.25,1
1180,ADD_ORDER,7083,BUY,100.22,3
1180,MARKET_ORDER,7084,SELL,,1
1180,ADD_ORDER,7085,BUY,100.20,4
1180,ADD_ORDER,7086,BUY,100.22,2
1181,CANCEL_ORDER,5267,,,
1181,ADD_ORDER,7087,BUY,100.20,2
1181,ADD_ORDER,7088,SELL,100.25,2
1181,ADD_ORDER,7089,SELL,100.20,3
1181,ADD_ORDER,7090,BUY,100.20,3
1181,ADD_ORDER,7091,SELL,100.22,4
1181,ADD_ORDER,7092,BUY,100.19,3
1182,ADD_ORDER,7093,BUY,100.22,3
1182,ADD_ORDER,7094,BUY,100.21,2
1182,ADD_ORDER,7095,SELL,100.28,1
1182,ADD_ORDER,7096,BUY,100.24,5
1182,ADD_ORDER,7097,SELL,100.21,2
1182,MARKET_ORDER,7098,SELL,,2
1183,CANCEL_ORDER,5843,,,
1183,MARKET_ORDER,7099,BUY,,2
1183,ADD_ORDER,7100,SELL,100.23,4
1183,CANCEL_ORDER,401,,,
1183,ADD_ORDER,7101,BUY,100.23,3
1183,ADD_ORDER,7102,SELL,100.24,3
1183,CANCEL_ORDER,5575,,,
1183,ADD_ORDER,7103,BUY,100.23,2
1183,CANCEL_ORDER,6908,,,
1183,ADD_ORDER,7104,BUY,100.29,3
1184,ADD_ORDER,7105,BUY,100.23,3
1184,ADD_ORDER,7106,SELL,100.23,5
1184,CANCEL_ORDER,5822,,,
1184,ADD_ORDER,7107,SELL,100.26,1
1184,MARKET_ORDER,7108,BUY,,5
1184,ADD_ORDER,7109,SELL,100.28,1
1184,ADD_ORDER,7110,SELL,100.26,2
1185,ADD_ORDER,7111,BUY,100.21,2
1185,ADD_ORDER,7112,SELL,100.22,3
1185,ADD_ORDER,7113,SELL,100.20,5
1185,ADD_ORDER,7114,BUY,100.24,4
1185,ADD_ORDER,7115,BUY,100.28,1
1185,ADD_ORDER,7116,BUY,100.24,5
1186,ADD_ORDER,7117,SELL,100.25,2
1186,ADD_ORDER,7118,BUY,100.30,4
1186,CANCEL_ORDER,1573,,,
1186,MARKET_ORDER,7119,BUY,,3
1186,CANCEL_ORDER,3962,,,
1186,ADD_ORDER,7120,BUY,100.23,1
1186,ADD_ORDER,7121,BUY,100.25,4
1186,ADD_ORDER,7122,BUY,100.31,2
1187,MARKET_ORDER,7123,BUY,,4
1187,ADD_ORDER,7124,BUY,100.32,3
1187,ADD_ORDER,7125,BUY,100.22,3
1187,CANCEL_ORDER,1928,,,
1187,ADD_ORDER,7126,SELL,100.23,1
1187,CANCEL_ORDER,3722,,,
1187,MARKET_ORDER,7127,BUY,,2
1187,ADD_ORDER,7128,BUY,100.30,3
1188,ADD_ORDER,7129,BUY,100.19,1
1188,ADD_ORDER,7130,BUY,100.19,1
1188,CANCEL_ORDER,1694,,,
1188,ADD_ORDER,7131,SELL,100.23,1
1188,MARKET_ORDER,7132,BUY,,3
1188,ADD_ORDER,7133,BUY,100.22,3
1188,MARKET_ORDER,7134,SELL,,4
1189,MARKET_ORDER,7135,BUY,,4
1189,ADD_ORDER,7136,SELL,100.18,3
1189,CANCEL_ORDER,6270,,,
1189,ADD_ORDER,7137,BUY,100.21,1
1189,ADD_ORDER,7138,SELL,100.18,1
1189,ADD_ORDER,7139,SELL,100.21,2
1189,CANCEL_ORDER,5521,,,
1189,ADD_ORDER,7140,SELL,100.19,4
1190,ADD_ORDER,7141,SELL,100.17,2
1190,ADD_ORDER,7142,SELL,100.19,2
1190,ADD_ORDER,7143,SELL,100.18,5
1190,MARKET_ORDER,7144,SELL,,5
1190,ADD_ORDER,7145,BUY,100.18,2
1190,CANCEL_ORDER,3929,,,
1190,ADD_ORDER,7146,SELL,100.24,5
1191,CANCEL_ORDER,951,,,
1191,ADD_ORDER,7147,BUY,100.17,2
1191,ADD_ORDER,7148,SELL,100.17,1
1191,ADD_ORDER,7149,BUY,100.14,4
1191,CANCEL_ORDER,4322,,,
1191,ADD_ORDER,7150,BUY,100.18,4
1191,ADD_ORDER,7151,BUY,100.16,4
1191,ADD_ORDER,7152,SELL,100.14,5
1192,MARKET_ORDER,7153,SELL,,4
1192,ADD_ORDER,7154,SELL,100.10,1
1192,MARKET_ORDER,7155,BUY,,2
1192,ADD_ORDER,7156,BUY,100.18,3
1192,ADD_ORDER,7157,BUY,100.10,2
1192,ADD_ORDER,7158,BUY,100.12,1
1193,ADD_ORDER,7159,SELL,100.12,1
1193,ADD_ORDER,7160,SELL,100.14,3
1193,CANCEL_ORDER,5109,,,
1193,ADD_ORDER,7161,BUY,100.18,3
1193,MARKET_ORDER,7162,BUY,,5
1193,ADD_ORDER,7163,BUY,100.14,3
1193,CANCEL_ORDER,4987,,,
1193,ADD_ORDER,7164,BUY,100.14,1
1194,ADD_ORDER,7165,SELL,100.14,1
1194,ADD_ORDER,7166,SELL,100.19,3
1194,ADD_ORDER,7167,SELL,100.11,4
1194,ADD_ORDER,7168,BUY,100.11,3
1194,ADD_ORDER,7169,BUY,100.19,5
1194,ADD_ORDER,7170,BUY,100.13,2
1195,ADD_ORDER,7171,BUY,100.11,4
1195,ADD_ORDER,7172,BUY,100.15,1
1195,CANCEL_ORDER,3337,,,
1195,ADD_ORDER,7173,SELL,100.13,1
1195,CANCEL_ORDER,1647,,,
1195,ADD_ORDER,7174,BUY,100.13,5
1195,ADD_ORDER,7175,SELL,100.21,1
1195,ADD_ORDER,7176,BUY,100.13,1
1196,ADD_ORDER,7177,BUY,100.14,3
1196,CANCEL_ORDER,2505,,,
1196,ADD_ORDER,7178,SELL,100.12,3
1196,CANCEL_ORDER,68,,,
1196,ADD_ORDER,7179,SELL,100.15,1
1196,ADD_ORDER,7180,SELL,100.11,3
1196,ADD_ORDER,7181,BUY,100.14,2
1196,ADD_ORDER,7182,SELL,100.13,2
1197,MARKET_ORDER,7183,SELL,,4
1197,CANCEL_ORDER,6109,,,
1197,ADD_ORDER,7184,BUY,100.15,1
1197,ADD_ORDER,7185,SELL,100.16,5
1197,CANCEL_ORDER,4381,,,
1197,ADD_ORDER,7186,BUY,100.16,2
1197,ADD_ORDER,7187,BUY,100.13,3
1197,ADD_ORDER,7188,BUY,100.13,1
1198,ADD_ORDER,7189,SELL,100.18,2
1198,MARKET_ORDER,7190,SELL,,3
1198,MARKET_ORDER,7191,SELL,,2
1198,ADD_ORDER,7192,SELL,100.15,4
1198,ADD_ORDER,7193,SELL,100.21,3
1198,ADD_ORDER,7194,SELL,100.18,2
1199,CANCEL_ORDER,3315,,,
1199,ADD_ORDER,7195,BUY,100.18,2
1199,ADD_ORDER,7196,BUY,100.12,5
1199,ADD_ORDER,7197,BUY,100.15,4
1199,ADD_ORDER,7198,BUY,100.12,3
1199,MARKET_ORDER,7199,BUY,,2
1199,ADD_ORDER,7200,BUY,100.12,4
